# 3ds Max Wavefront OBJ Exporter v0.97b - (c)2007 guruware
# File Created: 29.12.2016 14:29:44

mtllib Compile Shelving System_V3.mtl

#
# object Block_Compile_Shelving_System___Shelve
#

v  575.0000 755.6134 31.4962
v  575.0000 755.6134 397.4962
v  -575.0000 755.6134 397.4962
v  -575.0000 755.6134 31.4962
v  545.0000 755.6134 427.4962
v  -545.0000 755.6134 427.4962
v  -569.2705 755.6134 415.1298
v  -573.5317 755.6134 406.7668
v  -554.2705 755.6134 426.0280
v  -562.6335 755.6134 421.7668
v  573.5317 755.6134 406.7668
v  569.2705 755.6134 415.1298
v  562.6335 755.6134 421.7668
v  554.2705 755.6134 426.0280
v  575.0000 757.6134 397.4962
v  573.5317 757.6134 406.7668
v  569.2705 757.6134 415.1298
v  562.6335 757.6134 421.7668
v  554.2705 757.6134 426.0280
v  545.0000 757.6134 427.4962
v  575.0000 757.6134 31.4962
v  575.0000 756.1493 29.4962
v  575.0000 757.6134 28.0321
v  575.0000 758.6134 29.7642
v  575.0000 757.8813 30.4962
v  575.0000 759.6134 27.4962
v  575.0000 759.6134 29.4962
v  575.0000 795.6134 27.4962
v  575.0000 795.6134 29.4962
v  -575.0000 759.6134 27.4962
v  -575.0000 757.6134 28.0321
v  -575.0000 756.1493 29.4962
v  -575.0000 757.6134 397.4962
v  -575.0000 757.6134 31.4962
v  -575.0000 757.8813 30.4962
v  -575.0000 758.6134 29.7642
v  -575.0000 759.6134 29.4962
v  -575.0000 795.6134 29.4962
v  -575.0000 795.6134 27.4962
v  -545.0000 757.6134 427.4962
v  -554.2705 757.6134 426.0280
v  -562.6335 757.6134 421.7668
v  -569.2705 757.6134 415.1298
v  -573.5317 757.6134 406.7668
v  -573.5317 804.8839 27.4962
v  -569.2705 813.2469 27.4962
v  573.5317 804.8839 27.4962
v  -562.6335 819.8839 27.4962
v  569.2705 813.2469 27.4962
v  -545.0000 825.6134 27.4962
v  562.6335 819.8839 27.4962
v  545.0000 825.6134 27.4962
v  554.2705 824.1451 27.4962
v  -554.2705 824.1451 27.4962
v  -573.5317 804.8839 29.4962
v  -569.2705 813.2469 29.4962
v  -562.6335 819.8839 29.4962
v  -554.2705 824.1451 29.4962
v  -545.0000 825.6134 29.4962
v  545.0000 825.6134 29.4962
v  554.2705 824.1451 29.4962
v  562.6335 819.8839 29.4962
v  569.2705 813.2469 29.4962
v  573.5317 804.8839 29.4962
# 64 vertices

vn 0.0000 -0.9914 -0.1305
vn 0.0000 -1.0000 -0.0000
vn 0.9969 0.0000 0.0785
vn 0.9511 0.0000 0.3090
vn 0.8090 0.0000 0.5878
vn 0.5878 0.0000 0.8090
vn 0.3090 0.0000 0.9511
vn 0.0785 0.0000 0.9969
vn 1.0000 0.0000 -0.0000
vn 0.9969 0.0785 -0.0000
vn 0.0000 -0.1305 -0.9914
vn 0.0000 -0.2588 -0.9659
vn 0.0000 -0.7071 -0.7071
vn 0.0000 -0.9659 -0.2588
vn -0.9969 0.0000 0.0785
vn -1.0000 0.0000 -0.0000
vn -0.9969 0.0785 -0.0000
vn -0.0785 0.0000 0.9969
vn -0.3090 0.0000 0.9511
vn -0.5878 0.0000 0.8090
vn -0.8090 0.0000 0.5878
vn -0.9511 0.0000 0.3090
vn 0.0000 1.0000 -0.0000
vn 0.0000 0.9914 0.1305
vn 0.0000 0.0000 -1.0000
vn 0.0000 0.9659 0.2588
vn 0.0000 0.7071 0.7071
vn 0.0000 0.2588 0.9659
vn 0.0000 0.1305 0.9914
vn -0.9511 0.3090 -0.0000
vn -0.8090 0.5878 -0.0000
vn -0.5878 0.8090 -0.0000
vn -0.3090 0.9511 -0.0000
vn -0.0785 0.9969 -0.0000
vn 0.0785 0.9969 -0.0000
vn 0.3090 0.9511 -0.0000
vn 0.5878 0.8090 -0.0000
vn 0.8090 0.5878 -0.0000
vn 0.9511 0.3090 -0.0000
vn 0.0000 0.0000 1.0000
# 40 vertex normals

vt -1149.0000 368.5423 19.8644
vt -1149.0000 3.0685 39.4832
vt 1.0000 3.0685 39.4832
vt 1.0000 368.5423 19.8644
vt -1119.0000 -26.8884 41.0913
vt -29.0000 -26.8884 41.0913
vt -4.7295 -14.5397 40.4285
vt -0.4683 -6.1887 39.9802
vt -19.7295 -25.4222 41.0126
vt -11.3665 -21.1671 40.7842
vt -1147.5317 -6.1887 39.9802
vt -1143.2705 -14.5397 40.4285
vt -1136.6335 -21.1671 40.7842
vt -1128.2705 -25.4222 41.0126
vt 3.1757 41.4804 1150.0000
vt -6.0815 41.9773 1148.5317
vt -6.1887 39.9802 1148.5317
vt 3.0685 39.4832 1150.0000
vt -14.4325 42.4256 1144.2705
vt -14.5397 40.4285 1144.2705
vt 1137.6335 42.7813 -21.0599
vt 1137.6335 40.7842 -21.1671
vt 1129.2705 43.0098 -25.3150
vt 1129.2705 41.0126 -25.4222
vt 1120.0000 43.0885 -26.7812
vt 1120.0000 41.0913 -26.8884
vt 368.5423 19.8644 1150.0000
vt 368.6495 21.8615 1150.0000
vt 370.5681 20.2923 1150.0000
vt 372.1086 21.6758 1150.0000
vt 370.4326 22.7672 1150.0000
vt 369.6624 22.0755 1150.0000
vt 372.7509 23.6442 1150.0000
vt 370.7538 23.7514 1150.0000
vt 374.6807 59.5924 1150.0000
vt 372.6835 59.6997 1150.0000
vt 1.0000 23.6442 372.7509
vt -1149.0000 23.6442 372.7509
vt -1149.0000 21.6758 372.1086
vt 1.0000 21.6758 372.1086
vt -1149.0000 370.5681 20.2923
vt 1.0000 370.5681 20.2923
vt -2.1757 41.4804 0.0000
vt -367.6495 21.8615 0.0000
vt -367.5423 19.8644 0.0000
vt -2.0685 39.4832 0.0000
vt -371.1086 21.6758 0.0000
vt -369.5681 20.2923 0.0000
vt -368.6624 22.0755 0.0000
vt -369.4326 22.7672 0.0000
vt -369.7538 23.7514 0.0000
vt -371.7509 23.6442 0.0000
vt -371.6835 59.6997 0.0000
vt -373.6807 59.5924 0.0000
vt 30.0000 41.0913 -26.8884
vt 30.0000 43.0885 -26.7812
vt 20.7295 43.0098 -25.3150
vt 20.7295 41.0126 -25.4222
vt 22.0599 42.7813 12.3665
vt 22.1671 40.7842 12.3665
vt 15.4325 42.4256 5.7295
vt 15.5397 40.4285 5.7295
vt 7.0815 41.9773 1.4683
vt 7.1887 39.9802 1.4683
vt 1.4683 -6.0815 41.9773
vt 5.7295 -14.4325 42.4256
vt 30.0000 -26.7812 43.0885
vt 0.0000 3.1757 41.4804
vt 1120.0000 -26.7812 43.0885
vt 1150.0000 3.1757 41.4804
vt 1150.0000 368.6495 21.8615
vt 0.0000 368.6495 21.8615
vt 12.3665 -21.0599 42.7813
vt 20.7295 -25.3150 43.0098
vt 1144.2705 -14.4325 42.4256
vt 1148.5317 -6.0815 41.9773
vt 1129.2705 -25.3150 43.0098
vt 1137.6335 -21.0599 42.7813
vt 1.0000 59.5924 374.6807
vt -0.4683 68.8496 375.1776
vt -1149.0000 59.5924 374.6807
vt -4.7295 77.2007 375.6259
vt -1147.5317 68.8496 375.1776
vt -11.3665 83.8281 375.9816
vt -1143.2705 77.2007 375.6259
vt -29.0000 89.5493 376.2888
vt -1136.6335 83.8281 375.9816
vt -1119.0000 89.5493 376.2888
vt -1128.2705 88.0831 376.2101
vt -19.7295 88.0831 376.2101
vt 1150.0000 22.0755 369.6624
vt 0.0000 22.0755 369.6624
vt 1150.0000 22.7672 370.4326
vt 0.0000 22.7672 370.4326
vt 1150.0000 23.7514 370.7538
vt 0.0000 23.7514 370.7538
vt -372.1805 68.9568 1.4683
vt -374.1776 68.8496 1.4683
vt -372.6288 77.3079 5.7295
vt -374.6259 77.2007 5.7295
vt 12.3665 373.9845 83.9353
vt 12.3665 375.9816 83.8281
vt 20.7295 374.2129 88.1903
vt 20.7295 376.2101 88.0831
vt 30.0000 374.2916 89.6565
vt 30.0000 376.2888 89.5493
vt 1120.0000 374.2916 89.6565
vt 1120.0000 376.2888 89.5493
vt 1129.2705 374.2129 88.1903
vt 1129.2705 376.2101 88.0831
vt 373.9845 83.9353 1137.6335
vt 375.9816 83.8281 1137.6335
vt 373.6288 77.3079 1144.2705
vt 375.6259 77.2007 1144.2705
vt 373.1805 68.9568 1148.5317
vt 375.1776 68.8496 1148.5317
vt 1150.0000 59.6997 372.6835
vt 0.0000 59.6997 372.6835
vt 1148.5317 68.9568 373.1805
vt 1.4683 68.9568 373.1805
vt 1144.2705 77.3079 373.6288
vt 5.7295 77.3079 373.6288
vt 1137.6335 83.9353 373.9845
vt 12.3665 83.9353 373.9845
vt 1120.0000 89.6565 374.2916
vt 30.0000 89.6565 374.2916
vt 1129.2705 88.1903 374.2129
vt 20.7295 88.1903 374.2129
# 128 texture coords

g Block_Compile_Shelving_System___Shelve
usemtl wire_255255255
s 1
f 1/1/1 2/2/2 3/3/2 4/4/1 
f 3/3/2 2/2/2 5/5/2 6/6/2 
f 3/3/2 6/6/2 7/7/2 8/8/2 
f 7/7/2 6/6/2 9/9/2 10/10/2 
f 5/5/2 2/2/2 11/11/2 12/12/2 
f 12/12/2 13/13/2 14/14/2 5/5/2 
s 2
f 15/15/3 16/16/4 11/17/4 2/18/3 
f 11/17/4 16/16/4 17/19/5 12/20/5 
f 12/20/5 17/19/5 18/21/6 13/22/6 
f 13/22/6 18/21/6 19/23/7 14/24/7 
f 14/24/7 19/23/7 20/25/8 5/26/8 
f 15/15/3 2/18/3 1/27/9 21/28/9 
f 21/28/9 1/27/9 22/29/9 23/30/9 
f 21/28/9 23/30/9 24/31/9 25/32/9 
f 24/31/9 23/30/9 26/33/9 27/34/9 
f 27/34/9 26/33/9 28/35/10 29/36/10 
s 1
f 30/37/11 26/38/11 23/39/12 31/40/12 
s 4
f 31/40/13 23/39/13 22/41/13 32/42/13 
s 1
f 32/42/14 22/41/14 1/1/1 4/4/1 
s 2
f 33/43/15 34/44/16 4/45/16 3/46/15 
f 4/45/16 34/44/16 31/47/16 32/48/16 
f 31/47/16 34/44/16 35/49/16 36/50/16 
f 31/47/16 36/50/16 37/51/16 30/52/16 
f 30/52/16 37/51/16 38/53/17 39/54/17 
f 6/55/18 40/56/18 41/57/19 9/58/19 
f 9/58/19 41/57/19 42/59/20 10/60/20 
f 10/60/20 42/59/20 43/61/21 7/62/21 
f 7/62/21 43/61/21 44/63/22 8/64/22 
f 8/64/22 44/63/22 33/43/15 3/46/15 
f 6/55/18 5/26/8 20/25/8 40/56/18 
s 1
f 44/65/23 43/66/23 40/67/23 33/68/23 
f 33/68/23 40/67/23 20/69/23 15/70/23 
f 33/68/23 15/70/23 21/71/24 34/72/24 
f 40/67/23 43/66/23 42/73/23 41/74/23 
f 15/70/23 20/69/23 17/75/23 16/76/23 
f 17/75/23 20/69/23 19/77/23 18/78/23 
f 30/37/11 39/79/25 45/80/25 28/81/25 
f 28/81/25 45/80/25 46/82/25 47/83/25 
f 47/83/25 46/82/25 48/84/25 49/85/25 
f 49/85/25 48/84/25 50/86/25 51/87/25 
f 51/87/25 50/86/25 52/88/25 53/89/25 
f 48/84/25 54/90/25 50/86/25 
f 28/81/25 26/38/11 30/37/11 
f 34/72/24 21/71/24 25/91/26 35/92/26 
s 4
f 35/92/27 25/91/27 24/93/27 36/94/27 
s 1
f 36/94/28 24/93/28 27/95/29 37/96/29 
s 2
f 38/53/17 55/97/30 45/98/30 39/54/17 
f 45/98/30 55/97/30 56/99/31 46/100/31 
f 46/100/31 56/99/31 57/101/32 48/102/32 
f 48/102/32 57/101/32 58/103/33 54/104/33 
f 54/104/33 58/103/33 59/105/34 50/106/34 
f 50/106/34 59/105/34 60/107/35 52/108/35 
f 52/108/35 60/107/35 61/109/36 53/110/36 
f 53/110/36 61/109/36 62/111/37 51/112/37 
f 51/112/37 62/111/37 63/113/38 49/114/38 
f 49/114/38 63/113/38 64/115/39 47/116/39 
f 47/116/39 64/115/39 29/36/10 28/35/10 
s 1
f 27/95/29 29/117/40 38/118/40 37/96/29 
f 38/118/40 29/117/40 64/119/40 55/120/40 
f 55/120/40 64/119/40 63/121/40 56/122/40 
f 56/122/40 63/121/40 62/123/40 57/124/40 
f 57/124/40 62/123/40 60/125/40 59/126/40 
f 60/125/40 62/123/40 61/127/40 
f 59/126/40 58/128/40 57/124/40 
# 60 polygons - 4 triangles

#
# object Block_Compile_Shelving_System___Shelve
#

v  575.0000 545.6134 31.4962
v  575.0000 545.6134 397.4962
v  -575.0000 545.6134 397.4962
v  -575.0000 545.6134 31.4962
v  545.0000 545.6134 427.4962
v  -545.0000 545.6134 427.4962
v  -569.2705 545.6134 415.1298
v  -573.5317 545.6134 406.7668
v  -554.2705 545.6134 426.0280
v  -562.6335 545.6134 421.7668
v  573.5317 545.6134 406.7668
v  569.2705 545.6134 415.1298
v  562.6335 545.6134 421.7668
v  554.2705 545.6134 426.0280
v  575.0000 547.6134 397.4962
v  573.5317 547.6134 406.7668
v  569.2705 547.6134 415.1298
v  562.6335 547.6134 421.7668
v  554.2705 547.6134 426.0280
v  545.0000 547.6134 427.4962
v  575.0000 547.6134 31.4962
v  575.0000 546.1493 29.4962
v  575.0000 547.6134 28.0321
v  575.0000 548.6134 29.7642
v  575.0000 547.8813 30.4962
v  575.0000 549.6134 27.4962
v  575.0000 549.6134 29.4962
v  575.0000 585.6134 27.4962
v  575.0000 585.6134 29.4962
v  -575.0000 549.6134 27.4962
v  -575.0000 547.6134 28.0321
v  -575.0000 546.1493 29.4962
v  -575.0000 547.6134 397.4962
v  -575.0000 547.6134 31.4962
v  -575.0000 547.8813 30.4962
v  -575.0000 548.6134 29.7642
v  -575.0000 549.6134 29.4962
v  -575.0000 585.6134 29.4962
v  -575.0000 585.6134 27.4962
v  -545.0000 547.6134 427.4962
v  -554.2705 547.6134 426.0280
v  -562.6335 547.6134 421.7668
v  -569.2705 547.6134 415.1298
v  -573.5317 547.6134 406.7668
v  -573.5317 594.8839 27.4962
v  -569.2705 603.2469 27.4962
v  573.5317 594.8839 27.4962
v  -562.6335 609.8839 27.4962
v  569.2705 603.2469 27.4962
v  -545.0000 615.6134 27.4962
v  562.6335 609.8839 27.4962
v  545.0000 615.6134 27.4962
v  554.2705 614.1451 27.4962
v  -554.2705 614.1451 27.4962
v  -573.5317 594.8839 29.4962
v  -569.2705 603.2469 29.4962
v  -562.6335 609.8839 29.4962
v  -554.2705 614.1451 29.4962
v  -545.0000 615.6134 29.4962
v  545.0000 615.6134 29.4962
v  554.2705 614.1451 29.4962
v  562.6335 609.8839 29.4962
v  569.2705 603.2469 29.4962
v  573.5317 594.8839 29.4962
# 64 vertices

vn 0.0000 -0.9914 -0.1305
vn 0.0000 -1.0000 -0.0000
vn 0.9969 0.0000 0.0785
vn 0.9511 0.0000 0.3090
vn 0.8090 0.0000 0.5878
vn 0.5878 0.0000 0.8090
vn 0.3090 0.0000 0.9511
vn 0.0785 0.0000 0.9969
vn 1.0000 0.0000 -0.0000
vn 0.9969 0.0785 -0.0000
vn 0.0000 -0.1305 -0.9914
vn 0.0000 -0.2588 -0.9659
vn 0.0000 -0.7071 -0.7071
vn 0.0000 -0.9659 -0.2588
vn -0.9969 0.0000 0.0785
vn -1.0000 0.0000 -0.0000
vn -0.9969 0.0785 -0.0000
vn -0.0785 0.0000 0.9969
vn -0.3090 0.0000 0.9511
vn -0.5878 0.0000 0.8090
vn -0.8090 0.0000 0.5878
vn -0.9511 0.0000 0.3090
vn 0.0000 1.0000 -0.0000
vn 0.0000 0.9914 0.1305
vn 0.0000 0.0000 -1.0000
vn 0.0000 0.9659 0.2588
vn 0.0000 0.7071 0.7071
vn 0.0000 0.2588 0.9659
vn 0.0000 0.1305 0.9914
vn -0.9511 0.3090 -0.0000
vn -0.8090 0.5878 -0.0000
vn -0.5878 0.8090 -0.0000
vn -0.3090 0.9511 -0.0000
vn -0.0785 0.9969 -0.0000
vn 0.0785 0.9969 -0.0000
vn 0.3090 0.9511 -0.0000
vn 0.5878 0.8090 -0.0000
vn 0.8090 0.5878 -0.0000
vn 0.9511 0.3090 -0.0000
vn 0.0000 0.0000 1.0000
# 40 vertex normals

vt -1149.0000 368.5423 19.8644
vt -1149.0000 3.0685 39.4832
vt 1.0000 3.0685 39.4832
vt 1.0000 368.5423 19.8644
vt -1119.0000 -26.8884 41.0913
vt -29.0000 -26.8884 41.0913
vt -4.7295 -14.5397 40.4285
vt -0.4683 -6.1887 39.9802
vt -19.7295 -25.4222 41.0126
vt -11.3665 -21.1671 40.7842
vt -1147.5317 -6.1887 39.9802
vt -1143.2705 -14.5397 40.4285
vt -1136.6335 -21.1671 40.7842
vt -1128.2705 -25.4222 41.0126
vt 3.1757 41.4804 1150.0000
vt -6.0815 41.9773 1148.5317
vt -6.1887 39.9802 1148.5317
vt 3.0685 39.4832 1150.0000
vt -14.4325 42.4256 1144.2705
vt -14.5397 40.4285 1144.2705
vt 1137.6335 42.7813 -21.0599
vt 1137.6335 40.7842 -21.1671
vt 1129.2705 43.0098 -25.3150
vt 1129.2705 41.0126 -25.4222
vt 1120.0000 43.0885 -26.7812
vt 1120.0000 41.0913 -26.8884
vt 368.5423 19.8644 1150.0000
vt 368.6495 21.8615 1150.0000
vt 370.5681 20.2923 1150.0000
vt 372.1086 21.6758 1150.0000
vt 370.4326 22.7672 1150.0000
vt 369.6624 22.0755 1150.0000
vt 372.7509 23.6442 1150.0000
vt 370.7538 23.7514 1150.0000
vt 374.6807 59.5924 1150.0000
vt 372.6835 59.6997 1150.0000
vt 1.0000 23.6442 372.7509
vt -1149.0000 23.6442 372.7509
vt -1149.0000 21.6758 372.1086
vt 1.0000 21.6758 372.1086
vt -1149.0000 370.5681 20.2923
vt 1.0000 370.5681 20.2923
vt -2.1757 41.4804 0.0000
vt -367.6495 21.8615 0.0000
vt -367.5423 19.8644 0.0000
vt -2.0685 39.4832 0.0000
vt -371.1086 21.6758 0.0000
vt -369.5681 20.2923 0.0000
vt -368.6624 22.0755 0.0000
vt -369.4326 22.7672 0.0000
vt -369.7538 23.7514 0.0000
vt -371.7509 23.6442 0.0000
vt -371.6835 59.6997 0.0000
vt -373.6807 59.5924 0.0000
vt 30.0000 41.0913 -26.8884
vt 30.0000 43.0885 -26.7812
vt 20.7295 43.0098 -25.3150
vt 20.7295 41.0126 -25.4222
vt 22.0599 42.7813 12.3665
vt 22.1671 40.7842 12.3665
vt 15.4325 42.4256 5.7295
vt 15.5397 40.4285 5.7295
vt 7.0815 41.9773 1.4683
vt 7.1887 39.9802 1.4683
vt 1.4683 -6.0815 41.9773
vt 5.7295 -14.4325 42.4256
vt 30.0000 -26.7812 43.0885
vt 0.0000 3.1757 41.4804
vt 1120.0000 -26.7812 43.0885
vt 1150.0000 3.1757 41.4804
vt 1150.0000 368.6495 21.8615
vt 0.0000 368.6495 21.8615
vt 12.3665 -21.0599 42.7813
vt 20.7295 -25.3150 43.0098
vt 1144.2705 -14.4325 42.4256
vt 1148.5317 -6.0815 41.9773
vt 1129.2705 -25.3150 43.0098
vt 1137.6335 -21.0599 42.7813
vt 1.0000 59.5924 374.6807
vt -0.4683 68.8496 375.1776
vt -1149.0000 59.5924 374.6807
vt -4.7295 77.2007 375.6259
vt -1147.5317 68.8496 375.1776
vt -11.3665 83.8281 375.9816
vt -1143.2705 77.2007 375.6259
vt -29.0000 89.5493 376.2888
vt -1136.6335 83.8281 375.9816
vt -1119.0000 89.5493 376.2888
vt -1128.2705 88.0831 376.2101
vt -19.7295 88.0831 376.2101
vt 1150.0000 22.0755 369.6624
vt 0.0000 22.0755 369.6624
vt 1150.0000 22.7672 370.4326
vt 0.0000 22.7672 370.4326
vt 1150.0000 23.7514 370.7538
vt 0.0000 23.7514 370.7538
vt -372.1805 68.9568 1.4683
vt -374.1776 68.8496 1.4683
vt -372.6288 77.3079 5.7295
vt -374.6259 77.2007 5.7295
vt 12.3665 373.9845 83.9353
vt 12.3665 375.9816 83.8281
vt 20.7295 374.2129 88.1903
vt 20.7295 376.2101 88.0831
vt 30.0000 374.2916 89.6565
vt 30.0000 376.2888 89.5493
vt 1120.0000 374.2916 89.6565
vt 1120.0000 376.2888 89.5493
vt 1129.2705 374.2129 88.1903
vt 1129.2705 376.2101 88.0831
vt 373.9845 83.9353 1137.6335
vt 375.9816 83.8281 1137.6335
vt 373.6288 77.3079 1144.2705
vt 375.6259 77.2007 1144.2705
vt 373.1805 68.9568 1148.5317
vt 375.1776 68.8496 1148.5317
vt 1150.0000 59.6997 372.6835
vt 0.0000 59.6997 372.6835
vt 1148.5317 68.9568 373.1805
vt 1.4683 68.9568 373.1805
vt 1144.2705 77.3079 373.6288
vt 5.7295 77.3079 373.6288
vt 1137.6335 83.9353 373.9845
vt 12.3665 83.9353 373.9845
vt 1120.0000 89.6565 374.2916
vt 30.0000 89.6565 374.2916
vt 1129.2705 88.1903 374.2129
vt 20.7295 88.1903 374.2129
# 128 texture coords

g Block_Compile_Shelving_System___Shelve
usemtl wire_255255255
s 1
f 65/129/41 66/130/42 67/131/42 68/132/41 
f 67/131/42 66/130/42 69/133/42 70/134/42 
f 67/131/42 70/134/42 71/135/42 72/136/42 
f 71/135/42 70/134/42 73/137/42 74/138/42 
f 69/133/42 66/130/42 75/139/42 76/140/42 
f 76/140/42 77/141/42 78/142/42 69/133/42 
s 2
f 79/143/43 80/144/44 75/145/44 66/146/43 
f 75/145/44 80/144/44 81/147/45 76/148/45 
f 76/148/45 81/147/45 82/149/46 77/150/46 
f 77/150/46 82/149/46 83/151/47 78/152/47 
f 78/152/47 83/151/47 84/153/48 69/154/48 
f 79/143/43 66/146/43 65/155/49 85/156/49 
f 85/156/49 65/155/49 86/157/49 87/158/49 
f 85/156/49 87/158/49 88/159/49 89/160/49 
f 88/159/49 87/158/49 90/161/49 91/162/49 
f 91/162/49 90/161/49 92/163/50 93/164/50 
s 1
f 94/165/51 90/166/51 87/167/52 95/168/52 
s 4
f 95/168/53 87/167/53 86/169/53 96/170/53 
s 1
f 96/170/54 86/169/54 65/129/41 68/132/41 
s 2
f 97/171/55 98/172/56 68/173/56 67/174/55 
f 68/173/56 98/172/56 95/175/56 96/176/56 
f 95/175/56 98/172/56 99/177/56 100/178/56 
f 95/175/56 100/178/56 101/179/56 94/180/56 
f 94/180/56 101/179/56 102/181/57 103/182/57 
f 70/183/58 104/184/58 105/185/59 73/186/59 
f 73/186/59 105/185/59 106/187/60 74/188/60 
f 74/188/60 106/187/60 107/189/61 71/190/61 
f 71/190/61 107/189/61 108/191/62 72/192/62 
f 72/192/62 108/191/62 97/171/55 67/174/55 
f 70/183/58 69/154/48 84/153/48 104/184/58 
s 1
f 108/193/63 107/194/63 104/195/63 97/196/63 
f 97/196/63 104/195/63 84/197/63 79/198/63 
f 97/196/63 79/198/63 85/199/64 98/200/64 
f 104/195/63 107/194/63 106/201/63 105/202/63 
f 79/198/63 84/197/63 81/203/63 80/204/63 
f 81/203/63 84/197/63 83/205/63 82/206/63 
f 94/165/51 103/207/65 109/208/65 92/209/65 
f 92/209/65 109/208/65 110/210/65 111/211/65 
f 111/211/65 110/210/65 112/212/65 113/213/65 
f 113/213/65 112/212/65 114/214/65 115/215/65 
f 115/215/65 114/214/65 116/216/65 117/217/65 
f 112/212/65 118/218/65 114/214/65 
f 92/209/65 90/166/51 94/165/51 
f 98/200/64 85/199/64 89/219/66 99/220/66 
s 4
f 99/220/67 89/219/67 88/221/67 100/222/67 
s 1
f 100/222/68 88/221/68 91/223/69 101/224/69 
s 2
f 102/181/57 119/225/70 109/226/70 103/182/57 
f 109/226/70 119/225/70 120/227/71 110/228/71 
f 110/228/71 120/227/71 121/229/72 112/230/72 
f 112/230/72 121/229/72 122/231/73 118/232/73 
f 118/232/73 122/231/73 123/233/74 114/234/74 
f 114/234/74 123/233/74 124/235/75 116/236/75 
f 116/236/75 124/235/75 125/237/76 117/238/76 
f 117/238/76 125/237/76 126/239/77 115/240/77 
f 115/240/77 126/239/77 127/241/78 113/242/78 
f 113/242/78 127/241/78 128/243/79 111/244/79 
f 111/244/79 128/243/79 93/164/50 92/163/50 
s 1
f 91/223/69 93/245/80 102/246/80 101/224/69 
f 102/246/80 93/245/80 128/247/80 119/248/80 
f 119/248/80 128/247/80 127/249/80 120/250/80 
f 120/250/80 127/249/80 126/251/80 121/252/80 
f 121/252/80 126/251/80 124/253/80 123/254/80 
f 124/253/80 126/251/80 125/255/80 
f 123/254/80 122/256/80 121/252/80 
# 60 polygons - 4 triangles

#
# object Block_Compile_Shelving_System___Shelve
#

v  575.0000 146.2098 31.4962
v  575.0000 146.2098 397.4962
v  -575.0000 146.2098 397.4962
v  -575.0000 146.2098 31.4962
v  545.0000 146.2098 427.4962
v  -545.0000 146.2098 427.4962
v  -569.2705 146.2098 415.1298
v  -573.5317 146.2098 406.7668
v  -554.2705 146.2098 426.0280
v  -562.6335 146.2098 421.7668
v  573.5317 146.2098 406.7668
v  569.2705 146.2098 415.1298
v  562.6335 146.2098 421.7668
v  554.2705 146.2098 426.0280
v  575.0000 148.2098 397.4962
v  573.5317 148.2098 406.7668
v  569.2705 148.2098 415.1298
v  562.6335 148.2098 421.7668
v  554.2705 148.2098 426.0280
v  545.0000 148.2098 427.4962
v  575.0000 148.2098 31.4962
v  575.0000 146.7457 29.4962
v  575.0000 148.2098 28.0321
v  575.0000 149.2098 29.7642
v  575.0000 148.4778 30.4962
v  575.0000 150.2098 27.4962
v  575.0000 150.2098 29.4962
v  575.0000 186.2098 27.4962
v  575.0000 186.2098 29.4962
v  -575.0000 150.2098 27.4962
v  -575.0000 148.2098 28.0321
v  -575.0000 146.7457 29.4962
v  -575.0000 148.2098 397.4962
v  -575.0000 148.2098 31.4962
v  -575.0000 148.4778 30.4962
v  -575.0000 149.2098 29.7642
v  -575.0000 150.2098 29.4962
v  -575.0000 186.2098 29.4962
v  -575.0000 186.2098 27.4962
v  -545.0000 148.2098 427.4962
v  -554.2705 148.2098 426.0280
v  -562.6335 148.2098 421.7668
v  -569.2705 148.2098 415.1298
v  -573.5317 148.2098 406.7668
v  -573.5317 195.4803 27.4962
v  -569.2705 203.8434 27.4962
v  573.5317 195.4803 27.4962
v  -562.6335 210.4803 27.4962
v  569.2705 203.8434 27.4962
v  -545.0000 216.2098 27.4962
v  562.6335 210.4803 27.4962
v  545.0000 216.2098 27.4962
v  554.2705 214.7415 27.4962
v  -554.2705 214.7415 27.4962
v  -573.5317 195.4803 29.4962
v  -569.2705 203.8434 29.4962
v  -562.6335 210.4803 29.4962
v  -554.2705 214.7415 29.4962
v  -545.0000 216.2098 29.4962
v  545.0000 216.2098 29.4962
v  554.2705 214.7415 29.4962
v  562.6335 210.4803 29.4962
v  569.2705 203.8434 29.4962
v  573.5317 195.4803 29.4962
# 64 vertices

vn 0.0000 -0.9914 -0.1305
vn 0.0000 -1.0000 -0.0000
vn 0.9969 0.0000 0.0785
vn 0.9511 0.0000 0.3090
vn 0.8090 0.0000 0.5878
vn 0.5878 0.0000 0.8090
vn 0.3090 0.0000 0.9511
vn 0.0785 0.0000 0.9969
vn 1.0000 0.0000 -0.0000
vn 0.9969 0.0785 -0.0000
vn 0.0000 -0.1305 -0.9914
vn 0.0000 -0.2588 -0.9659
vn 0.0000 -0.7071 -0.7071
vn 0.0000 -0.9659 -0.2588
vn -0.9969 0.0000 0.0785
vn -1.0000 0.0000 -0.0000
vn -0.9969 0.0785 -0.0000
vn -0.0785 0.0000 0.9969
vn -0.3090 0.0000 0.9511
vn -0.5878 0.0000 0.8090
vn -0.8090 0.0000 0.5878
vn -0.9511 0.0000 0.3090
vn 0.0000 1.0000 -0.0000
vn 0.0000 0.9914 0.1305
vn 0.0000 0.0000 -1.0000
vn 0.0000 0.9659 0.2588
vn 0.0000 0.7071 0.7071
vn 0.0000 0.2588 0.9659
vn 0.0000 0.1305 0.9914
vn -0.9511 0.3090 -0.0000
vn -0.8090 0.5878 -0.0000
vn -0.5878 0.8090 -0.0000
vn -0.3090 0.9511 -0.0000
vn -0.0785 0.9969 -0.0000
vn 0.0785 0.9969 -0.0000
vn 0.3090 0.9511 -0.0000
vn 0.5878 0.8090 -0.0000
vn 0.8090 0.5878 -0.0000
vn 0.9511 0.3090 -0.0000
vn 0.0000 0.0000 1.0000
# 40 vertex normals

vt -1149.0000 368.5423 19.8644
vt -1149.0000 3.0685 39.4832
vt 1.0000 3.0685 39.4832
vt 1.0000 368.5423 19.8644
vt -1119.0000 -26.8884 41.0913
vt -29.0000 -26.8884 41.0913
vt -4.7295 -14.5397 40.4285
vt -0.4683 -6.1887 39.9802
vt -19.7295 -25.4222 41.0126
vt -11.3665 -21.1671 40.7842
vt -1147.5317 -6.1887 39.9802
vt -1143.2705 -14.5397 40.4285
vt -1136.6335 -21.1671 40.7842
vt -1128.2705 -25.4222 41.0126
vt 3.1757 41.4804 1150.0000
vt -6.0815 41.9773 1148.5317
vt -6.1887 39.9802 1148.5317
vt 3.0685 39.4832 1150.0000
vt -14.4325 42.4256 1144.2705
vt -14.5397 40.4285 1144.2705
vt 1137.6335 42.7813 -21.0599
vt 1137.6335 40.7842 -21.1671
vt 1129.2705 43.0098 -25.3150
vt 1129.2705 41.0126 -25.4222
vt 1120.0000 43.0885 -26.7812
vt 1120.0000 41.0913 -26.8884
vt 368.5423 19.8644 1150.0000
vt 368.6495 21.8615 1150.0000
vt 370.5681 20.2923 1150.0000
vt 372.1086 21.6758 1150.0000
vt 370.4326 22.7672 1150.0000
vt 369.6624 22.0755 1150.0000
vt 372.7509 23.6442 1150.0000
vt 370.7538 23.7514 1150.0000
vt 374.6807 59.5924 1150.0000
vt 372.6835 59.6997 1150.0000
vt 1.0000 23.6442 372.7509
vt -1149.0000 23.6442 372.7509
vt -1149.0000 21.6758 372.1086
vt 1.0000 21.6758 372.1086
vt -1149.0000 370.5681 20.2923
vt 1.0000 370.5681 20.2923
vt -2.1757 41.4804 0.0000
vt -367.6495 21.8615 0.0000
vt -367.5423 19.8644 0.0000
vt -2.0685 39.4832 0.0000
vt -371.1086 21.6758 0.0000
vt -369.5681 20.2923 0.0000
vt -368.6624 22.0755 0.0000
vt -369.4326 22.7672 0.0000
vt -369.7538 23.7514 0.0000
vt -371.7509 23.6442 0.0000
vt -371.6835 59.6997 0.0000
vt -373.6807 59.5924 0.0000
vt 30.0000 41.0913 -26.8884
vt 30.0000 43.0885 -26.7812
vt 20.7295 43.0098 -25.3150
vt 20.7295 41.0126 -25.4222
vt 22.0599 42.7813 12.3665
vt 22.1671 40.7842 12.3665
vt 15.4325 42.4256 5.7295
vt 15.5397 40.4285 5.7295
vt 7.0815 41.9773 1.4683
vt 7.1887 39.9802 1.4683
vt 1.4683 -6.0815 41.9773
vt 5.7295 -14.4325 42.4256
vt 30.0000 -26.7812 43.0885
vt 0.0000 3.1757 41.4804
vt 1120.0000 -26.7812 43.0885
vt 1150.0000 3.1757 41.4804
vt 1150.0000 368.6495 21.8615
vt 0.0000 368.6495 21.8615
vt 12.3665 -21.0599 42.7813
vt 20.7295 -25.3150 43.0098
vt 1144.2705 -14.4325 42.4256
vt 1148.5317 -6.0815 41.9773
vt 1129.2705 -25.3150 43.0098
vt 1137.6335 -21.0599 42.7813
vt 1.0000 59.5924 374.6807
vt -0.4683 68.8496 375.1776
vt -1149.0000 59.5924 374.6807
vt -4.7295 77.2007 375.6259
vt -1147.5317 68.8496 375.1776
vt -11.3665 83.8281 375.9816
vt -1143.2705 77.2007 375.6259
vt -29.0000 89.5493 376.2888
vt -1136.6335 83.8281 375.9816
vt -1119.0000 89.5493 376.2888
vt -1128.2705 88.0831 376.2101
vt -19.7295 88.0831 376.2101
vt 1150.0000 22.0755 369.6624
vt 0.0000 22.0755 369.6624
vt 1150.0000 22.7672 370.4326
vt 0.0000 22.7672 370.4326
vt 1150.0000 23.7514 370.7538
vt 0.0000 23.7514 370.7538
vt -372.1805 68.9568 1.4683
vt -374.1776 68.8496 1.4683
vt -372.6288 77.3079 5.7295
vt -374.6259 77.2007 5.7295
vt 12.3665 373.9845 83.9353
vt 12.3665 375.9816 83.8281
vt 20.7295 374.2129 88.1903
vt 20.7295 376.2101 88.0831
vt 30.0000 374.2916 89.6565
vt 30.0000 376.2888 89.5493
vt 1120.0000 374.2916 89.6565
vt 1120.0000 376.2888 89.5493
vt 1129.2705 374.2129 88.1903
vt 1129.2705 376.2101 88.0831
vt 373.9845 83.9353 1137.6335
vt 375.9816 83.8281 1137.6335
vt 373.6288 77.3079 1144.2705
vt 375.6259 77.2007 1144.2705
vt 373.1805 68.9568 1148.5317
vt 375.1776 68.8496 1148.5317
vt 1150.0000 59.6997 372.6835
vt 0.0000 59.6997 372.6835
vt 1148.5317 68.9568 373.1805
vt 1.4683 68.9568 373.1805
vt 1144.2705 77.3079 373.6288
vt 5.7295 77.3079 373.6288
vt 1137.6335 83.9353 373.9845
vt 12.3665 83.9353 373.9845
vt 1120.0000 89.6565 374.2916
vt 30.0000 89.6565 374.2916
vt 1129.2705 88.1903 374.2129
vt 20.7295 88.1903 374.2129
# 128 texture coords

g Block_Compile_Shelving_System___Shelve
usemtl wire_255255255
s 1
f 129/257/81 130/258/82 131/259/82 132/260/81 
f 131/259/82 130/258/82 133/261/82 134/262/82 
f 131/259/82 134/262/82 135/263/82 136/264/82 
f 135/263/82 134/262/82 137/265/82 138/266/82 
f 133/261/82 130/258/82 139/267/82 140/268/82 
f 140/268/82 141/269/82 142/270/82 133/261/82 
s 2
f 143/271/83 144/272/84 139/273/84 130/274/83 
f 139/273/84 144/272/84 145/275/85 140/276/85 
f 140/276/85 145/275/85 146/277/86 141/278/86 
f 141/278/86 146/277/86 147/279/87 142/280/87 
f 142/280/87 147/279/87 148/281/88 133/282/88 
f 143/271/83 130/274/83 129/283/89 149/284/89 
f 149/284/89 129/283/89 150/285/89 151/286/89 
f 149/284/89 151/286/89 152/287/89 153/288/89 
f 152/287/89 151/286/89 154/289/89 155/290/89 
f 155/290/89 154/289/89 156/291/90 157/292/90 
s 1
f 158/293/91 154/294/91 151/295/92 159/296/92 
s 4
f 159/296/93 151/295/93 150/297/93 160/298/93 
s 1
f 160/298/94 150/297/94 129/257/81 132/260/81 
s 2
f 161/299/95 162/300/96 132/301/96 131/302/95 
f 132/301/96 162/300/96 159/303/96 160/304/96 
f 159/303/96 162/300/96 163/305/96 164/306/96 
f 159/303/96 164/306/96 165/307/96 158/308/96 
f 158/308/96 165/307/96 166/309/97 167/310/97 
f 134/311/98 168/312/98 169/313/99 137/314/99 
f 137/314/99 169/313/99 170/315/100 138/316/100 
f 138/316/100 170/315/100 171/317/101 135/318/101 
f 135/318/101 171/317/101 172/319/102 136/320/102 
f 136/320/102 172/319/102 161/299/95 131/302/95 
f 134/311/98 133/282/88 148/281/88 168/312/98 
s 1
f 172/321/103 171/322/103 168/323/103 161/324/103 
f 161/324/103 168/323/103 148/325/103 143/326/103 
f 161/324/103 143/326/103 149/327/104 162/328/104 
f 168/323/103 171/322/103 170/329/103 169/330/103 
f 143/326/103 148/325/103 145/331/103 144/332/103 
f 145/331/103 148/325/103 147/333/103 146/334/103 
f 158/293/91 167/335/105 173/336/105 156/337/105 
f 156/337/105 173/336/105 174/338/105 175/339/105 
f 175/339/105 174/338/105 176/340/105 177/341/105 
f 177/341/105 176/340/105 178/342/105 179/343/105 
f 179/343/105 178/342/105 180/344/105 181/345/105 
f 176/340/105 182/346/105 178/342/105 
f 156/337/105 154/294/91 158/293/91 
f 162/328/104 149/327/104 153/347/106 163/348/106 
s 4
f 163/348/107 153/347/107 152/349/107 164/350/107 
s 1
f 164/350/108 152/349/108 155/351/109 165/352/109 
s 2
f 166/309/97 183/353/110 173/354/110 167/310/97 
f 173/354/110 183/353/110 184/355/111 174/356/111 
f 174/356/111 184/355/111 185/357/112 176/358/112 
f 176/358/112 185/357/112 186/359/113 182/360/113 
f 182/360/113 186/359/113 187/361/114 178/362/114 
f 178/362/114 187/361/114 188/363/115 180/364/115 
f 180/364/115 188/363/115 189/365/116 181/366/116 
f 181/366/116 189/365/116 190/367/117 179/368/117 
f 179/368/117 190/367/117 191/369/118 177/370/118 
f 177/370/118 191/369/118 192/371/119 175/372/119 
f 175/372/119 192/371/119 157/292/90 156/291/90 
s 1
f 155/351/109 157/373/120 166/374/120 165/352/109 
f 166/374/120 157/373/120 192/375/120 183/376/120 
f 183/376/120 192/375/120 191/377/120 184/378/120 
f 184/378/120 191/377/120 190/379/120 185/380/120 
f 185/380/120 190/379/120 188/381/120 187/382/120 
f 188/381/120 190/379/120 189/383/120 
f 187/382/120 186/384/120 185/380/120 
# 60 polygons - 4 triangles

#
# object Block_Compile_Shelving_System___Shelve
#

v  575.0000 1070.6169 31.4962
v  575.0000 1070.6169 397.4962
v  -575.0000 1070.6169 397.4962
v  -575.0000 1070.6169 31.4962
v  545.0000 1070.6169 427.4962
v  -545.0000 1070.6169 427.4962
v  -569.2705 1070.6169 415.1298
v  -573.5317 1070.6169 406.7668
v  -554.2705 1070.6169 426.0280
v  -562.6335 1070.6169 421.7668
v  573.5317 1070.6169 406.7668
v  569.2705 1070.6169 415.1298
v  562.6335 1070.6169 421.7668
v  554.2705 1070.6169 426.0280
v  575.0000 1072.6169 397.4962
v  573.5317 1072.6169 406.7668
v  569.2705 1072.6169 415.1298
v  562.6335 1072.6169 421.7668
v  554.2705 1072.6169 426.0280
v  545.0000 1072.6169 427.4962
v  575.0000 1072.6169 31.4962
v  575.0000 1071.1528 29.4962
v  575.0000 1072.6169 28.0321
v  575.0000 1073.6169 29.7642
v  575.0000 1072.8849 30.4962
v  575.0000 1074.6169 27.4962
v  575.0000 1074.6169 29.4962
v  575.0000 1110.6169 27.4962
v  575.0000 1110.6169 29.4962
v  -575.0000 1074.6169 27.4962
v  -575.0000 1072.6169 28.0321
v  -575.0000 1071.1528 29.4962
v  -575.0000 1072.6169 397.4962
v  -575.0000 1072.6169 31.4962
v  -575.0000 1072.8849 30.4962
v  -575.0000 1073.6169 29.7642
v  -575.0000 1074.6169 29.4962
v  -575.0000 1110.6169 29.4962
v  -575.0000 1110.6169 27.4962
v  -545.0000 1072.6169 427.4962
v  -554.2705 1072.6169 426.0280
v  -562.6335 1072.6169 421.7668
v  -569.2705 1072.6169 415.1298
v  -573.5317 1072.6169 406.7668
v  -573.5317 1119.8875 27.4962
v  -569.2705 1128.2505 27.4962
v  573.5317 1119.8875 27.4962
v  -562.6335 1134.8875 27.4962
v  569.2705 1128.2505 27.4962
v  -545.0000 1140.6169 27.4962
v  562.6335 1134.8875 27.4962
v  545.0000 1140.6169 27.4962
v  554.2705 1139.1487 27.4962
v  -554.2705 1139.1487 27.4962
v  -573.5317 1119.8875 29.4962
v  -569.2705 1128.2505 29.4962
v  -562.6335 1134.8875 29.4962
v  -554.2705 1139.1487 29.4962
v  -545.0000 1140.6169 29.4962
v  545.0000 1140.6169 29.4962
v  554.2705 1139.1487 29.4962
v  562.6335 1134.8875 29.4962
v  569.2705 1128.2505 29.4962
v  573.5317 1119.8875 29.4962
# 64 vertices

vn 0.0000 -0.9914 -0.1305
vn 0.0000 -1.0000 -0.0000
vn 0.9969 0.0000 0.0785
vn 0.9511 0.0000 0.3090
vn 0.8090 0.0000 0.5878
vn 0.5878 0.0000 0.8090
vn 0.3090 0.0000 0.9511
vn 0.0785 0.0000 0.9969
vn 1.0000 0.0000 -0.0000
vn 0.9969 0.0785 -0.0000
vn 0.0000 -0.1305 -0.9914
vn 0.0000 -0.2588 -0.9659
vn 0.0000 -0.7071 -0.7071
vn 0.0000 -0.9659 -0.2588
vn -0.9969 0.0000 0.0785
vn -1.0000 0.0000 -0.0000
vn -0.9969 0.0785 -0.0000
vn -0.0785 0.0000 0.9969
vn -0.3090 0.0000 0.9511
vn -0.5878 0.0000 0.8090
vn -0.8090 0.0000 0.5878
vn -0.9511 0.0000 0.3090
vn 0.0000 1.0000 -0.0000
vn 0.0000 0.9914 0.1305
vn 0.0000 0.0000 -1.0000
vn 0.0000 0.9659 0.2588
vn 0.0000 0.7071 0.7071
vn 0.0000 0.2588 0.9659
vn 0.0000 0.1305 0.9914
vn -0.9511 0.3090 -0.0000
vn -0.8090 0.5878 -0.0000
vn -0.5878 0.8090 -0.0000
vn -0.3090 0.9511 -0.0000
vn -0.0785 0.9969 -0.0000
vn 0.0785 0.9969 -0.0000
vn 0.3090 0.9511 -0.0000
vn 0.5878 0.8090 -0.0000
vn 0.8090 0.5878 -0.0000
vn 0.9511 0.3090 -0.0000
vn 0.0000 0.0000 1.0000
# 40 vertex normals

vt -1149.0000 368.5423 19.8644
vt -1149.0000 3.0685 39.4832
vt 1.0000 3.0685 39.4832
vt 1.0000 368.5423 19.8644
vt -1119.0000 -26.8884 41.0913
vt -29.0000 -26.8884 41.0913
vt -4.7295 -14.5397 40.4285
vt -0.4683 -6.1887 39.9802
vt -19.7295 -25.4222 41.0126
vt -11.3665 -21.1671 40.7842
vt -1147.5317 -6.1887 39.9802
vt -1143.2705 -14.5397 40.4285
vt -1136.6335 -21.1671 40.7842
vt -1128.2705 -25.4222 41.0126
vt 3.1757 41.4804 1150.0000
vt -6.0815 41.9773 1148.5317
vt -6.1887 39.9802 1148.5317
vt 3.0685 39.4832 1150.0000
vt -14.4325 42.4256 1144.2705
vt -14.5397 40.4285 1144.2705
vt 1137.6335 42.7813 -21.0599
vt 1137.6335 40.7842 -21.1671
vt 1129.2705 43.0098 -25.3150
vt 1129.2705 41.0126 -25.4222
vt 1120.0000 43.0885 -26.7812
vt 1120.0000 41.0913 -26.8884
vt 368.5423 19.8644 1150.0000
vt 368.6495 21.8615 1150.0000
vt 370.5681 20.2923 1150.0000
vt 372.1086 21.6758 1150.0000
vt 370.4326 22.7672 1150.0000
vt 369.6624 22.0755 1150.0000
vt 372.7509 23.6442 1150.0000
vt 370.7538 23.7514 1150.0000
vt 374.6807 59.5924 1150.0000
vt 372.6835 59.6997 1150.0000
vt 1.0000 23.6442 372.7509
vt -1149.0000 23.6442 372.7509
vt -1149.0000 21.6758 372.1086
vt 1.0000 21.6758 372.1086
vt -1149.0000 370.5681 20.2923
vt 1.0000 370.5681 20.2923
vt -2.1757 41.4804 0.0000
vt -367.6495 21.8615 0.0000
vt -367.5423 19.8644 0.0000
vt -2.0685 39.4832 0.0000
vt -371.1086 21.6758 0.0000
vt -369.5681 20.2923 0.0000
vt -368.6624 22.0755 0.0000
vt -369.4326 22.7672 0.0000
vt -369.7538 23.7514 0.0000
vt -371.7509 23.6442 0.0000
vt -371.6835 59.6997 0.0000
vt -373.6807 59.5924 0.0000
vt 30.0000 41.0913 -26.8884
vt 30.0000 43.0885 -26.7812
vt 20.7295 43.0098 -25.3150
vt 20.7295 41.0126 -25.4222
vt 22.0599 42.7813 12.3665
vt 22.1671 40.7842 12.3665
vt 15.4325 42.4256 5.7295
vt 15.5397 40.4285 5.7295
vt 7.0815 41.9773 1.4683
vt 7.1887 39.9802 1.4683
vt 1.4683 -6.0815 41.9773
vt 5.7295 -14.4325 42.4256
vt 30.0000 -26.7812 43.0885
vt 0.0000 3.1757 41.4804
vt 1120.0000 -26.7812 43.0885
vt 1150.0000 3.1757 41.4804
vt 1150.0000 368.6495 21.8615
vt 0.0000 368.6495 21.8615
vt 12.3665 -21.0599 42.7813
vt 20.7295 -25.3150 43.0098
vt 1144.2705 -14.4325 42.4256
vt 1148.5317 -6.0815 41.9773
vt 1129.2705 -25.3150 43.0098
vt 1137.6335 -21.0599 42.7813
vt 1.0000 59.5924 374.6807
vt -0.4683 68.8496 375.1776
vt -1149.0000 59.5924 374.6807
vt -4.7295 77.2007 375.6259
vt -1147.5317 68.8496 375.1776
vt -11.3665 83.8281 375.9816
vt -1143.2705 77.2007 375.6259
vt -29.0000 89.5493 376.2888
vt -1136.6335 83.8281 375.9816
vt -1119.0000 89.5493 376.2888
vt -1128.2705 88.0831 376.2101
vt -19.7295 88.0831 376.2101
vt 1150.0000 22.0755 369.6624
vt 0.0000 22.0755 369.6624
vt 1150.0000 22.7672 370.4326
vt 0.0000 22.7672 370.4326
vt 1150.0000 23.7514 370.7538
vt 0.0000 23.7514 370.7538
vt -372.1805 68.9568 1.4683
vt -374.1776 68.8496 1.4683
vt -372.6288 77.3079 5.7295
vt -374.6259 77.2007 5.7295
vt 12.3665 373.9845 83.9353
vt 12.3665 375.9816 83.8281
vt 20.7295 374.2129 88.1903
vt 20.7295 376.2101 88.0831
vt 30.0000 374.2916 89.6565
vt 30.0000 376.2888 89.5493
vt 1120.0000 374.2916 89.6565
vt 1120.0000 376.2888 89.5493
vt 1129.2705 374.2129 88.1903
vt 1129.2705 376.2101 88.0831
vt 373.9845 83.9353 1137.6335
vt 375.9816 83.8281 1137.6335
vt 373.6288 77.3079 1144.2705
vt 375.6259 77.2007 1144.2705
vt 373.1805 68.9568 1148.5317
vt 375.1776 68.8496 1148.5317
vt 1150.0000 59.6997 372.6835
vt 0.0000 59.6997 372.6835
vt 1148.5317 68.9568 373.1805
vt 1.4683 68.9568 373.1805
vt 1144.2705 77.3079 373.6288
vt 5.7295 77.3079 373.6288
vt 1137.6335 83.9353 373.9845
vt 12.3665 83.9353 373.9845
vt 1120.0000 89.6565 374.2916
vt 30.0000 89.6565 374.2916
vt 1129.2705 88.1903 374.2129
vt 20.7295 88.1903 374.2129
# 128 texture coords

g Block_Compile_Shelving_System___Shelve
usemtl wire_255255255
s 1
f 193/385/121 194/386/122 195/387/122 196/388/121 
f 195/387/122 194/386/122 197/389/122 198/390/122 
f 195/387/122 198/390/122 199/391/122 200/392/122 
f 199/391/122 198/390/122 201/393/122 202/394/122 
f 197/389/122 194/386/122 203/395/122 204/396/122 
f 204/396/122 205/397/122 206/398/122 197/389/122 
s 2
f 207/399/123 208/400/124 203/401/124 194/402/123 
f 203/401/124 208/400/124 209/403/125 204/404/125 
f 204/404/125 209/403/125 210/405/126 205/406/126 
f 205/406/126 210/405/126 211/407/127 206/408/127 
f 206/408/127 211/407/127 212/409/128 197/410/128 
f 207/399/123 194/402/123 193/411/129 213/412/129 
f 213/412/129 193/411/129 214/413/129 215/414/129 
f 213/412/129 215/414/129 216/415/129 217/416/129 
f 216/415/129 215/414/129 218/417/129 219/418/129 
f 219/418/129 218/417/129 220/419/130 221/420/130 
s 1
f 222/421/131 218/422/131 215/423/132 223/424/132 
s 4
f 223/424/133 215/423/133 214/425/133 224/426/133 
s 1
f 224/426/134 214/425/134 193/385/121 196/388/121 
s 2
f 225/427/135 226/428/136 196/429/136 195/430/135 
f 196/429/136 226/428/136 223/431/136 224/432/136 
f 223/431/136 226/428/136 227/433/136 228/434/136 
f 223/431/136 228/434/136 229/435/136 222/436/136 
f 222/436/136 229/435/136 230/437/137 231/438/137 
f 198/439/138 232/440/138 233/441/139 201/442/139 
f 201/442/139 233/441/139 234/443/140 202/444/140 
f 202/444/140 234/443/140 235/445/141 199/446/141 
f 199/446/141 235/445/141 236/447/142 200/448/142 
f 200/448/142 236/447/142 225/427/135 195/430/135 
f 198/439/138 197/410/128 212/409/128 232/440/138 
s 1
f 236/449/143 235/450/143 232/451/143 225/452/143 
f 225/452/143 232/451/143 212/453/143 207/454/143 
f 225/452/143 207/454/143 213/455/144 226/456/144 
f 232/451/143 235/450/143 234/457/143 233/458/143 
f 207/454/143 212/453/143 209/459/143 208/460/143 
f 209/459/143 212/453/143 211/461/143 210/462/143 
f 222/421/131 231/463/145 237/464/145 220/465/145 
f 220/465/145 237/464/145 238/466/145 239/467/145 
f 239/467/145 238/466/145 240/468/145 241/469/145 
f 241/469/145 240/468/145 242/470/145 243/471/145 
f 243/471/145 242/470/145 244/472/145 245/473/145 
f 240/468/145 246/474/145 242/470/145 
f 220/465/145 218/422/131 222/421/131 
f 226/456/144 213/455/144 217/475/146 227/476/146 
s 4
f 227/476/147 217/475/147 216/477/147 228/478/147 
s 1
f 228/478/148 216/477/148 219/479/149 229/480/149 
s 2
f 230/437/137 247/481/150 237/482/150 231/438/137 
f 237/482/150 247/481/150 248/483/151 238/484/151 
f 238/484/151 248/483/151 249/485/152 240/486/152 
f 240/486/152 249/485/152 250/487/153 246/488/153 
f 246/488/153 250/487/153 251/489/154 242/490/154 
f 242/490/154 251/489/154 252/491/155 244/492/155 
f 244/492/155 252/491/155 253/493/156 245/494/156 
f 245/494/156 253/493/156 254/495/157 243/496/157 
f 243/496/157 254/495/157 255/497/158 241/498/158 
f 241/498/158 255/497/158 256/499/159 239/500/159 
f 239/500/159 256/499/159 221/420/130 220/419/130 
s 1
f 219/479/149 221/501/160 230/502/160 229/480/149 
f 230/502/160 221/501/160 256/503/160 247/504/160 
f 247/504/160 256/503/160 255/505/160 248/506/160 
f 248/506/160 255/505/160 254/507/160 249/508/160 
f 249/508/160 254/507/160 252/509/160 251/510/160 
f 252/509/160 254/507/160 253/511/160 
f 251/510/160 250/512/160 249/508/160 
# 60 polygons - 4 triangles

#
# object Block_Compile_Shelving_System___Shelve
#

v  575.0000 1355.6169 31.4962
v  575.0000 1355.6169 397.4962
v  -575.0000 1355.6169 397.4962
v  -575.0000 1355.6169 31.4962
v  545.0000 1355.6169 427.4962
v  -545.0000 1355.6169 427.4962
v  -569.2705 1355.6169 415.1298
v  -573.5317 1355.6169 406.7668
v  -554.2705 1355.6169 426.0280
v  -562.6335 1355.6169 421.7668
v  573.5317 1355.6169 406.7668
v  569.2705 1355.6169 415.1298
v  562.6335 1355.6169 421.7668
v  554.2705 1355.6169 426.0280
v  575.0000 1357.6169 397.4962
v  573.5317 1357.6169 406.7668
v  569.2705 1357.6169 415.1298
v  562.6335 1357.6169 421.7668
v  554.2705 1357.6169 426.0280
v  545.0000 1357.6169 427.4962
v  575.0000 1357.6169 31.4962
v  575.0000 1356.1528 29.4962
v  575.0000 1357.6169 28.0321
v  575.0000 1358.6169 29.7642
v  575.0000 1357.8849 30.4962
v  575.0000 1359.6169 27.4962
v  575.0000 1359.6169 29.4962
v  575.0000 1395.6169 27.4962
v  575.0000 1395.6169 29.4962
v  -575.0000 1359.6169 27.4962
v  -575.0000 1357.6169 28.0321
v  -575.0000 1356.1528 29.4962
v  -575.0000 1357.6169 397.4962
v  -575.0000 1357.6169 31.4962
v  -575.0000 1357.8849 30.4962
v  -575.0000 1358.6169 29.7642
v  -575.0000 1359.6169 29.4962
v  -575.0000 1395.6169 29.4962
v  -575.0000 1395.6169 27.4962
v  -545.0000 1357.6169 427.4962
v  -554.2705 1357.6169 426.0280
v  -562.6335 1357.6169 421.7668
v  -569.2705 1357.6169 415.1298
v  -573.5317 1357.6169 406.7668
v  -573.5317 1404.8875 27.4962
v  -569.2705 1413.2505 27.4962
v  573.5317 1404.8875 27.4962
v  -562.6335 1419.8875 27.4962
v  569.2705 1413.2505 27.4962
v  -545.0000 1425.6169 27.4962
v  562.6335 1419.8875 27.4962
v  545.0000 1425.6169 27.4962
v  554.2705 1424.1487 27.4962
v  -554.2705 1424.1487 27.4962
v  -573.5317 1404.8875 29.4962
v  -569.2705 1413.2505 29.4962
v  -562.6335 1419.8875 29.4962
v  -554.2705 1424.1487 29.4962
v  -545.0000 1425.6169 29.4962
v  545.0000 1425.6169 29.4962
v  554.2705 1424.1487 29.4962
v  562.6335 1419.8875 29.4962
v  569.2705 1413.2505 29.4962
v  573.5317 1404.8875 29.4962
# 64 vertices

vn 0.0000 -0.9914 -0.1305
vn 0.0000 -1.0000 -0.0000
vn 0.9969 0.0000 0.0785
vn 0.9511 0.0000 0.3090
vn 0.8090 0.0000 0.5878
vn 0.5878 0.0000 0.8090
vn 0.3090 0.0000 0.9511
vn 0.0785 0.0000 0.9969
vn 1.0000 0.0000 -0.0000
vn 0.9969 0.0785 -0.0000
vn 0.0000 -0.1305 -0.9914
vn 0.0000 -0.2588 -0.9659
vn 0.0000 -0.7071 -0.7071
vn 0.0000 -0.9659 -0.2588
vn -0.9969 0.0000 0.0785
vn -1.0000 0.0000 -0.0000
vn -0.9969 0.0785 -0.0000
vn -0.0785 0.0000 0.9969
vn -0.3090 0.0000 0.9511
vn -0.5878 0.0000 0.8090
vn -0.8090 0.0000 0.5878
vn -0.9511 0.0000 0.3090
vn 0.0000 1.0000 -0.0000
vn 0.0000 0.9914 0.1305
vn 0.0000 0.0000 -1.0000
vn 0.0000 0.9659 0.2588
vn 0.0000 0.7071 0.7071
vn 0.0000 0.2588 0.9659
vn 0.0000 0.1305 0.9914
vn -0.9511 0.3090 -0.0000
vn -0.8090 0.5878 -0.0000
vn -0.5878 0.8090 -0.0000
vn -0.3090 0.9511 -0.0000
vn -0.0785 0.9969 -0.0000
vn 0.0785 0.9969 -0.0000
vn 0.3090 0.9511 -0.0000
vn 0.5878 0.8090 -0.0000
vn 0.8090 0.5878 -0.0000
vn 0.9511 0.3090 -0.0000
vn 0.0000 0.0000 1.0000
# 40 vertex normals

vt -1149.0000 368.5423 19.8644
vt -1149.0000 3.0685 39.4832
vt 1.0000 3.0685 39.4832
vt 1.0000 368.5423 19.8644
vt -1119.0000 -26.8884 41.0913
vt -29.0000 -26.8884 41.0913
vt -4.7295 -14.5397 40.4285
vt -0.4683 -6.1887 39.9802
vt -19.7295 -25.4222 41.0126
vt -11.3665 -21.1671 40.7842
vt -1147.5317 -6.1887 39.9802
vt -1143.2705 -14.5397 40.4285
vt -1136.6335 -21.1671 40.7842
vt -1128.2705 -25.4222 41.0126
vt 3.1757 41.4804 1150.0000
vt -6.0815 41.9773 1148.5317
vt -6.1887 39.9802 1148.5317
vt 3.0685 39.4832 1150.0000
vt -14.4325 42.4256 1144.2705
vt -14.5397 40.4285 1144.2705
vt 1137.6335 42.7813 -21.0599
vt 1137.6335 40.7842 -21.1671
vt 1129.2705 43.0098 -25.3150
vt 1129.2705 41.0126 -25.4222
vt 1120.0000 43.0885 -26.7812
vt 1120.0000 41.0913 -26.8884
vt 368.5423 19.8644 1150.0000
vt 368.6495 21.8615 1150.0000
vt 370.5681 20.2923 1150.0000
vt 372.1086 21.6758 1150.0000
vt 370.4326 22.7672 1150.0000
vt 369.6624 22.0755 1150.0000
vt 372.7509 23.6442 1150.0000
vt 370.7538 23.7514 1150.0000
vt 374.6807 59.5924 1150.0000
vt 372.6835 59.6997 1150.0000
vt 1.0000 23.6442 372.7509
vt -1149.0000 23.6442 372.7509
vt -1149.0000 21.6758 372.1086
vt 1.0000 21.6758 372.1086
vt -1149.0000 370.5681 20.2923
vt 1.0000 370.5681 20.2923
vt -2.1757 41.4804 0.0000
vt -367.6495 21.8615 0.0000
vt -367.5423 19.8644 0.0000
vt -2.0685 39.4832 0.0000
vt -371.1086 21.6758 0.0000
vt -369.5681 20.2923 0.0000
vt -368.6624 22.0755 0.0000
vt -369.4326 22.7672 0.0000
vt -369.7538 23.7514 0.0000
vt -371.7509 23.6442 0.0000
vt -371.6835 59.6997 0.0000
vt -373.6807 59.5924 0.0000
vt 30.0000 41.0913 -26.8884
vt 30.0000 43.0885 -26.7812
vt 20.7295 43.0098 -25.3150
vt 20.7295 41.0126 -25.4222
vt 22.0599 42.7813 12.3665
vt 22.1671 40.7842 12.3665
vt 15.4325 42.4256 5.7295
vt 15.5397 40.4285 5.7295
vt 7.0815 41.9773 1.4683
vt 7.1887 39.9802 1.4683
vt 1.4683 -6.0815 41.9773
vt 5.7295 -14.4325 42.4256
vt 30.0000 -26.7812 43.0885
vt 0.0000 3.1757 41.4804
vt 1120.0000 -26.7812 43.0885
vt 1150.0000 3.1757 41.4804
vt 1150.0000 368.6495 21.8615
vt 0.0000 368.6495 21.8615
vt 12.3665 -21.0599 42.7813
vt 20.7295 -25.3150 43.0098
vt 1144.2705 -14.4325 42.4256
vt 1148.5317 -6.0815 41.9773
vt 1129.2705 -25.3150 43.0098
vt 1137.6335 -21.0599 42.7813
vt 1.0000 59.5924 374.6807
vt -0.4683 68.8496 375.1776
vt -1149.0000 59.5924 374.6807
vt -4.7295 77.2007 375.6259
vt -1147.5317 68.8496 375.1776
vt -11.3665 83.8281 375.9816
vt -1143.2705 77.2007 375.6259
vt -29.0000 89.5493 376.2888
vt -1136.6335 83.8281 375.9816
vt -1119.0000 89.5493 376.2888
vt -1128.2705 88.0831 376.2101
vt -19.7295 88.0831 376.2101
vt 1150.0000 22.0755 369.6624
vt 0.0000 22.0755 369.6624
vt 1150.0000 22.7672 370.4326
vt 0.0000 22.7672 370.4326
vt 1150.0000 23.7514 370.7538
vt 0.0000 23.7514 370.7538
vt -372.1805 68.9568 1.4683
vt -374.1776 68.8496 1.4683
vt -372.6288 77.3079 5.7295
vt -374.6259 77.2007 5.7295
vt 12.3665 373.9845 83.9353
vt 12.3665 375.9816 83.8281
vt 20.7295 374.2129 88.1903
vt 20.7295 376.2101 88.0831
vt 30.0000 374.2916 89.6565
vt 30.0000 376.2888 89.5493
vt 1120.0000 374.2916 89.6565
vt 1120.0000 376.2888 89.5493
vt 1129.2705 374.2129 88.1903
vt 1129.2705 376.2101 88.0831
vt 373.9845 83.9353 1137.6335
vt 375.9816 83.8281 1137.6335
vt 373.6288 77.3079 1144.2705
vt 375.6259 77.2007 1144.2705
vt 373.1805 68.9568 1148.5317
vt 375.1776 68.8496 1148.5317
vt 1150.0000 59.6997 372.6835
vt 0.0000 59.6997 372.6835
vt 1148.5317 68.9568 373.1805
vt 1.4683 68.9568 373.1805
vt 1144.2705 77.3079 373.6288
vt 5.7295 77.3079 373.6288
vt 1137.6335 83.9353 373.9845
vt 12.3665 83.9353 373.9845
vt 1120.0000 89.6565 374.2916
vt 30.0000 89.6565 374.2916
vt 1129.2705 88.1903 374.2129
vt 20.7295 88.1903 374.2129
# 128 texture coords

g Block_Compile_Shelving_System___Shelve
usemtl wire_255255255
s 1
f 257/513/161 258/514/162 259/515/162 260/516/161 
f 259/515/162 258/514/162 261/517/162 262/518/162 
f 259/515/162 262/518/162 263/519/162 264/520/162 
f 263/519/162 262/518/162 265/521/162 266/522/162 
f 261/517/162 258/514/162 267/523/162 268/524/162 
f 268/524/162 269/525/162 270/526/162 261/517/162 
s 2
f 271/527/163 272/528/164 267/529/164 258/530/163 
f 267/529/164 272/528/164 273/531/165 268/532/165 
f 268/532/165 273/531/165 274/533/166 269/534/166 
f 269/534/166 274/533/166 275/535/167 270/536/167 
f 270/536/167 275/535/167 276/537/168 261/538/168 
f 271/527/163 258/530/163 257/539/169 277/540/169 
f 277/540/169 257/539/169 278/541/169 279/542/169 
f 277/540/169 279/542/169 280/543/169 281/544/169 
f 280/543/169 279/542/169 282/545/169 283/546/169 
f 283/546/169 282/545/169 284/547/170 285/548/170 
s 1
f 286/549/171 282/550/171 279/551/172 287/552/172 
s 4
f 287/552/173 279/551/173 278/553/173 288/554/173 
s 1
f 288/554/174 278/553/174 257/513/161 260/516/161 
s 2
f 289/555/175 290/556/176 260/557/176 259/558/175 
f 260/557/176 290/556/176 287/559/176 288/560/176 
f 287/559/176 290/556/176 291/561/176 292/562/176 
f 287/559/176 292/562/176 293/563/176 286/564/176 
f 286/564/176 293/563/176 294/565/177 295/566/177 
f 262/567/178 296/568/178 297/569/179 265/570/179 
f 265/570/179 297/569/179 298/571/180 266/572/180 
f 266/572/180 298/571/180 299/573/181 263/574/181 
f 263/574/181 299/573/181 300/575/182 264/576/182 
f 264/576/182 300/575/182 289/555/175 259/558/175 
f 262/567/178 261/538/168 276/537/168 296/568/178 
s 1
f 300/577/183 299/578/183 296/579/183 289/580/183 
f 289/580/183 296/579/183 276/581/183 271/582/183 
f 289/580/183 271/582/183 277/583/184 290/584/184 
f 296/579/183 299/578/183 298/585/183 297/586/183 
f 271/582/183 276/581/183 273/587/183 272/588/183 
f 273/587/183 276/581/183 275/589/183 274/590/183 
f 286/549/171 295/591/185 301/592/185 284/593/185 
f 284/593/185 301/592/185 302/594/185 303/595/185 
f 303/595/185 302/594/185 304/596/185 305/597/185 
f 305/597/185 304/596/185 306/598/185 307/599/185 
f 307/599/185 306/598/185 308/600/185 309/601/185 
f 304/596/185 310/602/185 306/598/185 
f 284/593/185 282/550/171 286/549/171 
f 290/584/184 277/583/184 281/603/186 291/604/186 
s 4
f 291/604/187 281/603/187 280/605/187 292/606/187 
s 1
f 292/606/188 280/605/188 283/607/189 293/608/189 
s 2
f 294/565/177 311/609/190 301/610/190 295/566/177 
f 301/610/190 311/609/190 312/611/191 302/612/191 
f 302/612/191 312/611/191 313/613/192 304/614/192 
f 304/614/192 313/613/192 314/615/193 310/616/193 
f 310/616/193 314/615/193 315/617/194 306/618/194 
f 306/618/194 315/617/194 316/619/195 308/620/195 
f 308/620/195 316/619/195 317/621/196 309/622/196 
f 309/622/196 317/621/196 318/623/197 307/624/197 
f 307/624/197 318/623/197 319/625/198 305/626/198 
f 305/626/198 319/625/198 320/627/199 303/628/199 
f 303/628/199 320/627/199 285/548/170 284/547/170 
s 1
f 283/607/189 285/629/200 294/630/200 293/608/189 
f 294/630/200 285/629/200 320/631/200 311/632/200 
f 311/632/200 320/631/200 319/633/200 312/634/200 
f 312/634/200 319/633/200 318/635/200 313/636/200 
f 313/636/200 318/635/200 316/637/200 315/638/200 
f 316/637/200 318/635/200 317/639/200 
f 315/638/200 314/640/200 313/636/200 
# 60 polygons - 4 triangles

#
# object Block_Compile_Shelving_System_3___Frame
#

v  -459.0000 116.2098 17.2801
v  -460.7043 116.2098 20.0108
v  -460.7043 146.2098 20.0108
v  -459.0000 146.2098 17.2801
v  -463.3469 116.2098 21.8487
v  -463.3469 146.2098 21.8487
v  -466.5000 116.2098 22.4962
v  -466.5000 146.2098 22.4962
v  -459.0000 146.2098 339.4962
v  -459.0000 116.2098 339.4962
v  -469.6531 116.2098 21.8487
v  -469.6531 146.2098 21.8487
v  -472.2957 116.2098 20.0108
v  -472.2957 146.2098 20.0108
v  -474.0000 116.2098 17.2801
v  -474.0000 146.2098 17.2801
v  -474.0000 146.2098 339.4962
v  -474.0000 116.2098 339.4962
v  -474.5000 116.2098 14.4962
v  -474.5000 146.2098 14.4962
v  -473.4282 146.2098 10.4962
v  -473.4282 116.2098 10.4962
v  -470.5000 146.2098 7.5680
v  -470.5000 116.2098 7.5680
v  -466.5000 146.2098 6.4962
v  -466.5000 116.2098 6.4962
v  -462.5000 146.2098 7.5680
v  -462.5000 116.2098 7.5680
v  -459.5718 146.2098 10.4962
v  -459.5718 116.2098 10.4962
v  -458.5000 146.2098 14.4962
v  -458.5000 116.2098 14.4962
v  -459.5718 146.2098 18.4962
v  -459.5718 116.2098 18.4962
v  -462.5000 146.2098 21.4244
v  -462.5000 116.2098 21.4244
v  -470.5000 146.2098 21.4244
v  -470.5000 116.2098 21.4244
v  -473.4282 146.2098 18.4962
v  -473.4282 116.2098 18.4962
v  474.0000 116.2098 17.2801
v  472.2957 116.2098 20.0108
v  472.2957 146.2098 20.0108
v  474.0000 146.2098 17.2801
v  469.6531 116.2098 21.8487
v  469.6531 146.2098 21.8487
v  466.5000 116.2098 22.4962
v  466.5000 146.2098 22.4962
v  474.0000 146.2098 339.4962
v  474.0000 116.2098 339.4962
v  463.3469 116.2098 21.8487
v  463.3469 146.2098 21.8487
v  460.7043 116.2098 20.0108
v  460.7043 146.2098 20.0108
v  459.0000 116.2098 17.2801
v  459.0000 146.2098 17.2801
v  459.0000 146.2098 339.4962
v  459.0000 116.2098 339.4962
v  458.5000 116.2098 14.4962
v  458.5000 146.2098 14.4962
v  459.5718 146.2098 10.4962
v  459.5718 116.2098 10.4962
v  462.5000 146.2098 7.5680
v  462.5000 116.2098 7.5680
v  466.5000 146.2098 6.4962
v  466.5000 116.2098 6.4962
v  470.5000 146.2098 7.5680
v  470.5000 116.2098 7.5680
v  473.4282 146.2098 10.4962
v  473.4282 116.2098 10.4962
v  474.5000 146.2098 14.4962
v  474.5000 116.2098 14.4962
v  473.4282 146.2098 18.4962
v  473.4282 116.2098 18.4962
v  470.5000 146.2098 21.4244
v  470.5000 116.2098 21.4244
v  462.5000 146.2098 21.4244
v  462.5000 116.2098 21.4244
v  459.5718 146.2098 18.4962
v  459.5718 116.2098 18.4962
v  588.2161 116.2098 354.4962
v  585.4855 116.2098 352.7919
v  585.4855 146.2098 352.7919
v  588.2161 146.2098 354.4962
v  583.6476 116.2098 350.1493
v  583.6476 146.2098 350.1493
v  583.0000 116.2098 346.9962
v  583.0000 146.2098 346.9962
v  588.2161 116.2098 339.4962
v  -588.2161 116.2098 339.4962
v  -588.2161 146.2098 339.4962
v  588.2161 146.2098 339.4962
v  -588.2161 116.2098 354.4962
v  -585.0344 116.2098 352.3265
v  -583.2352 116.2098 348.9217
v  -583.2352 116.2098 345.0707
v  -585.0344 116.2098 341.6659
v  583.6476 116.2098 343.8431
v  585.4855 116.2098 341.2005
v  583.6476 146.2098 343.8431
v  585.4855 146.2098 341.2005
v  -585.0344 146.2098 352.3265
v  -588.2161 146.2098 354.4962
v  -583.2352 146.2098 348.9217
v  -583.2352 146.2098 345.0707
v  -585.0344 146.2098 341.6659
v  591.0000 116.2098 354.9962
v  591.0000 146.2098 354.9962
v  587.0000 146.2098 353.9244
v  587.0000 116.2098 353.9244
v  584.0718 146.2098 350.9962
v  584.0718 116.2098 350.9962
v  584.0718 146.2098 342.9962
v  584.0718 116.2098 342.9962
v  587.0000 146.2098 340.0681
v  587.0000 116.2098 340.0681
v  591.0000 146.2098 338.9962
v  591.0000 116.2098 338.9962
v  595.0000 146.2098 340.0681
v  595.0000 116.2098 340.0681
v  597.9282 146.2098 342.9962
v  597.9282 116.2098 342.9962
v  599.0000 146.2098 346.9962
v  599.0000 116.2098 346.9962
v  597.9282 146.2098 350.9962
v  597.9282 116.2098 350.9962
v  595.0000 146.2098 353.9244
v  595.0000 116.2098 353.9244
v  -459.0859 8.7098 11.8686
v  -458.9596 9.2098 11.8238
v  -458.6336 9.2098 15.9521
v  -458.7653 8.7098 15.9277
v  -460.4154 9.2098 19.6902
v  -460.5173 8.7098 19.6033
v  -463.8276 9.2098 22.0367
v  -463.8723 8.7098 21.9104
v  -467.9559 9.2098 22.3627
v  -467.9315 8.7098 22.2309
v  -471.6940 9.2098 20.5808
v  -471.6070 8.7098 20.4789
v  -474.0404 9.2098 17.1686
v  -473.9142 8.7098 17.1239
v  -473.5692 8.3438 17.0016
v  -471.3694 8.3438 20.2005
v  -467.8649 8.3438 21.8710
v  -463.9946 8.3438 21.5654
v  -460.7957 8.3438 19.3656
v  -459.1252 8.3438 15.8611
v  -459.4308 8.3438 11.9909
v  -459.6169 8.2098 15.7701
v  -459.9021 8.2098 12.1579
v  -473.0979 8.2098 16.8346
v  -471.0448 8.2098 19.8203
v  -467.7739 8.2098 21.3793
v  -464.1617 8.2098 21.0941
v  -461.1760 8.2098 19.0410
v  -458.9596 11.2098 11.8238
v  -461.3060 9.2098 8.4116
v  -461.3060 11.2098 8.4116
v  -465.0442 9.2098 6.6298
v  -465.0442 11.2098 6.6298
v  -469.1724 9.2098 6.9558
v  -469.1724 11.2098 6.9558
v  -472.5846 9.2098 9.3022
v  -472.5846 11.2098 9.3022
v  -474.3664 9.2098 13.0404
v  -474.3664 11.2098 13.0404
v  -474.0404 11.2098 17.1686
v  -458.6336 11.2098 15.9521
v  -471.6940 11.2098 20.5808
v  -460.4154 11.2098 19.6902
v  -467.9559 11.2098 22.3627
v  -463.8276 11.2098 22.0367
v  -473.8748 8.3438 13.1314
v  -473.3831 8.2098 13.2224
v  -472.2043 8.3438 9.6268
v  -471.8240 8.2098 9.9515
v  -469.0054 8.3438 7.4271
v  -468.8383 8.2098 7.8983
v  -465.1351 8.3438 7.1215
v  -465.2262 8.2098 7.6131
v  -461.6306 8.3438 8.7919
v  -461.9553 8.2098 9.1722
v  -461.3930 8.7098 8.5135
v  -474.2347 8.7098 13.0648
v  -472.4827 8.7098 9.3892
v  -469.1277 8.7098 7.0821
v  -465.0685 8.7098 6.7616
v  -453.1248 0.9849 9.7559
v  -452.8642 1.9738 9.6635
v  -452.2746 1.9738 17.1289
v  -452.5379 1.0000 17.0802
v  -455.4968 1.9738 23.8889
v  -455.7005 1.0000 23.7151
v  -461.6673 1.9738 28.1321
v  -461.7568 1.0000 27.8797
v  -469.1328 1.9738 28.7216
v  -469.0840 1.0000 28.4583
v  -475.8927 1.9738 25.4994
v  -475.7188 1.0000 25.2957
v  -480.1358 1.9738 19.3289
v  -479.8752 0.9849 19.2365
v  -479.1864 0.2636 18.9924
v  -475.2435 0.2679 24.7390
v  -468.9507 0.2679 27.7385
v  -462.0013 0.2679 27.1897
v  -456.2573 0.2679 23.2398
v  -453.2578 0.2679 16.9470
v  -453.8137 0.2636 10.0001
v  -454.2411 0.0000 16.7650
v  -454.7491 0.0000 10.3316
v  -478.2509 0.0000 18.6609
v  -474.5943 0.0000 23.9784
v  -468.7688 0.0000 26.7552
v  -462.3354 0.0000 26.2472
v  -457.0179 0.0000 22.5905
v  -453.0738 4.6497 9.7379
v  -452.4935 4.6497 17.0885
v  -452.9476 4.5380 9.6931
v  -452.3117 4.4656 17.1221
v  -452.8652 4.3873 9.6639
v  -452.2458 4.2130 17.1343
v  -452.8365 4.2126 9.6538
v  -455.6661 4.6497 23.7444
v  -455.5255 4.4656 23.8644
v  -461.7416 4.6497 27.9224
v  -461.6799 4.4656 28.0966
v  -469.0922 4.6497 28.5028
v  -469.1259 4.4656 28.6845
v  -475.7482 4.6497 25.3302
v  -475.8682 4.4656 25.4707
v  -480.0524 4.5380 19.2993
v  -479.9262 4.6497 19.2546
v  -480.1349 4.3873 19.3286
v  -480.1635 4.2126 19.3387
v  -475.9117 4.2130 25.5217
v  -469.1380 4.2130 28.7504
v  -461.6575 4.2130 28.1597
v  -455.4746 4.2130 23.9079
v  -457.1074 1.9738 3.4931
v  -457.0883 4.2117 3.4708
v  -463.8673 1.9738 0.2709
v  -463.8620 4.2117 0.2421
v  -471.3327 1.9738 0.8604
v  -471.3425 4.2117 0.8328
v  -477.5032 1.9738 5.1036
v  -477.5255 4.2117 5.0845
v  -480.7254 1.9738 11.8635
v  -480.7542 4.2117 11.8582
v  -480.6883 4.4656 11.8704
v  -477.4745 4.4656 5.1280
v  -471.3201 4.4656 0.8959
v  -463.8741 4.4656 0.3079
v  -457.1318 4.4656 3.5217
v  -457.2518 4.6497 3.6623
v  -480.5066 4.6497 11.9040
v  -477.3340 4.6497 5.2480
v  -471.2584 4.6497 1.0701
v  -463.9078 4.6497 0.4897
v  -478.7590 0.0000 12.2275
v  -464.2313 0.0000 2.2373
v  -458.4057 0.0000 5.0141
v  -475.9821 0.0000 6.4019
v  -470.6646 0.0000 2.7453
v  -479.7422 0.2679 12.0455
v  -476.7427 0.2679 5.7527
v  -470.9987 0.2679 1.8027
v  -464.0493 0.2679 1.2540
v  -457.7565 0.2679 4.2535
v  -457.2812 1.0000 3.6967
v  -463.9160 1.0000 0.5342
v  -471.2432 1.0000 1.1127
v  -477.2995 1.0000 5.2774
v  -480.4621 1.0000 11.9123
v  -469.7463 8.2098 18.2991
v  -471.2128 8.2098 16.1665
v  -474.3935 7.1730 17.2938
v  -474.8517 6.4705 20.5141
v  -476.7773 6.4705 15.0807
v  -477.4247 5.9414 18.3681
v  -472.1989 6.4705 23.0687
v  -468.0318 6.4705 24.6756
v  -463.0613 6.4705 24.1988
v  -458.8999 6.4705 21.4391
v  -462.6971 8.2098 17.7425
v  -464.8298 8.2098 19.2090
v  -456.6747 6.4705 17.5668
v  -461.5835 8.2098 15.4061
v  -456.2227 6.4705 13.9118
v  -461.7872 8.2098 12.8260
v  -455.5753 5.9414 10.6244
v  -467.4099 8.2098 19.4128
v  -471.4165 8.2098 13.5863
v  -476.3253 6.4705 11.4256
v  -470.3029 8.2098 11.2500
v  -474.1001 6.4705 7.5533
v  -468.1703 8.2098 9.7835
v  -469.9387 6.4705 4.7936
v  -465.5901 8.2098 9.5797
v  -464.9682 6.4705 4.3169
v  -460.8011 6.4705 5.9237
v  -458.1483 6.4705 8.4784
v  -463.2538 8.2098 10.6934
v  458.6770 8.7098 15.3176
v  458.5438 9.2098 15.3316
v  459.1921 9.2098 11.2415
v  459.3144 8.7098 11.2960
v  461.7985 9.2098 8.0236
v  461.8772 8.7098 8.1320
v  465.6647 9.2098 6.5400
v  465.6787 8.7098 6.6732
v  469.7548 9.2098 7.1882
v  469.7003 8.7098 7.3106
v  472.9727 9.2098 9.7947
v  472.8643 8.7098 9.8734
v  474.4563 9.2098 13.6609
v  474.3231 8.7098 13.6749
v  473.9591 8.3438 13.7131
v  472.5682 8.3438 10.0885
v  469.5513 8.3438 7.6450
v  465.7169 8.3438 7.0372
v  462.0923 8.3438 8.4281
v  459.6488 8.3438 11.4449
v  459.0411 8.3438 15.2793
v  460.1056 8.2098 11.6483
v  459.5383 8.2098 15.2271
v  473.4618 8.2098 13.7653
v  472.1637 8.2098 10.3824
v  469.3480 8.2098 8.1017
v  465.7691 8.2098 7.5345
v  462.3862 8.2098 8.8326
v  458.5438 11.2098 15.3316
v  460.0274 9.2098 19.1978
v  460.0274 11.2098 19.1978
v  463.2453 9.2098 21.8042
v  463.2453 11.2098 21.8042
v  467.3354 9.2098 22.4525
v  467.3354 11.2098 22.4525
v  471.2016 9.2098 20.9689
v  471.2016 11.2098 20.9689
v  473.8080 9.2098 17.7510
v  473.8080 11.2098 17.7510
v  474.4563 11.2098 13.6609
v  459.1921 11.2098 11.2415
v  472.9727 11.2098 9.7947
v  461.7985 11.2098 8.0236
v  469.7548 11.2098 7.1882
v  465.6647 11.2098 6.5400
v  473.3513 8.3438 17.5475
v  472.8945 8.2098 17.3441
v  470.9077 8.3438 20.5644
v  470.6139 8.2098 20.1598
v  467.2831 8.3438 21.9552
v  467.2309 8.2098 21.4580
v  463.4487 8.3438 21.3475
v  463.6522 8.2098 20.8907
v  460.4319 8.3438 18.9039
v  460.8365 8.2098 18.6101
v  460.1358 8.7098 19.1190
v  473.6856 8.7098 17.6965
v  471.1228 8.7098 20.8605
v  467.3214 8.7098 22.3193
v  463.2998 8.7098 21.6818
v  452.3873 0.9849 15.9779
v  452.1122 1.9738 16.0068
v  453.2845 1.9738 8.6105
v  453.5291 1.0000 8.7194
v  457.9979 1.9738 2.7913
v  458.1553 1.0000 3.0079
v  464.9895 1.9738 0.1084
v  465.0174 1.0000 0.3747
v  472.3858 1.9738 1.2807
v  472.2768 1.0000 1.5253
v  478.2050 1.9738 5.9941
v  477.9883 1.0000 6.1515
v  480.8879 1.9738 12.9857
v  480.6129 0.9849 13.0145
v  479.8860 0.2636 13.0909
v  477.3961 0.2679 6.5817
v  471.9790 0.2679 2.1940
v  465.0939 0.2679 1.1028
v  458.5855 0.2679 3.6002
v  454.1978 0.2679 9.0173
v  453.1141 0.2636 15.9016
v  455.1114 0.0000 9.4241
v  454.1011 0.0000 15.7980
v  478.8990 0.0000 13.1945
v  476.5870 0.0000 7.1694
v  471.5722 0.0000 3.1075
v  465.1983 0.0000 2.0973
v  459.1732 0.0000 4.4093
v  452.3335 4.6497 15.9836
v  453.4878 4.6497 8.7010
v  452.2003 4.5380 15.9975
v  453.3189 4.4656 8.6258
v  452.1133 4.3873 16.0067
v  453.2578 4.2130 8.5986
v  452.0831 4.2126 16.0099
v  458.1287 4.6497 2.9713
v  458.0201 4.4656 2.8218
v  465.0127 4.6497 0.3297
v  464.9934 4.4656 0.1459
v  472.2953 4.6497 1.4840
v  472.3705 4.4656 1.3151
v  478.0250 4.6497 6.1249
v  478.1745 4.4656 6.0163
v  480.7998 4.5380 12.9949
v  480.6666 4.6497 13.0089
v  480.8868 4.3873 12.9858
v  480.9171 4.2126 12.9826
v  478.2287 4.2130 5.9769
v  472.3977 4.2130 1.2540
v  464.9864 4.2130 0.0793
v  457.9807 4.2130 2.7676
v  454.7951 1.9738 22.9984
v  454.7714 4.2117 23.0155
v  460.6143 1.9738 27.7118
v  460.6024 4.2117 27.7385
v  468.0106 1.9738 28.8841
v  468.0137 4.2117 28.9132
v  475.0021 1.9738 26.2012
v  475.0194 4.2117 26.2249
v  479.7156 1.9738 20.3820
v  479.7423 4.2117 20.3939
v  479.6812 4.4656 20.3666
v  474.9800 4.4656 26.1707
v  468.0067 4.4656 28.8466
v  460.6296 4.4656 27.6773
v  454.8256 4.4656 22.9762
v  454.9751 4.6497 22.8676
v  479.5123 4.6497 20.2914
v  474.8714 4.6497 26.0212
v  467.9874 4.6497 28.6628
v  460.7048 4.6497 27.5085
v  477.8888 0.0000 19.5684
v  461.4279 0.0000 25.8849
v  456.4131 0.0000 21.8231
v  473.8269 0.0000 24.5832
v  467.8018 0.0000 26.8952
v  478.8022 0.2679 19.9752
v  474.4146 0.2679 25.3923
v  467.9062 0.2679 27.8897
v  461.0211 0.2679 26.7984
v  455.6040 0.2679 22.4108
v  455.0117 1.0000 22.8410
v  460.7232 1.0000 27.4671
v  467.9826 1.0000 28.6178
v  474.8448 1.0000 25.9845
v  479.4709 1.0000 20.2730
v  470.5455 8.2098 11.5578
v  471.4727 8.2098 13.9742
v  474.8288 7.1730 13.6218
v  476.0272 6.4705 10.5978
v  476.6292 6.4705 16.3309
v  478.0273 5.9414 13.2860
v  474.0453 6.4705 7.4938
v  470.3694 6.4705 4.9572
v  465.4252 6.4705 4.2586
v  460.7339 6.4705 5.9688
v  463.5616 8.2098 10.4508
v  465.9780 8.2098 9.5236
v  457.6650 6.4705 9.2135
v  461.9326 8.2098 12.4620
v  456.3709 6.4705 12.6615
v  461.5274 8.2098 15.0183
v  454.9728 5.9414 15.7065
v  468.5343 8.2098 9.9287
v  471.0676 8.2098 16.5304
v  475.3351 6.4705 19.7789
v  469.4385 8.2098 18.5417
v  472.2661 6.4705 23.0237
v  467.0222 8.2098 19.4689
v  467.5749 6.4705 24.7339
v  464.4658 8.2098 19.0637
v  462.6307 6.4705 24.0353
v  458.9548 6.4705 21.4987
v  456.9728 6.4705 18.3946
v  462.4547 8.2098 17.4347
v  583.1770 8.7098 347.8176
v  583.0437 9.2098 347.8315
v  583.6920 9.2098 343.7415
v  583.8144 8.7098 343.7960
v  586.2985 9.2098 340.5235
v  586.3772 8.7098 340.6319
v  590.1647 9.2098 339.0400
v  590.1786 8.7098 339.1732
v  594.2548 9.2098 339.6882
v  594.2002 8.7098 339.8106
v  597.4727 9.2098 342.2947
v  597.3643 8.7098 342.3734
v  598.9563 9.2098 346.1609
v  598.8230 8.7098 346.1749
v  598.4590 8.3438 346.2131
v  597.0681 8.3438 342.5885
v  594.0513 8.3438 340.1450
v  590.2169 8.3438 339.5372
v  586.5923 8.3438 340.9281
v  584.1487 8.3438 343.9449
v  583.5410 8.3438 347.7794
v  584.6056 8.2098 344.1483
v  584.0383 8.2098 347.7271
v  597.9617 8.2098 346.2653
v  596.6636 8.2098 342.8824
v  593.8479 8.2098 340.6017
v  590.2692 8.2098 340.0345
v  586.8862 8.2098 341.3326
v  583.0437 11.2098 347.8315
v  584.5273 9.2098 351.6978
v  584.5273 11.2098 351.6978
v  587.7453 9.2098 354.3042
v  587.7453 11.2098 354.3042
v  591.8353 9.2098 354.9525
v  591.8353 11.2098 354.9525
v  595.7015 9.2098 353.4689
v  595.7015 11.2098 353.4689
v  598.3080 9.2098 350.2509
v  598.3080 11.2098 350.2509
v  598.9563 11.2098 346.1609
v  583.6920 11.2098 343.7415
v  597.4727 11.2098 342.2947
v  586.2985 11.2098 340.5235
v  594.2548 11.2098 339.6882
v  590.1647 11.2098 339.0400
v  597.8513 8.3438 350.0475
v  597.3945 8.2098 349.8441
v  595.4077 8.3438 353.0643
v  595.1139 8.2098 352.6598
v  591.7831 8.3438 354.4552
v  591.7309 8.2098 353.9579
v  587.9487 8.3438 353.8475
v  588.1521 8.2098 353.3907
v  584.9319 8.3438 351.4039
v  585.3364 8.2098 351.1101
v  584.6357 8.7098 351.6190
v  598.1856 8.7098 350.1964
v  595.6228 8.7098 353.3605
v  591.8214 8.7098 354.8192
v  587.7998 8.7098 354.1818
v  576.8872 0.9849 348.4779
v  576.6121 1.9738 348.5068
v  577.7845 1.9738 341.1105
v  578.0291 1.0000 341.2194
v  582.4979 1.9738 335.2913
v  582.6553 1.0000 335.5079
v  589.4894 1.9738 332.6084
v  589.5174 1.0000 332.8747
v  596.8857 1.9738 333.7807
v  596.7768 1.0000 334.0253
v  602.7050 1.9738 338.4941
v  602.4883 1.0000 338.6515
v  605.3879 1.9738 345.4857
v  605.1128 0.9849 345.5145
v  604.3860 0.2636 345.5909
v  601.8960 0.2679 339.0817
v  596.4789 0.2679 334.6940
v  589.5938 0.2679 333.6027
v  583.0854 0.2679 336.1002
v  578.6978 0.2679 341.5172
v  577.6140 0.2636 348.4016
v  579.6113 0.0000 341.9241
v  578.6011 0.0000 348.2980
v  603.3989 0.0000 345.6945
v  601.0869 0.0000 339.6694
v  596.0721 0.0000 335.6075
v  589.6982 0.0000 334.5973
v  583.6732 0.0000 336.9093
v  576.8334 4.6497 348.4836
v  577.9877 4.6497 341.2010
v  576.7003 4.5380 348.4975
v  577.8189 4.4656 341.1258
v  576.6132 4.3873 348.5067
v  577.7578 4.2130 341.0986
v  576.5830 4.2126 348.5098
v  582.6287 4.6497 335.4713
v  582.5200 4.4656 335.3217
v  589.5127 4.6497 332.8297
v  589.4933 4.4656 332.6458
v  596.7953 4.6497 333.9839
v  596.8704 4.4656 333.8151
v  602.5250 4.6497 338.6249
v  602.6745 4.4656 338.5162
v  605.2997 4.5380 345.4949
v  605.1666 4.6497 345.5089
v  605.3868 4.3873 345.4858
v  605.4170 4.2126 345.4826
v  602.7287 4.2130 338.4769
v  596.8976 4.2130 333.7539
v  589.4864 4.2130 332.5792
v  582.4807 4.2130 335.2676
v  579.2950 1.9738 355.4984
v  579.2714 4.2117 355.5156
v  585.1143 1.9738 360.2118
v  585.1024 4.2117 360.2385
v  592.5106 1.9738 361.3841
v  592.5136 4.2117 361.4132
v  599.5021 1.9738 358.7012
v  599.5193 4.2117 358.7249
v  604.2155 1.9738 352.8820
v  604.2423 4.2117 352.8939
v  604.1811 4.4656 352.8666
v  599.4800 4.4656 358.6707
v  592.5067 4.4656 361.3466
v  585.1296 4.4656 360.1773
v  579.3255 4.4656 355.4762
v  579.4750 4.6497 355.3676
v  604.0123 4.6497 352.7914
v  599.3713 4.6497 358.5212
v  592.4873 4.6497 361.1628
v  585.2048 4.6497 360.0085
v  602.3887 0.0000 352.0683
v  585.9279 0.0000 358.3849
v  580.9131 0.0000 354.3231
v  598.3268 0.0000 357.0832
v  592.3018 0.0000 359.3952
v  603.3022 0.2679 352.4752
v  598.9146 0.2679 357.8922
v  592.4062 0.2679 360.3897
v  585.5211 0.2679 359.2984
v  580.1040 0.2679 354.9107
v  579.5117 1.0000 355.3410
v  585.2232 1.0000 359.9671
v  592.4826 1.0000 361.1178
v  599.3447 1.0000 358.4845
v  603.9709 1.0000 352.7730
v  595.0454 8.2098 344.0577
v  595.9727 8.2098 346.4742
v  599.3288 7.1730 346.1218
v  600.5272 6.4705 343.0978
v  601.1291 6.4705 348.8309
v  602.5272 5.9414 345.7860
v  598.5452 6.4705 339.9937
v  594.8693 6.4705 337.4572
v  589.9252 6.4705 336.7586
v  585.2339 6.4705 338.4688
v  588.0615 8.2098 342.9508
v  590.4779 8.2098 342.0236
v  582.1650 6.4705 341.7135
v  586.4325 8.2098 344.9620
v  580.8709 6.4705 345.1615
v  586.0273 8.2098 347.5183
v  579.4728 5.9414 348.2065
v  593.0342 8.2098 342.4287
v  595.5675 8.2098 349.0305
v  599.8350 6.4705 352.2789
v  593.9385 8.2098 351.0416
v  596.7661 6.4705 355.5236
v  591.5221 8.2098 351.9689
v  592.0748 6.4705 357.2339
v  588.9658 8.2098 351.5637
v  587.1307 6.4705 356.5352
v  583.4548 6.4705 353.9987
v  581.4728 6.4705 350.8946
v  586.9546 8.2098 349.9347
v  -459.0000 515.6134 17.2801
v  -460.7043 515.6134 20.0108
v  -460.7043 545.6134 20.0108
v  -459.0000 545.6134 17.2801
v  -463.3469 515.6134 21.8487
v  -463.3469 545.6134 21.8487
v  -466.5000 515.6134 22.4962
v  -466.5000 545.6134 22.4962
v  -459.0000 545.6134 339.4962
v  -459.0000 515.6134 339.4962
v  -469.6531 515.6134 21.8487
v  -469.6531 545.6134 21.8487
v  -472.2957 515.6134 20.0108
v  -472.2957 545.6134 20.0108
v  -474.0000 515.6134 17.2801
v  -474.0000 545.6134 17.2801
v  -474.0000 545.6134 339.4962
v  -474.0000 515.6134 339.4962
v  -474.5000 515.6134 14.4962
v  -474.5000 545.6134 14.4962
v  -473.4282 545.6134 10.4962
v  -473.4282 515.6134 10.4962
v  -470.5000 545.6134 7.5680
v  -470.5000 515.6134 7.5680
v  -466.5000 545.6134 6.4962
v  -466.5000 515.6134 6.4962
v  -462.5000 545.6134 7.5680
v  -462.5000 515.6134 7.5680
v  -459.5718 545.6134 10.4962
v  -459.5718 515.6134 10.4962
v  -458.5000 545.6134 14.4962
v  -458.5000 515.6134 14.4962
v  -459.5718 545.6134 18.4962
v  -459.5718 515.6134 18.4962
v  -462.5000 545.6134 21.4244
v  -462.5000 515.6134 21.4244
v  -470.5000 545.6134 21.4244
v  -470.5000 515.6134 21.4244
v  -473.4282 545.6134 18.4962
v  -473.4282 515.6134 18.4962
v  474.0000 515.6134 17.2801
v  472.2957 515.6134 20.0108
v  472.2957 545.6134 20.0108
v  474.0000 545.6134 17.2801
v  469.6531 515.6134 21.8487
v  469.6531 545.6134 21.8487
v  466.5000 515.6134 22.4962
v  466.5000 545.6134 22.4962
v  474.0000 545.6134 339.4962
v  474.0000 515.6134 339.4962
v  463.3469 515.6134 21.8487
v  463.3469 545.6134 21.8487
v  460.7043 515.6134 20.0108
v  460.7043 545.6134 20.0108
v  459.0000 515.6134 17.2801
v  459.0000 545.6134 17.2801
v  459.0000 545.6134 339.4962
v  459.0000 515.6134 339.4962
v  458.5000 515.6134 14.4962
v  458.5000 545.6134 14.4962
v  459.5718 545.6134 10.4962
v  459.5718 515.6134 10.4962
v  462.5000 545.6134 7.5680
v  462.5000 515.6134 7.5680
v  466.5000 545.6134 6.4962
v  466.5000 515.6134 6.4962
v  470.5000 545.6134 7.5680
v  470.5000 515.6134 7.5680
v  473.4282 545.6134 10.4962
v  473.4282 515.6134 10.4962
v  474.5000 545.6134 14.4962
v  474.5000 515.6134 14.4962
v  473.4282 545.6134 18.4962
v  473.4282 515.6134 18.4962
v  470.5000 545.6134 21.4244
v  470.5000 515.6134 21.4244
v  462.5000 545.6134 21.4244
v  462.5000 515.6134 21.4244
v  459.5718 545.6134 18.4962
v  459.5718 515.6134 18.4962
v  588.2161 515.6134 354.4962
v  585.4855 515.6134 352.7919
v  585.4855 545.6134 352.7919
v  588.2161 545.6134 354.4962
v  583.6476 515.6134 350.1493
v  583.6476 545.6134 350.1493
v  583.0000 515.6134 346.9962
v  583.0000 545.6134 346.9962
v  588.2161 515.6134 339.4962
v  -588.2161 515.6134 339.4962
v  -588.2161 545.6134 339.4962
v  588.2161 545.6134 339.4962
v  -588.2161 515.6134 354.4962
v  -585.0344 515.6134 352.3265
v  -583.2352 515.6134 348.9217
v  -583.2352 515.6134 345.0707
v  -585.0344 515.6134 341.6659
v  583.6476 515.6134 343.8431
v  585.4855 515.6134 341.2005
v  583.6476 545.6134 343.8431
v  585.4855 545.6134 341.2005
v  -585.0344 545.6134 352.3265
v  -588.2161 545.6134 354.4962
v  -583.2352 545.6134 348.9217
v  -583.2352 545.6134 345.0707
v  -585.0344 545.6134 341.6659
v  591.0000 515.6134 354.9962
v  591.0000 545.6134 354.9962
v  587.0000 545.6134 353.9244
v  587.0000 515.6134 353.9244
v  584.0718 545.6134 350.9962
v  584.0718 515.6134 350.9962
v  584.0718 545.6134 342.9962
v  584.0718 515.6134 342.9962
v  587.0000 545.6134 340.0681
v  587.0000 515.6134 340.0681
v  591.0000 545.6134 338.9962
v  591.0000 515.6134 338.9962
v  595.0000 545.6134 340.0681
v  595.0000 515.6134 340.0681
v  597.9282 545.6134 342.9962
v  597.9282 515.6134 342.9962
v  599.0000 545.6134 346.9962
v  599.0000 515.6134 346.9962
v  597.9282 545.6134 350.9962
v  597.9282 515.6134 350.9962
v  595.0000 545.6134 353.9244
v  595.0000 515.6134 353.9244
v  -590.9999 545.6134 354.9962
v  -590.9999 515.6134 354.9962
v  -586.9999 515.6134 353.9244
v  -586.9999 545.6134 353.9244
v  -584.0718 515.6134 350.9962
v  -584.0718 545.6134 350.9962
v  -582.9999 515.6134 346.9962
v  -582.9999 545.6134 346.9962
v  -584.0718 515.6134 342.9962
v  -584.0718 545.6134 342.9962
v  -586.9999 515.6134 340.0681
v  -586.9999 545.6134 340.0681
v  -590.9999 515.6134 338.9962
v  -590.9999 545.6134 338.9962
v  -594.9999 515.6134 340.0681
v  -594.9999 545.6134 340.0681
v  -597.9282 515.6134 342.9962
v  -597.9282 545.6134 342.9962
v  -598.9999 515.6134 346.9962
v  -598.9999 545.6134 346.9962
v  -597.9282 515.6134 350.9962
v  -597.9282 545.6134 350.9962
v  -594.9999 515.6134 353.9244
v  -594.9999 545.6134 353.9244
v  -459.0000 725.6134 17.2801
v  -460.7043 725.6135 20.0108
v  -460.7043 755.6135 20.0108
v  -459.0000 755.6134 17.2801
v  -463.3469 725.6135 21.8487
v  -463.3469 755.6135 21.8487
v  -466.5000 725.6134 22.4962
v  -466.5000 755.6134 22.4962
v  -459.0000 755.6134 339.4962
v  -459.0000 725.6134 339.4962
v  -469.6531 725.6135 21.8487
v  -469.6531 755.6135 21.8487
v  -472.2957 725.6135 20.0108
v  -472.2957 755.6135 20.0108
v  -474.0000 725.6134 17.2801
v  -474.0000 755.6134 17.2801
v  -474.0000 755.6134 339.4962
v  -474.0000 725.6134 339.4962
v  458.5000 725.6134 14.4962
v  458.5000 755.6134 14.4962
v  459.5718 755.6135 10.4962
v  459.5718 725.6135 10.4962
v  462.5000 755.6135 7.5680
v  462.5000 725.6135 7.5680
v  466.5000 755.6135 6.4962
v  466.5000 725.6135 6.4962
v  470.5000 755.6135 7.5680
v  470.5000 725.6135 7.5680
v  473.4282 755.6135 10.4962
v  473.4282 725.6135 10.4962
v  474.5000 755.6134 14.4962
v  474.5000 725.6134 14.4962
v  473.4282 755.6135 18.4962
v  473.4282 725.6135 18.4962
v  470.5000 755.6135 21.4244
v  470.5000 725.6135 21.4244
v  466.5000 755.6135 22.4962
v  466.5000 725.6135 22.4962
v  462.5000 755.6135 21.4244
v  462.5000 725.6135 21.4244
v  459.5718 755.6135 18.4962
v  459.5718 725.6135 18.4962
v  -474.5000 725.6134 14.4962
v  -474.5000 755.6134 14.4962
v  -473.4282 755.6135 10.4962
v  -473.4282 725.6135 10.4962
v  -470.5000 755.6135 7.5680
v  -470.5000 725.6135 7.5680
v  -466.5000 755.6135 6.4962
v  -466.5000 725.6135 6.4962
v  -462.5000 755.6135 7.5680
v  -462.5000 725.6135 7.5680
v  -459.5718 755.6135 10.4962
v  -459.5718 725.6135 10.4962
v  -458.5000 755.6134 14.4962
v  -458.5000 725.6134 14.4962
v  -459.5718 755.6135 18.4962
v  -459.5718 725.6135 18.4962
v  -462.5000 755.6135 21.4244
v  -462.5000 725.6135 21.4244
v  -466.5000 755.6135 22.4962
v  -466.5000 725.6135 22.4962
v  -470.5000 755.6135 21.4244
v  -470.5000 725.6135 21.4244
v  -473.4282 755.6135 18.4962
v  -473.4282 725.6135 18.4962
v  474.0000 725.6134 17.2801
v  472.2957 725.6135 20.0108
v  472.2957 755.6135 20.0108
v  474.0000 755.6134 17.2801
v  469.6531 725.6135 21.8487
v  469.6531 755.6135 21.8487
v  466.5000 725.6134 22.4962
v  466.5000 755.6134 22.4962
v  474.0000 755.6134 339.4962
v  474.0000 725.6134 339.4962
v  463.3469 725.6135 21.8487
v  463.3469 755.6135 21.8487
v  460.7043 725.6135 20.0108
v  460.7043 755.6135 20.0108
v  459.0000 725.6134 17.2801
v  459.0000 755.6134 17.2801
v  459.0000 755.6134 339.4962
v  459.0000 725.6134 339.4962
v  588.2161 725.6134 354.4962
v  585.4855 725.6135 352.7919
v  585.4855 755.6135 352.7919
v  588.2161 755.6134 354.4962
v  583.6476 725.6135 350.1493
v  583.6476 755.6135 350.1493
v  583.0000 725.6134 346.9962
v  583.0000 755.6134 346.9962
v  588.2161 725.6134 339.4962
v  -588.2161 725.6134 339.4962
v  -588.2161 755.6134 339.4962
v  588.2161 755.6134 339.4962
v  -588.2161 725.6134 354.4962
v  -585.0344 725.6135 352.3265
v  -583.2352 725.6135 348.9217
v  -583.2352 725.6135 345.0707
v  -585.0344 725.6135 341.6659
v  583.6476 725.6135 343.8431
v  585.4855 725.6135 341.2005
v  583.6476 755.6135 343.8431
v  585.4855 755.6135 341.2005
v  -585.0344 755.6135 352.3265
v  -588.2161 755.6134 354.4962
v  -583.2352 755.6135 348.9217
v  -583.2352 755.6135 345.0707
v  -585.0344 755.6135 341.6659
v  591.0000 725.6134 354.9962
v  591.0000 755.6134 354.9962
v  587.0000 755.6135 353.9244
v  587.0000 725.6135 353.9244
v  584.0718 755.6135 350.9962
v  584.0718 725.6135 350.9962
v  583.0000 755.6135 346.9962
v  583.0000 725.6135 346.9962
v  584.0718 755.6135 342.9962
v  584.0718 725.6135 342.9962
v  587.0000 755.6135 340.0681
v  587.0000 725.6135 340.0681
v  591.0000 755.6134 338.9962
v  591.0000 725.6134 338.9962
v  595.0000 755.6135 340.0681
v  595.0000 725.6135 340.0681
v  597.9282 755.6135 342.9962
v  597.9282 725.6135 342.9962
v  599.0000 755.6135 346.9962
v  599.0000 725.6135 346.9962
v  597.9282 755.6135 350.9962
v  597.9282 725.6135 350.9962
v  595.0000 755.6135 353.9244
v  595.0000 725.6135 353.9244
v  -590.9999 755.6134 354.9962
v  -590.9999 725.6134 354.9962
v  -586.9999 725.6135 353.9244
v  -586.9999 755.6135 353.9244
v  -584.0718 725.6135 350.9962
v  -584.0718 755.6135 350.9962
v  -582.9999 725.6135 346.9962
v  -582.9999 755.6135 346.9962
v  -584.0718 725.6135 342.9962
v  -584.0718 755.6135 342.9962
v  -586.9999 725.6135 340.0681
v  -586.9999 755.6135 340.0681
v  -590.9999 725.6134 338.9962
v  -590.9999 755.6134 338.9962
v  -594.9999 725.6135 340.0681
v  -594.9999 755.6135 340.0681
v  -597.9282 725.6135 342.9962
v  -597.9282 755.6135 342.9962
v  -598.9999 725.6135 346.9962
v  -598.9999 755.6135 346.9962
v  -597.9282 725.6135 350.9962
v  -597.9282 755.6135 350.9962
v  -594.9999 725.6135 353.9244
v  -594.9999 755.6135 353.9244
v  598.6337 1460.6135 344.6029
v  598.6337 1355.6135 344.6029
v  596.4142 1355.6135 341.1068
v  596.4142 1460.6135 341.1068
v  592.7441 1355.6135 339.1887
v  592.7441 1460.6135 339.1887
v  588.6067 1355.6135 339.3626
v  588.6067 1460.6135 339.3626
v  585.1105 1355.6135 341.5820
v  585.1105 1460.6135 341.5820
v  583.1925 1355.6135 345.2521
v  583.1925 1460.6135 345.2521
v  583.3664 1355.6135 349.3895
v  583.3664 1460.6135 349.3895
v  585.5858 1355.6135 352.8857
v  585.5858 1460.6135 352.8857
v  589.2559 1355.6135 354.8038
v  589.2559 1460.6135 354.8038
v  593.3933 1355.6135 354.6298
v  593.3933 1460.6135 354.6298
v  596.8895 1355.6135 352.4105
v  596.8895 1460.6135 352.4105
v  598.8076 1355.6135 348.7404
v  598.8076 1460.6135 348.7404
v  592.0096 1465.5575 339.2348
v  591.5678 1466.1545 342.6312
v  594.0732 1466.1544 343.8449
v  595.7551 1465.5575 340.7795
v  595.1187 1466.1544 345.4431
v  598.2264 1465.5575 343.9899
v  595.3650 1466.1544 347.5640
v  598.7614 1465.5575 348.0059
v  594.5843 1466.1544 349.5514
v  597.2167 1465.5575 351.7513
v  591.0001 1466.3535 346.9962
v  588.8353 1466.1544 343.1635
v  589.9904 1465.5575 354.7576
v  594.0063 1465.5575 354.2226
v  593.1647 1466.1544 350.8289
v  590.4323 1466.1545 351.3612
v  597.2614 1460.8372 351.7854
v  597.0394 1460.7180 351.3015
v  598.3549 1460.7180 347.9530
v  598.8171 1460.8370 348.0131
v  597.8424 1460.6135 347.8863
v  597.9398 1460.7180 344.3793
v  597.3707 1460.6135 344.3459
v  594.6475 1460.7180 353.4542
v  596.4806 1460.6135 351.1882
v  597.3505 1460.8846 351.8536
v  594.0280 1460.8372 354.2745
v  590.0433 1460.7181 354.3511
v  589.9831 1460.8370 354.8133
v  590.1099 1460.6134 353.8386
v  593.6503 1460.6135 353.3669
v  595.1920 1460.6135 341.5156
v  596.1783 1460.7180 341.6864
v  591.9567 1460.7181 339.6414
v  591.8901 1460.6134 340.1539
v  592.0169 1460.8370 339.1791
v  595.7892 1460.8372 340.7349
v  595.8574 1460.8846 340.6457
v  598.2783 1460.8372 343.9684
v  582.8725 1465.0814 345.9390
v  583.4327 1465.0814 350.1444
v  583.4946 1465.3248 350.1186
v  582.9206 1465.2898 345.9453
v  583.0505 1465.4587 345.9621
v  583.6636 1465.5078 350.0483
v  583.7736 1465.5575 350.0025
v  583.2386 1465.5575 345.9866
v  586.1725 1465.5078 353.3076
v  586.2450 1465.5575 353.2130
v  589.9750 1465.5078 354.8758
v  594.0521 1465.5078 354.3327
v  597.3115 1465.5078 351.8237
v  598.9495 1465.4587 348.0304
v  597.4568 1465.3248 351.9349
v  599.0795 1465.2898 348.0472
v  597.5099 1465.0814 351.9756
v  599.1275 1465.0814 348.0535
v  586.0206 1465.0814 353.5062
v  586.0613 1465.3248 353.4530
v  589.9427 1465.0814 355.1237
v  589.9514 1465.3248 355.0573
v  594.1481 1465.0814 354.5634
v  594.1224 1465.3248 354.5016
v  594.0710 1460.8846 354.3781
v  589.9686 1460.8846 354.9246
v  586.1426 1460.8846 353.3467
v  586.2108 1460.8372 353.2576
v  583.6182 1460.8846 350.0672
v  583.7218 1460.8372 350.0241
v  583.1829 1460.8370 345.9793
v  582.9948 1460.9398 345.9549
v  583.4492 1461.0676 350.1375
v  582.8672 1461.1130 345.9383
v  583.3873 1461.3225 350.1632
v  582.8237 1461.3242 345.9326
v  599.1763 1461.3242 348.0598
v  597.5491 1461.3225 352.0055
v  597.4958 1461.0676 351.9648
v  599.1328 1461.1130 348.0542
v  599.0052 1460.9398 348.0376
v  594.1413 1461.0676 354.5471
v  589.9450 1461.0676 355.1061
v  586.0314 1461.0676 353.4921
v  594.1670 1461.3225 354.6089
v  589.9364 1461.3225 355.1725
v  585.9908 1461.3225 353.5453
v  586.8080 1460.6135 352.4769
v  585.8217 1460.7180 352.3061
v  584.0602 1460.7180 349.6131
v  584.6293 1460.6135 349.6466
v  583.6451 1460.7180 346.0395
v  584.1577 1460.6135 346.1061
v  584.9606 1460.7180 342.6909
v  584.7386 1460.8372 342.2070
v  587.3525 1460.7180 340.5383
v  585.5194 1460.6135 342.8042
v  584.6495 1460.8846 342.1388
v  587.9721 1460.8372 339.7180
v  588.3497 1460.6135 340.6255
v  587.9268 1466.1544 350.1475
v  586.8813 1466.1544 348.5493
v  586.6350 1466.1544 346.4284
v  587.4157 1466.1544 344.4411
v  584.7833 1465.5575 342.2411
v  587.9937 1465.5575 339.7698
v  584.4901 1465.0814 342.0168
v  584.4509 1461.3225 341.9869
v  587.8519 1465.0814 339.4290
v  587.8330 1461.3225 339.3835
v  592.0573 1465.0814 338.8687
v  592.0636 1461.3225 338.8199
v  595.9794 1465.0814 340.4863
v  596.0092 1461.3225 340.4472
v  598.5673 1465.0814 343.8481
v  598.6127 1461.3225 343.8292
v  598.5508 1461.0676 343.8549
v  598.3818 1460.8846 343.9252
v  592.0314 1460.8846 339.0678
v  587.9290 1460.8846 339.6143
v  584.5042 1461.0676 342.0276
v  587.8587 1461.0676 339.4454
v  592.0550 1461.0676 338.8864
v  595.9686 1461.0676 340.5003
v  598.3364 1465.5078 343.9441
v  598.5054 1465.3248 343.8738
v  595.9387 1465.3248 340.5394
v  592.0486 1465.3248 338.9351
v  587.8776 1465.3248 339.4908
v  584.5432 1465.3248 342.0575
v  584.6885 1465.5078 342.1687
v  587.9479 1465.5078 339.6598
v  592.0250 1465.5078 339.1166
v  595.8275 1465.5078 340.6848
v  464.2137 1465.5575 7.0108
v  465.2142 1466.1545 10.2864
v  467.9972 1466.1544 10.3569
v  468.2628 1465.5575 6.8705
v  469.6094 1466.1544 11.3806
v  471.8394 1465.5575 8.7735
v  470.7098 1466.1544 13.2104
v  473.9854 1465.5575 12.2099
v  470.8196 1466.1544 15.3428
v  474.1257 1465.5575 16.2590
v  466.5000 1466.3535 14.4962
v  462.9455 1466.1544 11.8999
v  468.7863 1465.5575 21.9817
v  472.2227 1465.5575 19.8357
v  470.0545 1466.1544 17.0926
v  467.7858 1466.1545 18.7060
v  474.1804 1460.8372 16.2716
v  473.7784 1460.7180 15.9226
v  473.5934 1460.7180 12.3297
v  474.0391 1460.8370 12.1935
v  473.0991 1460.6135 12.4807
v  471.7393 1460.7180 9.2465
v  471.2072 1460.6135 9.4512
v  472.4892 1460.7180 18.8710
v  473.2227 1460.6135 16.0502
v  474.2898 1460.8846 16.2969
v  472.2638 1460.8372 19.8740
v  468.6666 1460.7181 21.5896
v  468.8027 1460.8370 22.0354
v  468.5156 1460.6134 21.0953
v  471.5450 1460.6135 19.2034
v  468.0540 1460.6135 7.7735
v  469.0228 1460.7180 7.5216
v  464.3335 1460.7181 7.4029
v  464.4844 1460.6134 7.8972
v  464.1973 1460.8370 6.9571
v  468.2754 1460.8372 6.8158
v  468.3007 1460.8846 6.7065
v  471.8777 1460.8372 8.7325
v  458.6615 1465.0814 16.8904
v  460.9088 1465.0814 20.4888
v  460.9544 1465.3248 20.4399
v  458.7079 1465.2898 16.8762
v  458.8332 1465.4587 16.8379
v  461.0793 1465.5078 20.3061
v  461.1606 1465.5575 20.2189
v  459.0146 1465.5575 16.7825
v  464.7104 1465.5078 22.2381
v  464.7373 1465.5575 22.1220
v  468.8211 1465.5078 22.0957
v  472.3098 1465.5078 19.9170
v  474.2419 1465.5078 16.2858
v  474.1668 1465.4587 12.1545
v  474.4202 1465.3248 16.3270
v  474.2922 1465.2898 12.1163
v  474.4854 1465.0814 16.3421
v  474.3385 1465.0814 12.1021
v  464.6541 1465.0814 22.4816
v  464.6692 1465.3248 22.4164
v  468.8941 1465.0814 22.3347
v  468.8746 1465.3248 22.2707
v  472.4926 1465.0814 20.0875
v  472.4437 1465.3248 20.0418
v  472.3458 1460.8846 19.9505
v  468.8355 1460.8846 22.1427
v  464.6993 1460.8846 22.2860
v  464.7247 1460.8372 22.1767
v  461.0457 1460.8846 20.3421
v  461.1223 1460.8372 20.2600
v  458.9609 1460.8370 16.7989
v  458.7795 1460.9398 16.8543
v  460.9208 1461.0676 20.4759
v  458.6563 1461.1130 16.8919
v  460.8752 1461.3225 20.5248
v  458.6145 1461.3242 16.9047
v  474.3856 1461.3242 12.0877
v  474.5333 1461.3225 16.3532
v  474.4681 1461.0676 16.3381
v  474.3437 1461.1130 12.1005
v  474.2206 1460.9398 12.1381
v  472.4796 1461.0676 20.0754
v  468.8889 1461.0676 22.3177
v  464.6581 1461.0676 22.4643
v  472.5286 1461.3225 20.1211
v  468.9085 1461.3225 22.3818
v  464.6431 1461.3225 22.5296
v  464.9460 1460.6135 21.2190
v  463.9772 1460.7180 21.4708
v  461.2607 1460.7180 19.7459
v  461.7928 1460.6135 19.5413
v  459.4066 1460.7180 16.6628
v  459.9010 1460.6135 16.5118
v  459.2216 1460.7180 13.0698
v  458.8196 1460.8372 12.7209
v  460.5108 1460.7180 10.1215
v  459.7773 1460.6135 12.9422
v  458.7102 1460.8846 12.6956
v  460.7363 1460.8372 9.1185
v  461.4550 1460.6135 9.7891
v  465.0028 1466.1544 18.6356
v  463.3906 1466.1544 17.6118
v  462.2902 1466.1544 15.7820
v  462.1804 1466.1544 13.6497
v  458.8743 1465.5575 12.7335
v  460.7773 1465.5575 9.1568
v  458.5146 1465.0814 12.6504
v  458.4667 1461.3225 12.6393
v  460.5074 1465.0814 8.9050
v  460.4714 1461.3225 8.8714
v  464.1059 1465.0814 6.6577
v  464.0915 1461.3225 6.6107
v  468.3459 1465.0814 6.5108
v  468.3569 1461.3225 6.4629
v  472.0913 1465.0814 8.5036
v  472.1248 1461.3225 8.4677
v  472.0792 1461.0676 8.5166
v  471.9543 1460.8846 8.6504
v  464.1645 1460.8846 6.8498
v  460.6542 1460.8846 9.0419
v  458.5319 1461.0676 12.6544
v  460.5204 1461.0676 8.9171
v  464.1111 1461.0676 6.6747
v  468.3419 1461.0676 6.5281
v  471.9207 1465.5078 8.6864
v  472.0456 1465.3248 8.5526
v  468.3308 1465.3248 6.5761
v  464.1254 1465.3248 6.7218
v  460.5563 1465.3248 8.9506
v  458.5798 1465.3248 12.6654
v  458.7581 1465.5078 12.7066
v  460.6902 1465.5078 9.0755
v  464.1789 1465.5078 6.8968
v  468.2896 1465.5078 6.7544
v  -460.1029 1465.5575 9.9867
v  -462.9023 1466.1545 11.9601
v  -462.1001 1466.1544 14.6260
v  -458.7052 1465.5575 13.7895
v  -462.5692 1466.1544 16.4772
v  -459.3961 1465.5575 17.7816
v  -463.9639 1466.1544 18.0940
v  -461.9905 1465.5575 20.8934
v  -465.9553 1466.1544 18.8642
v  -465.7933 1465.5575 22.2911
v  -466.5000 1466.3535 14.4962
v  -465.1435 1466.1544 10.3087
v  -472.8971 1465.5575 19.0057
v  -469.7853 1465.5575 21.6001
v  -467.8565 1466.1544 18.6838
v  -470.0977 1466.1545 17.0324
v  -465.7882 1460.8372 22.3470
v  -465.5822 1460.7180 21.8561
v  -462.2267 1460.7180 20.5583
v  -461.9582 1460.8370 20.9393
v  -462.5245 1460.6135 20.1359
v  -459.8767 1460.7180 17.8342
v  -460.2373 1460.6135 17.3925
v  -468.7857 1460.7180 21.5521
v  -465.8769 1460.6135 21.3680
v  -465.7780 1460.8846 22.4588
v  -469.8089 1460.8372 21.6511
v  -472.5621 1460.7181 18.7695
v  -472.9430 1460.8370 19.0381
v  -472.1396 1460.6134 18.4717
v  -469.3963 1460.6135 20.7589
v  -459.6282 1460.6135 13.8732
v  -459.0864 1460.7180 14.7148
v  -460.4380 1460.7181 10.2229
v  -460.8604 1460.6134 10.5207
v  -460.0570 1460.8370 9.9544
v  -458.6493 1460.8372 13.7844
v  -458.5375 1460.8846 13.7743
v  -459.3452 1460.8372 17.8051
v  -471.2222 1465.0814 7.7974
v  -473.9390 1465.0814 11.0559
v  -473.8782 1465.3248 11.0840
v  -471.1943 1465.2898 7.8370
v  -471.1188 1465.4587 7.9441
v  -473.7121 1465.5078 11.1609
v  -473.6039 1465.5575 11.2109
v  -471.0095 1465.5575 8.0991
v  -474.4135 1465.5078 15.2138
v  -474.2949 1465.5575 15.2030
v  -472.9946 1465.5078 19.0744
v  -469.8354 1465.5078 21.7083
v  -465.7825 1465.5078 22.4098
v  -461.8812 1465.4587 21.0484
v  -465.7659 1465.3248 22.5920
v  -461.8058 1465.2898 21.1555
v  -465.7599 1465.0814 22.6587
v  -461.7778 1465.0814 21.1951
v  -474.6625 1465.0814 15.2363
v  -474.5958 1465.3248 15.2303
v  -473.1989 1465.0814 19.2184
v  -473.1441 1465.3248 19.1799
v  -469.9403 1465.0814 21.9352
v  -469.9122 1465.3248 21.8744
v  -469.8560 1460.8846 21.7530
v  -473.0348 1460.8846 19.1027
v  -474.4625 1460.8846 15.2182
v  -474.3508 1460.8372 15.2081
v  -473.7567 1460.8846 11.1402
v  -473.6549 1460.8372 11.1873
v  -471.0418 1460.8370 8.0532
v  -471.1511 1460.9398 7.8982
v  -473.9229 1461.0676 11.0634
v  -471.2253 1461.1130 7.7930
v  -473.9836 1461.3225 11.0353
v  -471.2505 1461.3242 7.7572
v  -461.7495 1461.3242 21.2353
v  -465.7555 1461.3225 22.7077
v  -465.7615 1461.0676 22.6410
v  -461.7747 1461.1130 21.1995
v  -461.8489 1460.9398 21.0943
v  -469.9328 1461.0676 21.9191
v  -473.1844 1461.0676 19.2082
v  -474.6448 1461.0676 15.2347
v  -469.9609 1461.3225 21.9798
v  -473.2391 1461.3225 19.2468
v  -474.7115 1461.3225 15.2408
v  -473.3718 1460.6135 15.1193
v  -473.9136 1460.7180 14.2776
v  -473.1233 1460.7180 11.1583
v  -472.7627 1460.6135 11.5999
v  -470.7733 1460.7180 8.4342
v  -470.4755 1460.6135 8.8566
v  -467.4178 1460.7180 7.1364
v  -467.2119 1460.8372 6.6455
v  -464.2143 1460.7180 7.4404
v  -467.1231 1460.6135 7.6244
v  -467.2220 1460.8846 6.5337
v  -463.1911 1460.8372 7.3414
v  -463.6037 1460.6135 8.2335
v  -470.8999 1466.1544 14.3665
v  -470.4308 1466.1544 12.5152
v  -469.0361 1466.1544 10.8985
v  -467.0447 1466.1544 10.1283
v  -467.2068 1465.5575 6.7014
v  -463.2147 1465.5575 7.3923
v  -467.2401 1465.0814 6.3338
v  -467.2445 1461.3225 6.2848
v  -463.0598 1465.0814 7.0573
v  -463.0391 1461.3225 7.0126
v  -459.8011 1465.0814 9.7740
v  -459.7609 1461.3225 9.7457
v  -458.3375 1465.0814 13.7561
v  -458.2885 1461.3225 13.7517
v  -459.0610 1465.0814 17.9365
v  -459.0164 1461.3225 17.9572
v  -459.0771 1461.0676 17.9291
v  -459.2433 1460.8846 17.8522
v  -459.9652 1460.8846 9.8897
v  -463.1440 1460.8846 7.2395
v  -467.2385 1461.0676 6.3514
v  -463.0672 1461.0676 7.0734
v  -459.8156 1461.0676 9.7843
v  -458.3552 1461.0676 13.7577
v  -459.2879 1465.5078 17.8316
v  -459.1218 1465.3248 17.9084
v  -458.4042 1465.3248 13.7622
v  -459.8559 1465.3248 9.8126
v  -463.0878 1465.3248 7.1180
v  -467.2341 1465.3248 6.4004
v  -467.2175 1465.5078 6.5827
v  -463.1646 1465.5078 7.2841
v  -460.0054 1465.5078 9.9181
v  -458.5865 1465.5078 13.7787
v  591.0000 725.6135 338.9962
v  591.0000 725.6135 354.9962
v  597.9282 515.6098 350.9962
v  599.0000 515.6098 346.9962
v  597.9282 515.6098 342.9962
v  595.0000 515.6098 340.0681
v  591.0000 515.6098 338.9962
v  587.0000 515.6098 340.0681
v  584.0718 515.6098 342.9962
v  583.0000 515.6098 346.9962
v  584.0718 515.6098 350.9962
v  587.0000 515.6098 353.9244
v  591.0000 515.6098 354.9962
v  595.0000 515.6098 353.9244
v  597.9282 0.0000 350.9962
v  599.0000 0.0000 346.9962
v  597.9282 0.0000 342.9962
v  595.0000 0.0000 340.0681
v  591.0000 0.0000 338.9962
v  587.0000 0.0000 340.0681
v  584.0718 0.0000 342.9962
v  583.0000 0.0000 346.9962
v  584.0718 0.0000 350.9962
v  587.0000 0.0000 353.9244
v  591.0000 0.0000 354.9962
v  595.0000 0.0000 353.9244
v  -591.0000 116.2098 338.9962
v  -591.0000 146.2098 338.9962
v  -587.0000 146.2098 340.0681
v  -587.0000 116.2098 340.0681
v  -584.0718 146.2098 342.9962
v  -584.0718 116.2098 342.9962
v  -583.0000 146.2098 346.9962
v  -583.0000 116.2098 346.9962
v  -584.0718 146.2098 350.9962
v  -584.0718 116.2098 350.9962
v  -587.0000 146.2098 353.9244
v  -587.0000 116.2098 353.9244
v  -591.0000 146.2098 354.9962
v  -591.0000 116.2098 354.9962
v  -595.0000 116.2098 340.0681
v  -595.0000 146.2098 340.0681
v  -597.9282 116.2098 342.9962
v  -597.9282 146.2098 342.9962
v  -599.0000 116.2098 346.9962
v  -599.0000 146.2098 346.9962
v  -597.9282 116.2098 350.9962
v  -597.9282 146.2098 350.9962
v  -595.0000 116.2098 353.9244
v  -595.0000 146.2098 353.9244
v  -598.8230 8.7098 346.1749
v  -598.9563 9.2098 346.1609
v  -597.4727 9.2098 342.2947
v  -597.3643 8.7098 342.3734
v  -594.2548 9.2098 339.6882
v  -594.2002 8.7098 339.8106
v  -590.1647 9.2098 339.0400
v  -590.1786 8.7098 339.1732
v  -586.2985 9.2098 340.5235
v  -586.3772 8.7098 340.6319
v  -583.6920 9.2098 343.7415
v  -583.8144 8.7098 343.7960
v  -583.0437 9.2098 347.8315
v  -583.1770 8.7098 347.8176
v  -583.5410 8.3438 347.7794
v  -584.1487 8.3438 343.9449
v  -586.5923 8.3438 340.9281
v  -590.2169 8.3438 339.5372
v  -594.0513 8.3438 340.1450
v  -597.0681 8.3438 342.5885
v  -598.4590 8.3438 346.2131
v  -596.6636 8.2098 342.8824
v  -597.9617 8.2098 346.2653
v  -584.0383 8.2098 347.7271
v  -584.6056 8.2098 344.1483
v  -586.8862 8.2098 341.3326
v  -590.2692 8.2098 340.0345
v  -593.8479 8.2098 340.6017
v  -598.9563 11.2098 346.1609
v  -598.3080 9.2098 350.2509
v  -598.3080 11.2098 350.2509
v  -595.7015 9.2098 353.4689
v  -595.7015 11.2098 353.4689
v  -591.8353 9.2098 354.9525
v  -591.8353 11.2098 354.9525
v  -587.7453 9.2098 354.3042
v  -587.7453 11.2098 354.3042
v  -584.5273 9.2098 351.6978
v  -584.5273 11.2098 351.6978
v  -583.0437 11.2098 347.8315
v  -597.4727 11.2098 342.2947
v  -583.6920 11.2098 343.7415
v  -594.2548 11.2098 339.6882
v  -586.2985 11.2098 340.5235
v  -590.1647 11.2098 339.0400
v  -598.1856 8.7098 350.1964
v  -595.6228 8.7098 353.3605
v  -591.8214 8.7098 354.8192
v  -587.7998 8.7098 354.1818
v  -584.6357 8.7098 351.6190
v  -584.9319 8.3438 351.4039
v  -585.3364 8.2098 351.1101
v  -597.8513 8.3438 350.0475
v  -595.4077 8.3438 353.0643
v  -591.7831 8.3438 354.4552
v  -587.9487 8.3438 353.8475
v  -597.3945 8.2098 349.8441
v  -595.1139 8.2098 352.6598
v  -591.7309 8.2098 353.9579
v  -588.1521 8.2098 353.3907
v  -605.1128 0.9849 345.5145
v  -605.3879 1.9738 345.4857
v  -602.7050 1.9738 338.4941
v  -602.4883 1.0000 338.6515
v  -596.8857 1.9738 333.7807
v  -596.7768 1.0000 334.0253
v  -589.4894 1.9738 332.6084
v  -589.5174 1.0000 332.8747
v  -582.4979 1.9738 335.2913
v  -582.6553 1.0000 335.5079
v  -577.7845 1.9738 341.1105
v  -578.0291 1.0000 341.2194
v  -576.6121 1.9738 348.5068
v  -576.8872 0.9849 348.4779
v  -577.6140 0.2636 348.4016
v  -578.6978 0.2679 341.5172
v  -583.0854 0.2679 336.1002
v  -589.5938 0.2679 333.6027
v  -596.4789 0.2679 334.6940
v  -601.8960 0.2679 339.0817
v  -604.3860 0.2636 345.5909
v  -601.0869 0.0000 339.6694
v  -603.3989 0.0000 345.6945
v  -578.6011 0.0000 348.2980
v  -579.6113 0.0000 341.9241
v  -583.6732 0.0000 336.9093
v  -589.6982 0.0000 334.5973
v  -596.0721 0.0000 335.6075
v  -605.1666 4.6497 345.5089
v  -602.5250 4.6497 338.6249
v  -605.2997 4.5380 345.4949
v  -602.6745 4.4656 338.5162
v  -605.3868 4.3873 345.4858
v  -602.7286 4.2130 338.4769
v  -605.4170 4.2126 345.4826
v  -596.7953 4.6497 333.9839
v  -596.8704 4.4656 333.8151
v  -589.5127 4.6497 332.8297
v  -589.4933 4.4656 332.6458
v  -582.6287 4.6497 335.4713
v  -582.5200 4.4656 335.3217
v  -577.9877 4.6497 341.2010
v  -577.8189 4.4656 341.1258
v  -576.7003 4.5380 348.4975
v  -576.8334 4.6497 348.4836
v  -576.6132 4.3873 348.5067
v  -576.5830 4.2126 348.5098
v  -577.7578 4.2130 341.0986
v  -582.4807 4.2130 335.2675
v  -589.4864 4.2130 332.5792
v  -596.8976 4.2130 333.7539
v  -604.2155 1.9738 352.8820
v  -604.2423 4.2117 352.8939
v  -599.5021 1.9738 358.7012
v  -599.5193 4.2117 358.7249
v  -592.5106 1.9738 361.3841
v  -592.5136 4.2117 361.4132
v  -585.1143 1.9738 360.2118
v  -585.1024 4.2117 360.2385
v  -579.2950 1.9738 355.4984
v  -579.2714 4.2117 355.5156
v  -604.0123 4.6497 352.7914
v  -604.1811 4.4656 352.8666
v  -599.4800 4.4656 358.6707
v  -599.3713 4.6497 358.5212
v  -592.5067 4.4656 361.3466
v  -592.4873 4.6497 361.1628
v  -585.1296 4.4656 360.1773
v  -585.2048 4.6497 360.0085
v  -579.3255 4.4656 355.4762
v  -579.4750 4.6497 355.3676
v  -580.9131 0.0000 354.3231
v  -598.3268 0.0000 357.0832
v  -602.3887 0.0000 352.0683
v  -585.9279 0.0000 358.3849
v  -592.3018 0.0000 359.3952
v  -603.9709 1.0000 352.7730
v  -603.3022 0.2679 352.4752
v  -598.9146 0.2679 357.8922
v  -592.4062 0.2679 360.3897
v  -585.5211 0.2679 359.2984
v  -580.1040 0.2679 354.9107
v  -579.5117 1.0000 355.3410
v  -585.2232 1.0000 359.9671
v  -592.4826 1.0000 361.1178
v  -599.3447 1.0000 358.4845
v  -602.5272 5.9414 345.7860
v  -600.5272 6.4705 343.0978
v  -601.1291 6.4705 348.8309
v  -599.3288 7.1730 346.1218
v  -595.9727 8.2098 346.4742
v  -595.0454 8.2098 344.0577
v  -598.5452 6.4705 339.9937
v  -593.0342 8.2098 342.4287
v  -594.8693 6.4705 337.4572
v  -590.4779 8.2098 342.0236
v  -589.9252 6.4705 336.7586
v  -588.0615 8.2098 342.9508
v  -585.2339 6.4705 338.4688
v  -582.1650 6.4705 341.7135
v  -580.8709 6.4705 345.1615
v  -579.4728 5.9414 348.2065
v  -586.0273 8.2098 347.5183
v  -582.6713 7.1730 347.8707
v  -586.4325 8.2098 344.9620
v  -586.9546 8.2098 349.9347
v  -581.4728 6.4705 350.8946
v  -583.4548 6.4705 353.9987
v  -588.9658 8.2098 351.5637
v  -587.1307 6.4705 356.5352
v  -591.5221 8.2098 351.9689
v  -592.0748 6.4705 357.2339
v  -593.9385 8.2098 351.0416
v  -596.7661 6.4705 355.5236
v  -599.8350 6.4705 352.2789
v  -595.5675 8.2098 349.0305
v  -592.7441 1460.6135 339.1887
v  -592.7441 1355.6135 339.1887
v  -596.4142 1355.6135 341.1068
v  -596.4142 1460.6135 341.1068
v  -598.6337 1355.6135 344.6029
v  -598.6337 1460.6135 344.6029
v  -598.8076 1355.6135 348.7404
v  -598.8076 1460.6135 348.7404
v  -596.8895 1355.6135 352.4105
v  -596.8895 1460.6135 352.4105
v  -593.3933 1355.6135 354.6298
v  -593.3933 1460.6135 354.6298
v  -589.2559 1355.6135 354.8038
v  -589.2559 1460.6135 354.8038
v  -585.5858 1355.6135 352.8857
v  -585.5858 1460.6135 352.8857
v  -583.3664 1355.6135 349.3895
v  -583.3664 1460.6135 349.3895
v  -583.1925 1355.6135 345.2521
v  -583.1925 1460.6135 345.2521
v  -585.1105 1355.6135 341.5820
v  -585.1105 1460.6135 341.5820
v  -588.6067 1355.6135 339.3626
v  -588.6067 1460.6135 339.3626
v  -592.0096 1465.5575 339.2348
v  -595.7551 1465.5575 340.7795
v  -594.0732 1466.1544 343.8449
v  -591.5678 1466.1545 342.6312
v  -595.1187 1466.1544 345.4431
v  -591.0001 1466.3535 346.9962
v  -598.2264 1465.5575 343.9899
v  -598.7614 1465.5575 348.0059
v  -595.3650 1466.1544 347.5640
v  -594.5843 1466.1544 349.5514
v  -597.2167 1465.5575 351.7513
v  -594.0063 1465.5575 354.2226
v  -593.1647 1466.1544 350.8289
v  -589.9904 1465.5575 354.7576
v  -590.4323 1466.1545 351.3612
v  -587.9268 1466.1544 350.1475
v  -589.9831 1460.8370 354.8133
v  -594.0280 1460.8372 354.2745
v  -590.0433 1460.7181 354.3511
v  -594.6475 1460.7180 353.4542
v  -593.6503 1460.6135 353.3669
v  -597.0394 1460.7180 351.3015
v  -596.4806 1460.6135 351.1882
v  -598.3549 1460.7180 347.9530
v  -597.8424 1460.6135 347.8863
v  -598.8171 1460.8370 348.0131
v  -597.9398 1460.7180 344.3793
v  -598.2783 1460.8372 343.9684
v  -594.0710 1460.8846 354.3781
v  -597.2614 1460.8372 351.7854
v  -596.1783 1460.7180 341.6864
v  -597.3707 1460.6135 344.3459
v  -598.3818 1460.8846 343.9252
v  -595.7892 1460.8372 340.7349
v  -591.9567 1460.7181 339.6414
v  -592.0169 1460.8370 339.1791
v  -591.8901 1460.6134 340.1539
v  -595.1920 1460.6135 341.5156
v  -590.1099 1460.6134 353.8386
v  -599.1275 1465.0814 348.0535
v  -597.5099 1465.0814 351.9756
v  -597.4568 1465.3248 351.9349
v  -599.0795 1465.2898 348.0472
v  -598.9495 1465.4587 348.0304
v  -597.3115 1465.5078 351.8237
v  -594.0521 1465.5078 354.3327
v  -589.9750 1465.5078 354.8758
v  -586.1725 1465.5078 353.3076
v  -586.2450 1465.5575 353.2130
v  -583.6636 1465.5078 350.0483
v  -583.7736 1465.5575 350.0025
v  -583.0505 1465.4587 345.9621
v  -583.2386 1465.5575 345.9866
v  -583.4946 1465.3248 350.1186
v  -582.9206 1465.2898 345.9453
v  -583.4327 1465.0814 350.1444
v  -582.8725 1465.0814 345.9390
v  -594.1481 1465.0814 354.5634
v  -594.1224 1465.3248 354.5016
v  -589.9427 1465.0814 355.1237
v  -589.9514 1465.3248 355.0573
v  -586.0206 1465.0814 353.5062
v  -586.0613 1465.3248 353.4530
v  -599.0052 1460.9398 348.0376
v  -597.3505 1460.8846 351.8536
v  -589.9686 1460.8846 354.9246
v  -586.2108 1460.8372 353.2576
v  -586.1426 1460.8846 353.3467
v  -583.7218 1460.8372 350.0241
v  -583.6182 1460.8846 350.0672
v  -583.1829 1460.8370 345.9793
v  -582.9948 1460.9398 345.9549
v  -583.4492 1461.0676 350.1375
v  -586.0314 1461.0676 353.4921
v  -589.9450 1461.0676 355.1061
v  -594.1413 1461.0676 354.5471
v  -597.4958 1461.0676 351.9648
v  -599.1328 1461.1130 348.0542
v  -597.5491 1461.3225 352.0055
v  -599.1763 1461.3242 348.0598
v  -582.8237 1461.3242 345.9326
v  -583.3873 1461.3225 350.1632
v  -582.8672 1461.1130 345.9383
v  -594.1670 1461.3225 354.6089
v  -589.9364 1461.3225 355.1725
v  -585.9908 1461.3225 353.5453
v  -585.8217 1460.7180 352.3061
v  -584.6293 1460.6135 349.6466
v  -584.0602 1460.7180 349.6131
v  -583.6451 1460.7180 346.0395
v  -584.1577 1460.6135 346.1061
v  -584.9606 1460.7180 342.6909
v  -585.5194 1460.6135 342.8042
v  -586.8080 1460.6135 352.4769
v  -588.3497 1460.6135 340.6255
v  -587.3525 1460.7180 340.5383
v  -587.9721 1460.8372 339.7180
v  -587.9290 1460.8846 339.6143
v  -584.7386 1460.8372 342.2070
v  -586.8813 1466.1544 348.5493
v  -586.6350 1466.1544 346.4284
v  -584.7833 1465.5575 342.2411
v  -587.4157 1466.1544 344.4411
v  -587.9937 1465.5575 339.7698
v  -588.8353 1466.1544 343.1635
v  -584.4509 1461.3225 341.9870
v  -584.4901 1465.0814 342.0168
v  -587.8330 1461.3225 339.3836
v  -587.8519 1465.0814 339.4290
v  -592.0636 1461.3225 338.8199
v  -592.0573 1465.0814 338.8687
v  -596.0093 1461.3225 340.4471
v  -595.9794 1465.0814 340.4863
v  -598.6127 1461.3225 343.8292
v  -598.5673 1465.0814 343.8481
v  -598.5508 1461.0676 343.8549
v  -584.5042 1461.0676 342.0276
v  -587.8587 1461.0676 339.4454
v  -592.0550 1461.0676 338.8864
v  -595.9686 1461.0676 340.5003
v  -584.6495 1460.8846 342.1388
v  -592.0314 1460.8846 339.0678
v  -595.8574 1460.8846 340.6457
v  -598.5054 1465.3248 343.8738
v  -595.9387 1465.3248 340.5394
v  -592.0486 1465.3248 338.9351
v  -587.8776 1465.3248 339.4908
v  -584.5432 1465.3248 342.0575
v  -584.6885 1465.5078 342.1687
v  -587.9479 1465.5078 339.6598
v  -592.0250 1465.5078 339.1166
v  -595.8275 1465.5078 340.6848
v  -598.3364 1465.5078 343.9441
v  -599.0000 545.6134 346.9962
v  -599.0000 725.6135 346.9962
v  -595.0000 545.6134 353.9244
v  -595.0000 725.6135 353.9244
v  -591.0000 545.6134 354.9962
v  -591.0000 725.6135 354.9962
v  -587.0000 545.6134 353.9244
v  -587.0000 725.6135 353.9244
v  -583.0000 545.6134 346.9962
v  -583.0000 725.6135 346.9962
v  -587.0000 545.6134 340.0681
v  -587.0000 725.6135 340.0681
v  -591.0000 545.6134 338.9962
v  -591.0000 725.6135 338.9962
v  -595.0000 545.6134 340.0681
v  -595.0000 725.6135 340.0681
v  -597.9282 515.6098 342.9962
v  -599.0000 515.6098 346.9962
v  -597.9282 515.6098 350.9962
v  -595.0000 515.6098 353.9244
v  -591.0000 515.6098 354.9962
v  -587.0000 515.6098 353.9244
v  -584.0718 515.6098 350.9962
v  -583.0000 515.6098 346.9962
v  -584.0718 515.6098 342.9962
v  -587.0000 515.6098 340.0681
v  -591.0000 515.6098 338.9962
v  -595.0000 515.6098 340.0681
v  -597.9282 0.0000 342.9962
v  -599.0000 0.0000 346.9962
v  -597.9282 0.0000 350.9962
v  -595.0000 0.0000 353.9244
v  -591.0000 0.0000 354.9962
v  -587.0000 0.0000 353.9244
v  -584.0718 0.0000 350.9962
v  -583.0000 0.0000 346.9962
v  -584.0718 0.0000 342.9962
v  -587.0000 0.0000 340.0681
v  -591.0000 0.0000 338.9962
v  -595.0000 0.0000 340.0681
v  -468.2441 1460.6135 6.6887
v  -468.2441 1355.6135 6.6887
v  -471.9142 1355.6135 8.6068
v  -471.9142 1460.6135 8.6068
v  -474.1336 1355.6135 12.1029
v  -474.1336 1460.6135 12.1029
v  -474.3076 1355.6135 16.2404
v  -474.3076 1460.6135 16.2404
v  -472.3895 1355.6135 19.9105
v  -472.3895 1460.6135 19.9105
v  -468.8933 1355.6135 22.1299
v  -468.8933 1460.6135 22.1299
v  -464.7559 1355.6135 22.3038
v  -464.7559 1460.6135 22.3038
v  -461.0858 1355.6135 20.3857
v  -461.0858 1460.6135 20.3857
v  -458.8664 1355.6135 16.8895
v  -458.8664 1460.6135 16.8895
v  -458.6925 1355.6135 12.7521
v  -458.6925 1460.6135 12.7521
v  -460.6105 1355.6135 9.0820
v  -460.6105 1460.6135 9.0820
v  -464.1067 1355.6135 6.8626
v  -464.1067 1460.6135 6.8626
v  -474.5000 725.6135 14.4962
v  -458.5000 725.6135 14.4962
v  -473.4282 515.6098 10.4962
v  -474.5000 515.6098 14.4962
v  -473.4282 515.6098 18.4962
v  -470.5000 515.6098 21.4244
v  -466.5000 515.6098 22.4962
v  -462.5000 515.6098 21.4244
v  -459.5718 515.6098 18.4962
v  -458.5000 515.6098 14.4962
v  -459.5718 515.6098 10.4962
v  -462.5000 515.6098 7.5680
v  -466.5000 515.6098 6.4962
v  -470.5000 515.6098 7.5680
v  -473.4282 0.0000 10.4962
v  -474.5000 0.0000 14.4962
v  -473.4282 0.0000 18.4962
v  -470.5000 0.0000 21.4244
v  -466.5000 0.0000 22.4962
v  -462.5000 0.0000 21.4244
v  -459.5718 0.0000 18.4962
v  -458.5000 0.0000 14.4962
v  -459.5718 0.0000 10.4962
v  -462.5000 0.0000 7.5680
v  -466.5000 0.0000 6.4962
v  -470.5000 0.0000 7.5680
v  464.7559 1460.6135 6.6887
v  464.7559 1355.6135 6.6887
v  461.0858 1355.6135 8.6068
v  461.0858 1460.6135 8.6068
v  458.8664 1355.6135 12.1029
v  458.8664 1460.6135 12.1029
v  458.6925 1355.6135 16.2404
v  458.6925 1460.6135 16.2404
v  460.6105 1355.6135 19.9105
v  460.6105 1460.6135 19.9105
v  464.1067 1355.6135 22.1299
v  464.1067 1460.6135 22.1299
v  468.2441 1355.6135 22.3038
v  468.2441 1460.6135 22.3038
v  471.9142 1355.6135 20.3857
v  471.9142 1460.6135 20.3857
v  474.1336 1355.6135 16.8895
v  474.1336 1460.6135 16.8895
v  474.3076 1355.6135 12.7521
v  474.3076 1460.6135 12.7521
v  472.3895 1355.6135 9.0820
v  472.3895 1460.6135 9.0820
v  468.8933 1355.6135 6.8626
v  468.8933 1460.6135 6.8626
v  458.5000 725.6135 14.4962
v  474.5000 725.6135 14.4962
v  459.5718 515.6098 10.4962
v  458.5000 515.6098 14.4962
v  459.5718 515.6098 18.4962
v  462.5000 515.6098 21.4244
v  466.5000 515.6098 22.4962
v  470.5000 515.6098 21.4244
v  473.4282 515.6098 18.4962
v  474.5000 515.6098 14.4962
v  473.4282 515.6098 10.4962
v  470.5000 515.6098 7.5680
v  466.5000 515.6098 6.4962
v  462.5000 515.6098 7.5680
v  459.5718 0.0000 10.4962
v  458.5000 0.0000 14.4962
v  459.5718 0.0000 18.4962
v  462.5000 0.0000 21.4244
v  466.5000 0.0000 22.4962
v  470.5000 0.0000 21.4244
v  473.4282 0.0000 18.4962
v  474.5000 0.0000 14.4962
v  473.4282 0.0000 10.4962
v  470.5000 0.0000 7.5680
v  466.5000 0.0000 6.4962
v  462.5000 0.0000 7.5680
v  -459.0000 1040.6169 17.2801
v  -460.7043 1040.6169 20.0108
v  -460.7043 1070.6169 20.0108
v  -459.0000 1070.6169 17.2801
v  -463.3469 1040.6169 21.8487
v  -463.3469 1070.6169 21.8487
v  -466.5000 1040.6169 22.4962
v  -466.5000 1070.6169 22.4962
v  -459.0000 1070.6169 339.4962
v  -459.0000 1040.6169 339.4962
v  -469.6531 1040.6169 21.8487
v  -469.6531 1070.6169 21.8487
v  -472.2957 1040.6169 20.0108
v  -472.2957 1070.6169 20.0108
v  -474.0000 1040.6169 17.2801
v  -474.0000 1070.6169 17.2801
v  -474.0000 1070.6169 339.4962
v  -474.0000 1040.6169 339.4962
v  -474.5000 1040.6169 14.4962
v  -474.5000 1070.6169 14.4962
v  -473.4282 1070.6169 10.4962
v  -473.4282 1040.6169 10.4962
v  -470.5000 1070.6169 7.5680
v  -470.5000 1040.6169 7.5680
v  -466.5000 1070.6169 6.4962
v  -466.5000 1040.6169 6.4962
v  -462.5000 1070.6169 7.5680
v  -462.5000 1040.6169 7.5680
v  -459.5718 1070.6169 10.4962
v  -459.5718 1040.6169 10.4962
v  -458.5000 1070.6169 14.4962
v  -458.5000 1040.6169 14.4962
v  -459.5718 1070.6169 18.4962
v  -459.5718 1040.6169 18.4962
v  -462.5000 1070.6169 21.4244
v  -462.5000 1040.6169 21.4244
v  -470.5000 1070.6169 21.4244
v  -470.5000 1040.6169 21.4244
v  -473.4282 1070.6169 18.4962
v  -473.4282 1040.6169 18.4962
v  474.0000 1040.6169 17.2801
v  472.2957 1040.6169 20.0108
v  472.2957 1070.6169 20.0108
v  474.0000 1070.6169 17.2801
v  469.6531 1040.6169 21.8487
v  469.6531 1070.6169 21.8487
v  466.5000 1040.6169 22.4962
v  466.5000 1070.6169 22.4962
v  474.0000 1070.6169 339.4962
v  474.0000 1040.6169 339.4962
v  463.3469 1040.6169 21.8487
v  463.3469 1070.6169 21.8487
v  460.7043 1040.6169 20.0108
v  460.7043 1070.6169 20.0108
v  459.0000 1040.6169 17.2801
v  459.0000 1070.6169 17.2801
v  459.0000 1070.6169 339.4962
v  459.0000 1040.6169 339.4962
v  458.5000 1040.6169 14.4962
v  458.5000 1070.6169 14.4962
v  459.5718 1070.6169 10.4962
v  459.5718 1040.6169 10.4962
v  462.5000 1070.6169 7.5680
v  462.5000 1040.6169 7.5680
v  466.5000 1070.6169 6.4962
v  466.5000 1040.6169 6.4962
v  470.5000 1070.6169 7.5680
v  470.5000 1040.6169 7.5680
v  473.4282 1070.6169 10.4962
v  473.4282 1040.6169 10.4962
v  474.5000 1070.6169 14.4962
v  474.5000 1040.6169 14.4962
v  473.4282 1070.6169 18.4962
v  473.4282 1040.6169 18.4962
v  470.5000 1070.6169 21.4244
v  470.5000 1040.6169 21.4244
v  462.5000 1070.6169 21.4244
v  462.5000 1040.6169 21.4244
v  459.5718 1070.6169 18.4962
v  459.5718 1040.6169 18.4962
v  588.2161 1040.6169 354.4962
v  585.4855 1040.6169 352.7919
v  585.4855 1070.6169 352.7919
v  588.2161 1070.6169 354.4962
v  583.6476 1040.6169 350.1493
v  583.6476 1070.6169 350.1493
v  583.0000 1040.6169 346.9962
v  583.0000 1070.6169 346.9962
v  588.2161 1040.6169 339.4962
v  -588.2161 1040.6169 339.4962
v  -588.2161 1070.6169 339.4962
v  588.2161 1070.6169 339.4962
v  -588.2161 1040.6169 354.4962
v  -585.0344 1040.6169 352.3265
v  -583.2352 1040.6169 348.9217
v  -583.2352 1040.6169 345.0707
v  -585.0344 1040.6169 341.6659
v  583.6476 1040.6169 343.8431
v  585.4855 1040.6169 341.2005
v  583.6476 1070.6169 343.8431
v  585.4855 1070.6169 341.2005
v  -585.0344 1070.6169 352.3265
v  -588.2161 1070.6169 354.4962
v  -583.2352 1070.6169 348.9217
v  -583.2352 1070.6169 345.0707
v  -585.0344 1070.6169 341.6659
v  591.0000 1040.6169 354.9962
v  591.0000 1070.6169 354.9962
v  587.0000 1070.6169 353.9244
v  587.0000 1040.6169 353.9244
v  584.0718 1070.6169 350.9962
v  584.0718 1040.6169 350.9962
v  584.0718 1070.6169 342.9962
v  584.0718 1040.6169 342.9962
v  587.0000 1070.6169 340.0681
v  587.0000 1040.6169 340.0681
v  591.0000 1070.6169 338.9962
v  591.0000 1040.6169 338.9962
v  595.0000 1070.6169 340.0681
v  595.0000 1040.6169 340.0681
v  597.9282 1070.6169 342.9962
v  597.9282 1040.6169 342.9962
v  599.0000 1070.6169 346.9962
v  599.0000 1040.6169 346.9962
v  597.9282 1070.6169 350.9962
v  597.9282 1040.6169 350.9962
v  595.0000 1070.6169 353.9244
v  595.0000 1040.6169 353.9244
v  -590.9999 1070.6169 354.9962
v  -590.9999 1040.6169 354.9962
v  -586.9999 1040.6169 353.9244
v  -586.9999 1070.6169 353.9244
v  -584.0718 1040.6169 350.9962
v  -584.0718 1070.6169 350.9962
v  -582.9999 1040.6169 346.9962
v  -582.9999 1070.6169 346.9962
v  -584.0718 1040.6169 342.9962
v  -584.0718 1070.6169 342.9962
v  -586.9999 1040.6169 340.0681
v  -586.9999 1070.6169 340.0681
v  -590.9999 1040.6169 338.9962
v  -590.9999 1070.6169 338.9962
v  -594.9999 1040.6169 340.0681
v  -594.9999 1070.6169 340.0681
v  -597.9282 1040.6169 342.9962
v  -597.9282 1070.6169 342.9962
v  -598.9999 1040.6169 346.9962
v  -598.9999 1070.6169 346.9962
v  -597.9282 1040.6169 350.9962
v  -597.9282 1070.6169 350.9962
v  -594.9999 1040.6169 353.9244
v  -594.9999 1070.6169 353.9244
v  597.9282 1040.6135 350.9962
v  599.0000 1040.6135 346.9962
v  597.9282 1040.6135 342.9962
v  595.0000 1040.6135 340.0681
v  591.0000 755.6135 338.9962
v  591.0000 1040.6135 338.9962
v  587.0000 1040.6135 340.0681
v  584.0718 1040.6135 342.9962
v  583.0000 1040.6135 346.9962
v  584.0718 1040.6135 350.9962
v  587.0000 1040.6135 353.9244
v  591.0000 755.6135 354.9962
v  591.0000 1040.6135 354.9962
v  595.0000 1040.6135 353.9244
v  -597.9282 1040.6135 342.9962
v  -599.0000 755.6135 346.9962
v  -599.0000 1040.6135 346.9962
v  -597.9282 1040.6135 350.9962
v  -595.0000 755.6135 353.9244
v  -595.0000 1040.6135 353.9244
v  -591.0000 755.6135 354.9962
v  -591.0000 1040.6135 354.9962
v  -587.0000 755.6135 353.9244
v  -587.0000 1040.6135 353.9244
v  -584.0718 1040.6135 350.9962
v  -583.0000 755.6135 346.9962
v  -583.0000 1040.6135 346.9962
v  -584.0718 1040.6135 342.9962
v  -587.0000 755.6135 340.0681
v  -587.0000 1040.6135 340.0681
v  -591.0000 755.6135 338.9962
v  -591.0000 1040.6135 338.9962
v  -595.0000 755.6135 340.0681
v  -595.0000 1040.6135 340.0681
v  -473.4282 1040.6135 10.4962
v  -474.5000 755.6135 14.4962
v  -474.5000 1040.6135 14.4962
v  -473.4282 1040.6135 18.4962
v  -470.5000 1040.6135 21.4244
v  -466.5000 1040.6135 22.4962
v  -462.5000 1040.6135 21.4244
v  -459.5718 1040.6135 18.4962
v  -458.5000 755.6135 14.4962
v  -458.5000 1040.6135 14.4962
v  -459.5718 1040.6135 10.4962
v  -462.5000 1040.6135 7.5680
v  -466.5000 1040.6135 6.4962
v  -470.5000 1040.6135 7.5680
v  459.5718 1040.6135 10.4962
v  458.5000 755.6135 14.4962
v  458.5000 1040.6135 14.4962
v  459.5718 1040.6135 18.4962
v  462.5000 1040.6135 21.4244
v  466.5000 1040.6135 22.4962
v  470.5000 1040.6135 21.4244
v  473.4282 1040.6135 18.4962
v  474.5000 755.6135 14.4962
v  474.5000 1040.6135 14.4962
v  473.4282 1040.6135 10.4962
v  470.5000 1040.6135 7.5680
v  466.5000 1040.6135 6.4962
v  462.5000 1040.6135 7.5680
v  -459.0000 1325.6169 17.2801
v  -460.7043 1325.6169 20.0108
v  -460.7043 1355.6169 20.0108
v  -459.0000 1355.6169 17.2801
v  -463.3469 1325.6169 21.8487
v  -463.3469 1355.6169 21.8487
v  -466.5000 1325.6169 22.4962
v  -466.5000 1355.6169 22.4962
v  -459.0000 1355.6169 339.4962
v  -459.0000 1325.6169 339.4962
v  -469.6531 1325.6169 21.8487
v  -469.6531 1355.6169 21.8487
v  -472.2957 1325.6169 20.0108
v  -472.2957 1355.6169 20.0108
v  -474.0000 1325.6169 17.2801
v  -474.0000 1355.6169 17.2801
v  -474.0000 1355.6169 339.4962
v  -474.0000 1325.6169 339.4962
v  -474.5000 1325.6169 14.4962
v  -474.5000 1355.6169 14.4962
v  -473.4282 1355.6169 10.4962
v  -473.4282 1325.6169 10.4962
v  -470.5000 1355.6169 7.5680
v  -470.5000 1325.6169 7.5680
v  -466.5000 1355.6169 6.4962
v  -466.5000 1325.6169 6.4962
v  -462.5000 1355.6169 7.5680
v  -462.5000 1325.6169 7.5680
v  -459.5718 1355.6169 10.4962
v  -459.5718 1325.6169 10.4962
v  -458.5000 1355.6169 14.4962
v  -458.5000 1325.6169 14.4962
v  -459.5718 1355.6169 18.4962
v  -459.5718 1325.6169 18.4962
v  -462.5000 1355.6169 21.4244
v  -462.5000 1325.6169 21.4244
v  -470.5000 1355.6169 21.4244
v  -470.5000 1325.6169 21.4244
v  -473.4282 1355.6169 18.4962
v  -473.4282 1325.6169 18.4962
v  474.0000 1325.6169 17.2801
v  472.2957 1325.6169 20.0108
v  472.2957 1355.6169 20.0108
v  474.0000 1355.6169 17.2801
v  469.6531 1325.6169 21.8487
v  469.6531 1355.6169 21.8487
v  466.5000 1325.6169 22.4962
v  466.5000 1355.6169 22.4962
v  474.0000 1355.6169 339.4962
v  474.0000 1325.6169 339.4962
v  463.3469 1325.6169 21.8487
v  463.3469 1355.6169 21.8487
v  460.7043 1325.6169 20.0108
v  460.7043 1355.6169 20.0108
v  459.0000 1325.6169 17.2801
v  459.0000 1355.6169 17.2801
v  459.0000 1355.6169 339.4962
v  459.0000 1325.6169 339.4962
v  458.5000 1325.6169 14.4962
v  458.5000 1355.6169 14.4962
v  459.5718 1355.6169 10.4962
v  459.5718 1325.6169 10.4962
v  462.5000 1355.6169 7.5680
v  462.5000 1325.6169 7.5680
v  466.5000 1355.6169 6.4962
v  466.5000 1325.6169 6.4962
v  470.5000 1355.6169 7.5680
v  470.5000 1325.6169 7.5680
v  473.4282 1355.6169 10.4962
v  473.4282 1325.6169 10.4962
v  474.5000 1355.6169 14.4962
v  474.5000 1325.6169 14.4962
v  473.4282 1355.6169 18.4962
v  473.4282 1325.6169 18.4962
v  470.5000 1355.6169 21.4244
v  470.5000 1325.6169 21.4244
v  462.5000 1355.6169 21.4244
v  462.5000 1325.6169 21.4244
v  459.5718 1355.6169 18.4962
v  459.5718 1325.6169 18.4962
v  588.2161 1325.6169 354.4962
v  585.4855 1325.6169 352.7919
v  585.4855 1355.6169 352.7919
v  588.2161 1355.6169 354.4962
v  583.6476 1325.6169 350.1493
v  583.6476 1355.6169 350.1493
v  583.0000 1325.6169 346.9962
v  583.0000 1355.6169 346.9962
v  588.2161 1325.6169 339.4962
v  -588.2161 1325.6169 339.4962
v  -588.2161 1355.6169 339.4962
v  588.2161 1355.6169 339.4962
v  -588.2161 1325.6169 354.4962
v  -585.0344 1325.6169 352.3265
v  -583.2352 1325.6169 348.9217
v  -583.2352 1325.6169 345.0707
v  -585.0344 1325.6169 341.6659
v  583.6476 1325.6169 343.8431
v  585.4855 1325.6169 341.2005
v  583.6476 1355.6169 343.8431
v  585.4855 1355.6169 341.2005
v  -585.0344 1355.6169 352.3265
v  -588.2161 1355.6169 354.4962
v  -583.2352 1355.6169 348.9217
v  -583.2352 1355.6169 345.0707
v  -585.0344 1355.6169 341.6659
v  591.0000 1325.6169 354.9962
v  591.0000 1355.6169 354.9962
v  587.0000 1355.6169 353.9244
v  587.0000 1325.6169 353.9244
v  584.0718 1355.6169 350.9962
v  584.0718 1325.6169 350.9962
v  584.0718 1355.6169 342.9962
v  584.0718 1325.6169 342.9962
v  587.0000 1355.6169 340.0681
v  587.0000 1325.6169 340.0681
v  591.0000 1355.6169 338.9962
v  591.0000 1325.6169 338.9962
v  595.0000 1355.6169 340.0681
v  595.0000 1325.6169 340.0681
v  597.9282 1355.6169 342.9962
v  597.9282 1325.6169 342.9962
v  599.0000 1355.6169 346.9962
v  599.0000 1325.6169 346.9962
v  597.9282 1355.6169 350.9962
v  597.9282 1325.6169 350.9962
v  595.0000 1355.6169 353.9244
v  595.0000 1325.6169 353.9244
v  -590.9999 1355.6169 354.9962
v  -590.9999 1325.6169 354.9962
v  -586.9999 1325.6169 353.9244
v  -586.9999 1355.6169 353.9244
v  -584.0718 1325.6169 350.9962
v  -584.0718 1355.6169 350.9962
v  -582.9999 1325.6169 346.9962
v  -582.9999 1355.6169 346.9962
v  -584.0718 1325.6169 342.9962
v  -584.0718 1355.6169 342.9962
v  -586.9999 1325.6169 340.0681
v  -586.9999 1355.6169 340.0681
v  -590.9999 1325.6169 338.9962
v  -590.9999 1355.6169 338.9962
v  -594.9999 1325.6169 340.0681
v  -594.9999 1355.6169 340.0681
v  -597.9282 1325.6169 342.9962
v  -597.9282 1355.6169 342.9962
v  -598.9999 1325.6169 346.9962
v  -598.9999 1355.6169 346.9962
v  -597.9282 1325.6169 350.9962
v  -597.9282 1355.6169 350.9962
v  -594.9999 1325.6169 353.9244
v  -594.9999 1355.6169 353.9244
v  597.9282 1325.6135 350.9962
v  597.9282 1070.6135 350.9962
v  599.0000 1070.6135 346.9962
v  599.0000 1325.6135 346.9962
v  597.9282 1070.6135 342.9962
v  597.9282 1325.6135 342.9962
v  595.0000 1070.6135 340.0681
v  595.0000 1325.6135 340.0681
v  591.0000 1070.6135 338.9962
v  591.0000 1325.6135 338.9962
v  587.0000 1070.6135 340.0681
v  587.0000 1325.6135 340.0681
v  584.0718 1070.6135 342.9962
v  584.0718 1325.6135 342.9962
v  583.0000 1070.6135 346.9962
v  583.0000 1325.6135 346.9962
v  584.0718 1070.6135 350.9962
v  584.0718 1325.6135 350.9962
v  587.0000 1070.6135 353.9244
v  587.0000 1325.6135 353.9244
v  591.0000 1070.6135 354.9962
v  591.0000 1325.6135 354.9962
v  595.0000 1070.6135 353.9244
v  595.0000 1325.6135 353.9244
v  -597.9282 1325.6135 342.9962
v  -597.9282 1070.6135 342.9962
v  -599.0000 1070.6135 346.9962
v  -599.0000 1325.6135 346.9962
v  -597.9282 1070.6135 350.9962
v  -597.9282 1325.6135 350.9962
v  -595.0000 1070.6135 353.9244
v  -595.0000 1325.6135 353.9244
v  -591.0000 1070.6135 354.9962
v  -591.0000 1325.6135 354.9962
v  -587.0000 1070.6135 353.9244
v  -587.0000 1325.6135 353.9244
v  -584.0718 1070.6135 350.9962
v  -584.0718 1325.6135 350.9962
v  -583.0000 1070.6135 346.9962
v  -583.0000 1325.6135 346.9962
v  -584.0718 1070.6135 342.9962
v  -584.0718 1325.6135 342.9962
v  -587.0000 1070.6135 340.0681
v  -587.0000 1325.6135 340.0681
v  -591.0000 1070.6135 338.9962
v  -591.0000 1325.6135 338.9962
v  -595.0000 1070.6135 340.0681
v  -595.0000 1325.6135 340.0681
v  -473.4282 1325.6135 10.4962
v  -473.4282 1070.6135 10.4962
v  -474.5000 1070.6135 14.4962
v  -474.5000 1325.6135 14.4962
v  -473.4282 1070.6135 18.4962
v  -473.4282 1325.6135 18.4962
v  -470.5000 1070.6135 21.4244
v  -470.5000 1325.6135 21.4244
v  -466.5000 1070.6135 22.4962
v  -466.5000 1325.6135 22.4962
v  -462.5000 1070.6135 21.4244
v  -462.5000 1325.6135 21.4244
v  -459.5718 1070.6135 18.4962
v  -459.5718 1325.6135 18.4962
v  -458.5000 1070.6135 14.4962
v  -458.5000 1325.6135 14.4962
v  -459.5718 1070.6135 10.4962
v  -459.5718 1325.6135 10.4962
v  -462.5000 1070.6135 7.5680
v  -462.5000 1325.6135 7.5680
v  -466.5000 1070.6135 6.4962
v  -466.5000 1325.6135 6.4962
v  -470.5000 1070.6135 7.5680
v  -470.5000 1325.6135 7.5680
v  459.5718 1325.6135 10.4962
v  459.5718 1070.6135 10.4962
v  458.5000 1070.6135 14.4962
v  458.5000 1325.6135 14.4962
v  459.5718 1070.6135 18.4962
v  459.5718 1325.6135 18.4962
v  462.5000 1070.6135 21.4244
v  462.5000 1325.6135 21.4244
v  466.5000 1070.6135 22.4962
v  466.5000 1325.6135 22.4962
v  470.5000 1070.6135 21.4244
v  470.5000 1325.6135 21.4244
v  473.4282 1070.6135 18.4962
v  473.4282 1325.6135 18.4962
v  474.5000 1070.6135 14.4962
v  474.5000 1325.6135 14.4962
v  473.4282 1070.6135 10.4962
v  473.4282 1325.6135 10.4962
v  470.5000 1070.6135 7.5680
v  470.5000 1325.6135 7.5680
v  466.5000 1070.6135 6.4962
v  466.5000 1325.6135 6.4962
v  462.5000 1070.6135 7.5680
v  462.5000 1325.6135 7.5680
# 2371 vertices

vn -0.8483 0.0000 -0.5295
vn -0.5710 0.0000 -0.8210
vn -0.2012 0.0000 -0.9796
vn 1.0000 0.0000 -0.0000
vn 0.2012 0.0000 -0.9796
vn 0.5710 0.0000 -0.8210
vn 0.8483 0.0000 -0.5295
vn 0.0000 1.0000 -0.0000
vn 0.0000 0.0000 1.0000
vn 0.0000 -1.0000 -0.0000
vn -1.0000 0.0000 -0.0000
vn -0.9659 0.0000 -0.2588
vn -0.7071 0.0000 -0.7071
vn -0.2588 0.0000 -0.9659
vn 0.2588 0.0000 -0.9659
vn 0.7071 0.0000 -0.7071
vn 0.9659 0.0000 -0.2588
vn 0.9659 0.0000 0.2588
vn 0.7071 0.0000 0.7071
vn 0.2588 0.0000 0.9659
vn -0.2588 0.0000 0.9659
vn -0.7071 0.0000 0.7071
vn -0.9659 0.0000 0.2588
vn 0.5295 0.0000 -0.8483
vn 0.8210 0.0000 -0.5710
vn 0.9796 0.0000 -0.2012
vn 0.0000 0.0000 -1.0000
vn 0.9796 0.0000 0.2012
vn 0.8210 0.0000 0.5710
vn 0.5295 0.0000 0.8483
vn -0.5634 0.0000 0.8262
vn -0.8841 0.0000 0.4672
vn -0.8841 0.0000 -0.4672
vn -0.5634 0.0000 -0.8262
vn 0.9651 -0.2506 -0.0762
vn 0.9893 -0.1236 -0.0781
vn 0.9893 -0.1235 -0.0781
vn 0.9651 -0.2505 -0.0762
vn 0.8739 -0.2505 0.4166
vn 0.8958 -0.1235 0.4270
vn 0.8739 -0.2506 0.4165
vn 0.5485 -0.2506 0.7977
vn 0.5623 -0.1235 0.8177
vn 0.5485 -0.2505 0.7977
vn 0.0762 -0.2505 0.9651
vn 0.0781 -0.1235 0.9893
vn 0.0762 -0.2506 0.9651
vn -0.4165 -0.2506 0.8739
vn -0.4270 -0.1236 0.8958
vn -0.4270 -0.1235 0.8958
vn -0.4166 -0.2506 0.8739
vn -0.7977 -0.2506 0.5485
vn -0.8177 -0.1236 0.5623
vn -0.8177 -0.1235 0.5623
vn -0.5927 -0.6947 0.4076
vn -0.3095 -0.6947 0.6493
vn 0.0566 -0.6947 0.7170
vn 0.4075 -0.6948 0.5926
vn 0.4075 -0.6947 0.5927
vn 0.6493 -0.6947 0.3095
vn 0.6493 -0.6948 0.3095
vn 0.7170 -0.6948 -0.0566
vn 0.7171 -0.6947 -0.0566
vn 0.7170 -0.6947 -0.0566
vn 0.2440 -0.9659 -0.0865
vn 0.2545 -0.9659 0.0471
vn 0.1492 -0.9884 0.0276
vn 0.1431 -0.9884 -0.0507
vn -0.2439 -0.9659 0.0865
vn -0.1431 -0.9884 0.0507
vn -0.0985 -0.9884 0.1154
vn -0.1680 -0.9659 0.1968
vn -0.0276 -0.9884 0.1492
vn -0.0471 -0.9659 0.2545
vn 0.0507 -0.9884 0.1431
vn 0.0865 -0.9659 0.2439
vn 0.1154 -0.9884 0.0985
vn 0.1968 -0.9659 0.1680
vn 0.8240 0.0000 -0.5666
vn 0.8177 -0.1236 -0.5623
vn 0.8177 -0.1235 -0.5623
vn 0.4303 0.0000 -0.9027
vn 0.4270 -0.1235 -0.8958
vn -0.0787 0.0000 -0.9969
vn -0.0781 -0.1235 -0.9893
vn -0.5666 0.0000 -0.8240
vn -0.5623 -0.1235 -0.8177
vn -0.9027 0.0000 -0.4303
vn -0.8958 -0.1235 -0.4270
vn -0.9969 0.0000 0.0787
vn -0.9893 -0.1235 0.0781
vn -0.8240 0.0000 0.5666
vn -0.4303 0.0000 0.9027
vn 0.0787 0.0000 0.9969
vn 0.5666 0.0000 0.8240
vn 0.9027 0.0000 0.4303
vn 0.9969 0.0000 -0.0787
vn -0.2545 -0.9659 -0.0471
vn -0.1493 -0.9884 -0.0276
vn -0.1968 -0.9659 -0.1680
vn -0.1154 -0.9884 -0.0985
vn -0.0865 -0.9659 -0.2440
vn -0.0507 -0.9884 -0.1431
vn 0.0471 -0.9659 -0.2545
vn 0.0276 -0.9884 -0.1492
vn 0.1680 -0.9659 -0.1968
vn 0.0985 -0.9884 -0.1154
vn 0.5927 -0.6947 -0.4075
vn 0.7977 -0.2506 -0.5485
vn -0.7171 -0.6947 0.0566
vn -0.7170 -0.6948 0.0566
vn -0.6493 -0.6948 -0.3095
vn -0.6493 -0.6947 -0.3095
vn -0.4075 -0.6947 -0.5927
vn -0.4075 -0.6948 -0.5926
vn -0.0566 -0.6947 -0.7170
vn -0.0566 -0.6948 -0.7170
vn 0.3095 -0.6947 -0.6493
vn -0.9651 -0.2506 0.0762
vn -0.8739 -0.2506 -0.4165
vn -0.8739 -0.2506 -0.4166
vn -0.5485 -0.2506 -0.7977
vn -0.0762 -0.2506 -0.9651
vn -0.0762 -0.2505 -0.9651
vn 0.4166 -0.2506 -0.8739
vn 0.9077 -0.2693 -0.3217
vn 0.9334 -0.1393 -0.3308
vn 0.9881 -0.1328 -0.0780
vn 0.9634 -0.2571 -0.0761
vn 0.8724 -0.2567 0.4159
vn 0.8947 -0.1328 0.4265
vn 0.5476 -0.2567 0.7964
vn 0.5616 -0.1328 0.8167
vn 0.0761 -0.2567 0.9635
vn 0.0780 -0.1328 0.9881
vn -0.4159 -0.2567 0.8724
vn -0.4265 -0.1328 0.8947
vn -0.7963 -0.2570 0.5475
vn -0.8167 -0.1328 0.5616
vn -0.9334 -0.1393 0.3308
vn -0.9077 -0.2693 0.3217
vn -0.5923 -0.6948 0.4080
vn -0.5894 -0.6990 0.4050
vn -0.5890 -0.6995 0.4047
vn -0.5920 -0.6952 0.4077
vn -0.3095 -0.6948 0.6493
vn 0.7170 -0.6948 -0.0560
vn 0.7166 -0.6952 -0.0561
vn 0.7124 -0.6995 -0.0566
vn 0.7129 -0.6990 -0.0565
vn 0.2422 -0.9664 -0.0858
vn 0.2545 -0.9659 0.0473
vn 0.1492 -0.9884 0.0277
vn 0.1419 -0.9886 -0.0503
vn -0.1679 -0.9659 0.1970
vn -0.2422 -0.9664 0.0858
vn -0.1419 -0.9886 0.0503
vn -0.0984 -0.9884 0.1155
vn 0.5280 0.8284 -0.1871
vn 0.5856 0.8031 0.1098
vn 0.7311 0.6312 -0.2591
vn 0.8283 0.5576 0.0551
vn 0.8888 0.3327 -0.3150
vn 0.9903 0.1155 -0.0772
vn 0.9397 0.0784 -0.3330
vn 0.4501 0.8054 0.3857
vn 0.5367 0.7086 0.4581
vn 0.1975 0.8065 0.5572
vn 0.2357 0.7085 0.6652
vn -0.1068 0.8053 0.5831
vn -0.1284 0.7085 0.6939
vn -0.3858 0.8031 0.4541
vn -0.6087 0.5576 0.5644
vn -0.7310 0.6312 0.2591
vn -0.5280 0.8284 0.1871
vn -0.8888 0.3328 0.3150
vn -0.9397 0.0784 0.3330
vn -0.8179 0.1155 0.5636
vn -0.4168 0.2481 0.8745
vn -0.4274 0.1161 0.8966
vn -0.4274 0.1160 0.8966
vn 0.0763 0.2481 0.9657
vn 0.0782 0.1161 0.9902
vn 0.5489 0.2481 0.7982
vn 0.5628 0.1160 0.8184
vn 0.5489 0.2480 0.7982
vn 0.8745 0.2480 0.4168
vn 0.8966 0.1160 0.4274
vn 0.8966 0.1161 0.4274
vn 0.8745 0.2481 0.4168
vn 0.8167 -0.1328 -0.5616
vn 0.8180 0.1149 -0.5637
vn 0.4274 0.1155 -0.8967
vn 0.4265 -0.1328 -0.8947
vn 0.4274 0.1154 -0.8967
vn -0.0782 0.1155 -0.9902
vn -0.0780 -0.1328 -0.9881
vn -0.0782 0.1154 -0.9902
vn -0.5628 0.1155 -0.8185
vn -0.5616 -0.1328 -0.8167
vn -0.8967 0.1155 -0.4274
vn -0.8947 -0.1328 -0.4265
vn -0.9904 0.1149 0.0772
vn -0.9881 -0.1328 0.0780
vn -0.8285 0.5572 -0.0551
vn -0.8747 0.2469 -0.4170
vn -0.8748 0.2469 -0.4170
vn -0.5491 0.2469 -0.7985
vn -0.0763 0.2468 -0.9660
vn -0.0763 0.2469 -0.9660
vn 0.4170 0.2468 -0.8748
vn 0.4170 0.2469 -0.8747
vn 0.6089 0.5572 -0.5645
vn 0.3858 0.8031 -0.4541
vn -0.5857 0.8031 -0.1098
vn -0.4501 0.8053 -0.3857
vn -0.5367 0.7085 -0.4582
vn -0.1975 0.8065 -0.5572
vn -0.2357 0.7085 -0.6652
vn 0.1068 0.8053 -0.5831
vn 0.1284 0.7085 -0.6939
vn -0.1492 -0.9884 -0.0277
vn 0.0984 -0.9884 -0.1155
vn -0.2545 -0.9659 -0.0473
vn -0.0865 -0.9659 -0.2439
vn 0.1679 -0.9659 -0.1970
vn 0.5890 -0.6995 -0.4047
vn 0.5920 -0.6952 -0.4077
vn 0.5923 -0.6948 -0.4080
vn 0.5894 -0.6990 -0.4050
vn 0.7963 -0.2570 -0.5475
vn 0.4159 -0.2567 -0.8724
vn -0.0761 -0.2567 -0.9635
vn -0.5476 -0.2567 -0.7964
vn -0.8724 -0.2567 -0.4159
vn -0.9634 -0.2571 0.0761
vn -0.7129 -0.6990 0.0565
vn -0.7170 -0.6948 0.0560
vn -0.7166 -0.6952 0.0561
vn -0.7124 -0.6995 0.0566
vn -0.1140 0.9842 0.1352
vn -0.1627 0.9850 0.0577
vn -0.2972 0.9490 0.1053
vn -0.3054 0.9245 0.2281
vn -0.3809 0.9245 0.0151
vn -0.3883 0.9112 0.1376
vn -0.1978 0.9267 0.3195
vn -0.0473 0.9276 0.3705
vn 0.1248 0.9276 0.3522
vn 0.2700 0.9276 0.2581
vn 0.1361 0.9836 0.1183
vn 0.0608 0.9833 0.1716
vn 0.3548 0.9267 0.1236
vn 0.1737 0.9842 0.0332
vn 0.3756 0.9265 -0.0226
vn 0.1678 0.9840 -0.0595
vn 0.3788 0.9157 -0.1342
vn -0.0312 0.9836 0.1776
vn -0.1737 0.9842 -0.0332
vn -0.3548 0.9267 -0.1236
vn -0.1361 0.9836 -0.1183
vn -0.2700 0.9276 -0.2581
vn -0.0608 0.9833 -0.1716
vn -0.1248 0.9276 -0.3522
vn 0.0312 0.9836 -0.1776
vn 0.0473 0.9276 -0.3705
vn 0.1978 0.9267 -0.3195
vn 0.3060 0.9265 -0.2190
vn 0.1140 0.9842 -0.1352
vn -0.9562 -0.2506 -0.1516
vn -0.9801 -0.1235 -0.1554
vn -0.9562 -0.2505 -0.1516
vn -0.7523 -0.2505 -0.6093
vn -0.7711 -0.1235 -0.6246
vn -0.3468 -0.2505 -0.9038
vn -0.3555 -0.1235 -0.9265
vn -0.3468 -0.2506 -0.9038
vn 0.1516 -0.2506 -0.9562
vn 0.1553 -0.1235 -0.9801
vn 0.1554 -0.1235 -0.9801
vn 0.1516 -0.2505 -0.9562
vn 0.6093 -0.2505 -0.7523
vn 0.6246 -0.1235 -0.7711
vn 0.6246 -0.1236 -0.7711
vn 0.6093 -0.2506 -0.7523
vn 0.9038 -0.2506 -0.3468
vn 0.9265 -0.1236 -0.3555
vn 0.9265 -0.1235 -0.3555
vn 0.9039 -0.2505 -0.3468
vn 0.6715 -0.6947 -0.2577
vn 0.4527 -0.6947 -0.5589
vn 0.4527 -0.6948 -0.5589
vn 0.1126 -0.6947 -0.7104
vn 0.1126 -0.6948 -0.7104
vn -0.2577 -0.6947 -0.6715
vn -0.5589 -0.6947 -0.4527
vn -0.5589 -0.6948 -0.4527
vn -0.7104 -0.6948 -0.1126
vn -0.7103 -0.6948 -0.1126
vn -0.2574 -0.9659 0.0270
vn -0.2364 -0.9659 -0.1053
vn -0.1386 -0.9884 -0.0617
vn -0.1510 -0.9884 0.0158
vn 0.2574 -0.9659 -0.0270
vn 0.1509 -0.9884 -0.0158
vn 0.1228 -0.9884 -0.0892
vn 0.2094 -0.9659 -0.1521
vn 0.0618 -0.9884 -0.1386
vn 0.1053 -0.9659 -0.2364
vn -0.0158 -0.9884 -0.1509
vn -0.0270 -0.9659 -0.2574
vn -0.0892 -0.9884 -0.1228
vn -0.1521 -0.9659 -0.2094
vn -0.9336 0.0000 0.3583
vn -0.9265 -0.1235 0.3555
vn -0.6294 0.0000 0.7771
vn -0.6246 -0.1235 0.7711
vn -0.1565 0.0000 0.9877
vn -0.1553 -0.1235 0.9801
vn 0.3583 0.0000 0.9336
vn 0.3555 -0.1235 0.9265
vn 0.7771 0.0000 0.6294
vn 0.7711 -0.1236 0.6246
vn 0.9877 0.0000 0.1565
vn 0.9801 -0.1236 0.1553
vn 0.9801 -0.1235 0.1553
vn 0.9336 0.0000 -0.3583
vn 0.6294 0.0000 -0.7771
vn 0.1565 0.0000 -0.9877
vn -0.3583 0.0000 -0.9336
vn -0.7771 0.0000 -0.6294
vn -0.9877 0.0000 -0.1566
vn 0.2364 -0.9659 0.1053
vn 0.1386 -0.9884 0.0617
vn 0.1521 -0.9659 0.2094
vn 0.0892 -0.9884 0.1228
vn 0.0270 -0.9659 0.2574
vn 0.0158 -0.9884 0.1509
vn -0.1053 -0.9659 0.2364
vn -0.0617 -0.9884 0.1386
vn -0.2094 -0.9659 0.1521
vn -0.1228 -0.9884 0.0892
vn -0.6715 -0.6948 0.2577
vn -0.6715 -0.6947 0.2577
vn -0.9038 -0.2506 0.3468
vn -0.9038 -0.2505 0.3468
vn 0.7104 -0.6947 0.1126
vn 0.5589 -0.6947 0.4527
vn 0.2577 -0.6947 0.6715
vn -0.1126 -0.6947 0.7104
vn -0.4527 -0.6948 0.5589
vn -0.4527 -0.6947 0.5589
vn 0.9562 -0.2505 0.1516
vn 0.9562 -0.2506 0.1515
vn 0.7523 -0.2506 0.6093
vn 0.3468 -0.2506 0.9038
vn -0.1516 -0.2506 0.9562
vn -0.1515 -0.2506 0.9562
vn -0.6093 -0.2506 0.7523
vn -0.9578 -0.2693 0.1006
vn -0.9848 -0.1393 0.1034
vn -0.9789 -0.1328 -0.1552
vn -0.9545 -0.2570 -0.1512
vn -0.7510 -0.2567 -0.6083
vn -0.7702 -0.1328 -0.6238
vn -0.3463 -0.2567 -0.9023
vn -0.3551 -0.1328 -0.9253
vn 0.1513 -0.2567 -0.9546
vn 0.1552 -0.1328 -0.9789
vn 0.6083 -0.2567 -0.7510
vn 0.6238 -0.1328 -0.7702
vn 0.9023 -0.2571 -0.3462
vn 0.9253 -0.1328 -0.3551
vn 0.9848 -0.1393 -0.1034
vn 0.9578 -0.2693 -0.1006
vn 0.6712 -0.6948 -0.2582
vn 0.6677 -0.6990 -0.2560
vn 0.6673 -0.6995 -0.2557
vn 0.6709 -0.6952 -0.2580
vn -0.2577 -0.6948 -0.6715
vn -0.7102 -0.6948 -0.1132
vn -0.7099 -0.6952 -0.1130
vn -0.7059 -0.6995 -0.1116
vn -0.7063 -0.6990 -0.1117
vn -0.2555 -0.9664 0.0268
vn -0.2363 -0.9659 -0.1055
vn -0.1386 -0.9884 -0.0618
vn -0.1497 -0.9886 0.0157
vn 0.2093 -0.9659 -0.1523
vn 0.2555 -0.9664 -0.0268
vn 0.1497 -0.9886 -0.0157
vn 0.1227 -0.9884 -0.0893
vn 0.0617 -0.9884 -0.1386
vn -0.5571 0.8284 0.0585
vn -0.5438 0.8031 -0.2437
vn -0.7713 0.6312 0.0810
vn -0.7925 0.5575 -0.2472
vn -0.9379 0.3327 0.0985
vn -0.9809 0.1154 -0.1565
vn -0.9915 0.0783 0.1041
vn -0.3475 0.8054 -0.4803
vn -0.4147 0.7085 -0.5709
vn -0.0617 0.8065 -0.5880
vn -0.0737 0.7085 -0.7018
vn 0.2402 0.8053 -0.5420
vn 0.2871 0.7085 -0.6446
vn 0.4813 0.8030 -0.3514
vn 0.7238 0.5576 -0.4064
vn 0.7713 0.6313 -0.0810
vn 0.5571 0.8284 -0.0585
vn 0.9379 0.3328 -0.0985
vn 0.9915 0.0784 -0.1041
vn 0.9270 0.1155 -0.3568
vn 0.6097 0.2481 -0.7528
vn 0.6252 0.1161 -0.7718
vn 0.6252 0.1160 -0.7718
vn 0.1517 0.2480 -0.9568
vn 0.1555 0.1160 -0.9810
vn 0.1517 0.2481 -0.9568
vn -0.3471 0.2481 -0.9044
vn -0.3558 0.1160 -0.9273
vn -0.7528 0.2481 -0.6097
vn -0.7718 0.1161 -0.6252
vn -0.7718 0.1160 -0.6252
vn -0.7528 0.2480 -0.6097
vn -0.9254 -0.1328 0.3551
vn -0.9271 0.1149 0.3568
vn -0.6252 0.1154 0.7719
vn -0.6238 -0.1328 0.7702
vn -0.6252 0.1155 0.7719
vn -0.1555 0.1155 0.9811
vn -0.1552 -0.1328 0.9789
vn 0.3559 0.1155 0.9274
vn 0.3551 -0.1328 0.9253
vn 0.7719 0.1155 0.6252
vn 0.7702 -0.1328 0.6238
vn 0.9810 0.1149 0.1565
vn 0.9789 -0.1328 0.1552
vn 0.7927 0.5573 0.2473
vn 0.7530 0.2469 0.6099
vn 0.3472 0.2469 0.9047
vn -0.1517 0.2469 0.9571
vn -0.6099 0.2469 0.7530
vn -0.6099 0.2468 0.7530
vn -0.7241 0.5572 0.4065
vn -0.4813 0.8031 0.3513
vn 0.5437 0.8031 0.2437
vn 0.3475 0.8053 0.4803
vn 0.4147 0.7085 0.5710
vn 0.0617 0.8065 0.5880
vn 0.0737 0.7085 0.7018
vn -0.2402 0.8053 0.5420
vn -0.2871 0.7085 0.6446
vn 0.1386 -0.9884 0.0618
vn -0.1227 -0.9884 0.0892
vn 0.2364 -0.9659 0.1055
vn -0.2093 -0.9659 0.1523
vn -0.6673 -0.6995 0.2557
vn -0.6709 -0.6952 0.2580
vn -0.6712 -0.6948 0.2582
vn -0.6677 -0.6990 0.2560
vn -0.9023 -0.2570 0.3462
vn -0.6083 -0.2567 0.7510
vn -0.1513 -0.2567 0.9546
vn 0.3463 -0.2567 0.9023
vn 0.7510 -0.2567 0.6083
vn 0.9545 -0.2571 0.1512
vn 0.7063 -0.6990 0.1117
vn 0.7102 -0.6948 0.1132
vn 0.7099 -0.6952 0.1130
vn 0.7059 -0.6995 0.1116
vn 0.1425 0.9842 -0.1048
vn 0.1717 0.9850 -0.0180
vn 0.3135 0.9490 -0.0329
vn 0.3502 0.9245 -0.1504
vn 0.3738 0.9245 0.0744
vn 0.4097 0.9112 -0.0430
vn 0.2670 0.9267 -0.2644
vn 0.1326 0.9276 -0.3492
vn -0.0390 0.9276 -0.3716
vn -0.2022 0.9276 -0.3140
vn -0.1046 0.9836 -0.1468
vn -0.0190 0.9833 -0.1810
vn -0.3161 0.9267 -0.2032
vn -0.1611 0.9842 -0.0729
vn -0.3705 0.9265 -0.0659
vn -0.1770 0.9840 0.0186
vn -0.3996 0.9157 0.0420
vn 0.0719 0.9836 -0.1653
vn 0.1611 0.9842 0.0729
vn 0.3161 0.9267 0.2032
vn 0.1046 0.9836 0.1468
vn 0.2022 0.9276 0.3140
vn 0.0190 0.9833 0.1810
vn 0.0390 0.9276 0.3716
vn -0.0719 0.9836 0.1653
vn -0.1326 0.9276 0.3492
vn -0.2670 0.9267 0.2644
vn -0.3487 0.9265 0.1414
vn -0.1425 0.9842 0.1048
vn -0.9561 -0.2507 -0.1515
vn -0.9801 -0.1236 -0.1553
vn -0.7523 -0.2506 -0.6093
vn -0.3468 -0.2505 -0.9039
vn 0.1515 -0.2506 -0.9562
vn 0.9038 -0.2507 -0.3468
vn -0.7104 -0.6947 -0.1126
vn -0.1509 -0.9884 0.0158
vn -0.9265 -0.1236 0.3555
vn -0.1554 -0.1235 0.9801
vn 0.3555 -0.1236 0.9265
vn 0.7711 -0.1235 0.6246
vn 0.9877 0.0000 0.1566
vn 0.9801 -0.1235 0.1554
vn 0.2577 -0.6948 0.6715
vn 0.9561 -0.2507 0.1515
vn 0.9562 -0.2506 0.1516
vn 0.7523 -0.2505 0.6093
vn -0.1516 -0.2505 0.9562
vn -0.6093 -0.2505 0.7523
vn -0.9578 -0.2694 0.1006
vn -0.9545 -0.2570 -0.1513
vn 0.9578 -0.2694 -0.1006
vn -0.5572 0.8283 0.0585
vn -0.5438 0.8030 -0.2437
vn -0.7713 0.6314 0.0810
vn -0.9378 0.3329 0.0985
vn 0.2871 0.7085 -0.6447
vn 0.4813 0.8030 -0.3513
vn 0.7238 0.5575 -0.4065
vn 0.7712 0.6314 -0.0810
vn 0.9379 0.3327 -0.0985
vn 0.9915 0.0781 -0.1041
vn 0.6097 0.2480 -0.7528
vn 0.1555 0.1161 -0.9810
vn -0.3471 0.2479 -0.9045
vn -0.7528 0.2479 -0.6098
vn -0.9253 -0.1328 0.3551
vn -0.9271 0.1148 0.3568
vn 0.3559 0.1154 0.9274
vn 0.7719 0.1154 0.6252
vn 0.7719 0.1156 0.6252
vn 0.9810 0.1150 0.1565
vn 0.7927 0.5572 0.2473
vn 0.7530 0.2471 0.6099
vn 0.7531 0.2467 0.6100
vn 0.3472 0.2468 0.9047
vn -0.1517 0.2470 0.9571
vn 0.5439 0.8030 0.2438
vn 0.4148 0.7085 0.5710
vn -0.2871 0.7085 0.6447
vn -0.1227 -0.9884 0.0893
vn 0.2363 -0.9659 0.1055
vn -0.9023 -0.2571 0.3462
vn -0.1126 -0.6948 0.7104
vn 0.0000 1.0000 0.0000
vn -0.0000 1.0000 0.0000
vn -0.0000 1.0000 -0.0000
vn -0.0000 -1.0000 -0.0000
vn 0.0000 -1.0000 0.0000
vn -0.0000 -1.0000 0.0000
vn 0.8443 0.0000 -0.5359
vn 0.4632 0.0000 -0.8863
vn -0.0420 0.0000 -0.9991
vn -0.5359 0.0000 -0.8443
vn -0.8863 0.0000 -0.4632
vn -0.9991 0.0000 0.0420
vn -0.8443 0.0000 0.5359
vn -0.4632 0.0000 0.8863
vn 0.0420 0.0000 0.9991
vn 0.5359 0.0000 0.8443
vn 0.8863 0.0000 0.4632
vn 0.9991 0.0000 -0.0420
vn 0.0383 0.9549 -0.2943
vn 0.0153 0.9930 -0.1173
vn 0.0791 0.9930 -0.0873
vn 0.1800 0.9549 -0.2364
vn 0.1111 0.9930 -0.0392
vn 0.2752 0.9546 -0.1141
vn 0.1175 0.9930 0.0153
vn 0.3399 0.9394 0.0442
vn 0.0973 0.9930 0.0663
vn 0.2367 0.9546 0.1807
vn -0.0541 0.9930 -0.1046
vn -0.0383 0.9549 0.2943
vn 0.1135 0.9548 0.2746
vn 0.0541 0.9930 0.1046
vn -0.0153 0.9930 0.1173
vn 0.2615 -0.9435 0.2035
vn 0.2004 -0.9723 0.1199
vn 0.2247 -0.9740 0.0292
vn 0.3793 -0.9240 0.0493
vn 0.1139 -0.9934 0.0148
vn 0.2244 -0.9723 -0.0646
vn 0.1056 -0.9932 -0.0486
vn 0.1556 -0.9612 0.2279
vn 0.0897 -0.9932 0.0740
vn 0.4597 -0.8497 0.2582
vn 0.1109 -0.9508 0.2892
vn -0.0292 -0.9740 0.2247
vn -0.0427 -0.9436 0.3282
vn -0.0150 -0.9932 0.1152
vn 0.0421 -0.9837 0.1745
vn 0.0854 -0.9837 -0.1580
vn 0.2088 -0.9611 -0.1806
vn 0.0292 -0.9740 -0.2247
vn 0.0150 -0.9932 -0.1152
vn 0.0427 -0.9436 -0.3282
vn 0.1812 -0.9508 -0.2512
vn 0.2367 -0.9209 -0.3095
vn 0.3049 -0.9435 -0.1299
vn -0.9847 0.1145 0.1312
vn -0.9824 0.1323 0.1318
vn -0.9577 0.2570 0.1296
vn -0.9668 0.2207 0.1289
vn -0.7836 0.6129 -0.1019
vn -0.7150 0.6921 0.0987
vn -0.6556 0.7503 -0.0853
vn -0.5080 0.8514 0.1308
vn -0.2751 0.9546 0.1141
vn -0.3399 0.9394 -0.0442
vn -0.2337 0.9231 0.3055
vn -0.1799 0.9549 0.2364
vn -0.0496 0.9230 0.3815
vn 0.1478 0.9230 0.3552
vn 0.4577 0.8513 0.2564
vn 0.6555 0.7504 0.0853
vn 0.6661 0.6920 0.2784
vn 0.7835 0.6130 0.1019
vn 0.9017 0.2205 0.3720
vn 0.8927 0.2569 0.3703
vn 0.9160 0.1323 0.3788
vn 0.9184 0.1144 0.3788
vn -0.7658 0.2569 0.5895
vn -0.7854 0.1329 0.6046
vn -0.7658 0.2568 0.5895
vn -0.3685 0.2568 0.8935
vn -0.3779 0.1328 0.9163
vn -0.3779 0.1329 0.9163
vn 0.1276 0.2568 0.9580
vn 0.1309 0.1329 0.9825
vn 0.1309 0.1328 0.9825
vn 0.1276 0.2567 0.9580
vn 0.5896 0.2567 0.7659
vn 0.6046 0.1328 0.7854
vn 0.6046 0.1329 0.7854
vn 0.5895 0.2567 0.7659
vn -0.5699 0.6948 0.4387
vn -0.2742 0.6948 0.6649
vn 0.0950 0.6948 0.7129
vn 0.4387 0.6948 0.5699
vn 0.1497 -0.9209 0.3599
vn -0.0504 -0.9206 0.3872
vn -0.2367 -0.9210 0.3095
vn -0.1812 -0.9508 0.2512
vn -0.5104 -0.8497 0.1320
vn -0.3049 -0.9435 0.1299
vn -0.3793 -0.9239 -0.0493
vn -0.6691 -0.7381 -0.0870
vn -0.7155 -0.6916 0.0989
vn -0.7960 -0.5964 -0.1035
vn -0.9715 -0.1984 0.1294
vn -0.9604 -0.2461 0.1304
vn -0.9846 -0.1143 0.1324
vn -0.9872 -0.0907 0.1315
vn 0.9207 -0.0907 0.3796
vn 0.9180 -0.1144 0.3799
vn 0.8951 -0.2462 0.3718
vn 0.9061 -0.1984 0.3737
vn 0.7961 -0.5962 0.1036
vn 0.6665 -0.6914 0.2787
vn 0.6691 -0.7381 0.0870
vn 0.0950 -0.6948 0.7129
vn -0.2742 -0.6948 0.6649
vn -0.2742 -0.6949 0.6648
vn -0.5699 -0.6949 0.4387
vn -0.5699 -0.6948 0.4387
vn 0.1280 -0.2460 0.9608
vn 0.1312 -0.1150 0.9847
vn -0.3695 -0.2459 0.8961
vn -0.3787 -0.1150 0.9183
vn -0.3696 -0.2458 0.8961
vn -0.7681 -0.2458 0.5913
vn -0.7872 -0.1150 0.6059
vn -0.7871 -0.1150 0.6059
vn -0.7681 -0.2460 0.5912
vn 0.4387 -0.6947 0.5700
vn 0.4387 -0.6948 0.5699
vn 0.5912 -0.2460 0.7681
vn 0.6059 -0.1150 0.7872
vn 0.5912 -0.2459 0.7681
vn -0.0854 -0.9837 0.1580
vn -0.2088 -0.9611 0.1806
vn -0.2244 -0.9723 0.0646
vn -0.1056 -0.9932 0.0486
vn -0.2247 -0.9740 -0.0292
vn -0.1139 -0.9934 -0.0148
vn -0.2004 -0.9723 -0.1199
vn -0.2615 -0.9435 -0.2035
vn -0.1556 -0.9612 -0.2280
vn -0.0897 -0.9932 -0.0740
vn -0.4597 -0.8497 -0.2582
vn -0.1109 -0.9508 -0.2892
vn -0.0421 -0.9838 -0.1745
vn -0.0791 0.9930 0.0873
vn -0.1111 0.9930 0.0392
vn -0.1175 0.9930 -0.0153
vn -0.0973 0.9930 -0.0663
vn -0.2366 0.9547 -0.1806
vn -0.1135 0.9548 -0.2746
vn -0.9207 -0.0908 -0.3796
vn -0.9184 0.1146 -0.3788
vn -0.9160 0.1322 -0.3788
vn -0.9180 -0.1144 -0.3799
vn -0.6059 -0.1151 -0.7872
vn -0.6046 0.1328 -0.7854
vn -0.6046 0.1327 -0.7854
vn -0.6059 -0.1150 -0.7872
vn -0.1312 -0.1150 -0.9847
vn -0.1309 0.1328 -0.9825
vn 0.3787 -0.1150 -0.9183
vn 0.3779 0.1328 -0.9163
vn 0.7872 -0.1149 -0.6059
vn 0.7854 0.1329 -0.6046
vn 0.7871 -0.1150 -0.6059
vn 0.9846 -0.1143 -0.1324
vn 0.9824 0.1323 -0.1318
vn 0.9847 0.1144 -0.1312
vn 0.9872 -0.0908 -0.1315
vn 0.9715 -0.1984 -0.1294
vn 0.9604 -0.2461 -0.1304
vn 0.7155 -0.6916 -0.0989
vn 0.5105 -0.8497 -0.1320
vn 0.0504 -0.9206 -0.3872
vn -0.1497 -0.9210 -0.3598
vn -0.6665 -0.6914 -0.2787
vn -0.4387 -0.6947 -0.5700
vn -0.4387 -0.6948 -0.5699
vn -0.0950 -0.6948 -0.7129
vn 0.2742 -0.6948 -0.6649
vn 0.2742 -0.6949 -0.6648
vn 0.5699 -0.6949 -0.4387
vn 0.5699 -0.6948 -0.4387
vn -0.8950 -0.2463 -0.3718
vn -0.9061 -0.1985 -0.3737
vn -0.5912 -0.2461 -0.7680
vn -0.5912 -0.2459 -0.7681
vn -0.1280 -0.2460 -0.9608
vn 0.3695 -0.2459 -0.8961
vn 0.3696 -0.2458 -0.8961
vn 0.7681 -0.2458 -0.5913
vn 0.7681 -0.2460 -0.5912
vn 0.5080 0.8513 -0.1309
vn 0.7150 0.6921 -0.0987
vn 0.9577 0.2570 -0.1296
vn 0.9668 0.2205 -0.1289
vn 0.7658 0.2568 -0.5895
vn 0.3685 0.2567 -0.8935
vn -0.1276 0.2567 -0.9580
vn -0.1276 0.2566 -0.9581
vn -0.5896 0.2565 -0.7659
vn -0.5896 0.2566 -0.7659
vn -0.8928 0.2566 -0.3703
vn -0.9016 0.2208 -0.3719
vn -0.6661 0.6920 -0.2784
vn -0.4576 0.8514 -0.2564
vn -0.4387 0.6948 -0.5699
vn -0.0950 0.6948 -0.7129
vn 0.2742 0.6948 -0.6649
vn 0.5699 0.6948 -0.4387
vn -0.1478 0.9231 -0.3552
vn 0.0496 0.9230 -0.3815
vn 0.2337 0.9231 -0.3055
vn -0.0867 0.9549 -0.2839
vn -0.0345 0.9930 -0.1131
vn 0.0360 0.9930 -0.1122
vn 0.0663 0.9548 -0.2897
vn 0.0850 0.9930 -0.0816
vn 0.2034 0.9546 -0.2175
vn 0.1133 0.9930 -0.0346
vn 0.3278 0.9394 -0.1001
vn 0.1160 0.9930 0.0202
vn 0.2902 0.9546 0.0668
vn -0.0925 0.9930 -0.0729
vn 0.0867 0.9549 0.2839
vn 0.2169 0.9548 0.2032
vn 0.0925 0.9930 0.0729
vn 0.0345 0.9930 0.1131
vn 0.3222 -0.9435 0.0774
vn 0.2320 -0.9723 0.0264
vn 0.2167 -0.9740 -0.0662
vn 0.3658 -0.9239 -0.1117
vn 0.1099 -0.9934 -0.0336
vn 0.1777 -0.9723 -0.1516
vn 0.0761 -0.9932 -0.0879
vn 0.2359 -0.9612 0.1433
vn 0.1123 -0.9932 0.0304
vn 0.5253 -0.8497 0.0452
vn 0.2204 -0.9508 0.2175
vn 0.0662 -0.9740 0.2167
vn 0.0967 -0.9437 0.3165
vn 0.0339 -0.9932 0.1111
vn 0.1105 -0.9837 0.1415
vn 0.0125 -0.9837 -0.1791
vn 0.1156 -0.9612 -0.2507
vn -0.0662 -0.9740 -0.2167
vn -0.0339 -0.9932 -0.1111
vn -0.0967 -0.9436 -0.3165
vn 0.0612 -0.9508 -0.3036
vn 0.0878 -0.9210 -0.3796
vn 0.2240 -0.9435 -0.2442
vn -0.8426 0.1144 0.5262
vn -0.8402 0.1322 0.5258
vn -0.8187 0.2568 0.5136
vn -0.8273 0.2205 0.5167
vn -0.7557 0.6129 0.2308
vn -0.6105 0.6920 0.3852
vn -0.6322 0.7503 0.1931
vn -0.4086 0.8514 0.3290
vn -0.2034 0.9546 0.2175
vn -0.3278 0.9394 0.1001
vn -0.0867 0.9230 0.3748
vn -0.0663 0.9548 0.2896
vn 0.1124 0.9230 0.3679
vn 0.2814 0.9230 0.2625
vn 0.5227 0.8513 0.0445
vn 0.6322 0.7504 -0.1931
vn 0.7215 0.6920 -0.0216
vn 0.7557 0.6129 -0.2308
vn 0.9748 0.2203 -0.0337
vn 0.9659 0.2570 -0.0315
vn 0.9906 0.1323 -0.0334
vn 0.9928 0.1143 -0.0344
vn -0.4540 0.2567 0.8532
vn -0.4656 0.1328 0.8750
vn -0.4655 0.1329 0.8750
vn -0.4540 0.2568 0.8532
vn 0.0335 0.2568 0.9659
vn 0.0343 0.1329 0.9905
vn 0.0343 0.1328 0.9905
vn 0.5119 0.2568 0.8198
vn 0.5250 0.1329 0.8407
vn 0.8532 0.2568 0.4540
vn 0.8750 0.1329 0.4656
vn 0.8750 0.1329 0.4655
vn -0.3378 0.6948 0.6350
vn -0.3378 0.6948 0.6349
vn 0.0249 0.6948 0.7188
vn 0.3809 0.6948 0.6100
vn 0.6349 0.6948 0.3378
vn 0.2849 -0.9210 0.2658
vn 0.1140 -0.9206 0.3734
vn -0.0878 -0.9210 0.3796
vn -0.0612 -0.9508 0.3036
vn -0.4104 -0.8497 0.3310
vn -0.2240 -0.9435 0.2442
vn -0.3659 -0.9239 0.1117
vn -0.6452 -0.7382 0.1971
vn -0.6109 -0.6915 0.3856
vn -0.7676 -0.5965 0.2344
vn -0.8314 -0.1982 0.5192
vn -0.8208 -0.2460 0.5155
vn -0.8420 -0.1142 0.5272
vn -0.8447 -0.0907 0.5275
vn 0.9953 -0.0907 -0.0345
vn 0.9929 -0.1143 -0.0332
vn 0.9687 -0.2461 -0.0311
vn 0.9796 -0.1982 -0.0339
vn 0.7676 -0.5966 -0.2344
vn 0.7221 -0.6915 -0.0215
vn 0.6452 -0.7382 -0.1971
vn 0.3809 -0.6948 0.6100
vn 0.3810 -0.6948 0.6100
vn 0.0249 -0.6948 0.7188
vn -0.3378 -0.6948 0.6349
vn 0.5134 -0.2459 0.8221
vn 0.5262 -0.1150 0.8426
vn 0.5134 -0.2460 0.8221
vn 0.0336 -0.2460 0.9687
vn 0.0344 -0.1150 0.9928
vn 0.0336 -0.2459 0.9687
vn -0.4553 -0.2459 0.8557
vn -0.4666 -0.1150 0.8770
vn 0.6350 -0.6948 0.3378
vn 0.6349 -0.6948 0.3378
vn 0.8557 -0.2460 0.4553
vn 0.8770 -0.1150 0.4666
vn 0.8557 -0.2459 0.4553
vn -0.0125 -0.9837 0.1791
vn -0.1156 -0.9611 0.2507
vn -0.1777 -0.9723 0.1516
vn -0.0761 -0.9932 0.0879
vn -0.2167 -0.9740 0.0662
vn -0.1099 -0.9934 0.0336
vn -0.2320 -0.9723 -0.0264
vn -0.3222 -0.9435 -0.0774
vn -0.2359 -0.9612 -0.1433
vn -0.1123 -0.9932 -0.0304
vn -0.5253 -0.8497 -0.0452
vn -0.2204 -0.9508 -0.2175
vn -0.1105 -0.9837 -0.1415
vn -0.0360 0.9930 0.1122
vn -0.0850 0.9930 0.0816
vn -0.1133 0.9930 0.0346
vn -0.1160 0.9930 -0.0202
vn -0.2902 0.9546 -0.0668
vn -0.2168 0.9548 -0.2032
vn -0.9953 -0.0907 0.0345
vn -0.9928 0.1144 0.0344
vn -0.9907 0.1323 0.0334
vn -0.9929 -0.1143 0.0332
vn -0.8770 -0.1150 -0.4666
vn -0.8750 0.1328 -0.4656
vn -0.5262 -0.1150 -0.8426
vn -0.5250 0.1328 -0.8407
vn -0.0344 -0.1150 -0.9928
vn -0.0343 0.1329 -0.9905
vn 0.4666 -0.1150 -0.8770
vn 0.4655 0.1329 -0.8750
vn 0.8420 -0.1143 -0.5272
vn 0.8402 0.1323 -0.5258
vn 0.8426 0.1144 -0.5262
vn 0.8447 -0.0907 -0.5275
vn 0.8313 -0.1982 -0.5192
vn 0.8208 -0.2461 -0.5155
vn 0.6109 -0.6915 -0.3856
vn 0.4104 -0.8497 -0.3311
vn -0.1140 -0.9206 -0.3735
vn -0.2849 -0.9210 -0.2658
vn -0.7221 -0.6915 0.0215
vn -0.6350 -0.6948 -0.3378
vn -0.6349 -0.6948 -0.3378
vn -0.3809 -0.6948 -0.6100
vn -0.0249 -0.6948 -0.7188
vn 0.3378 -0.6948 -0.6349
vn -0.9687 -0.2461 0.0311
vn -0.9796 -0.1982 0.0339
vn -0.8557 -0.2460 -0.4553
vn -0.5134 -0.2460 -0.8221
vn -0.0336 -0.2460 -0.9687
vn -0.0336 -0.2459 -0.9687
vn 0.4553 -0.2459 -0.8557
vn 0.4086 0.8513 -0.3290
vn 0.6105 0.6920 -0.3853
vn 0.8187 0.2569 -0.5136
vn 0.8273 0.2203 -0.5167
vn 0.4540 0.2568 -0.8532
vn -0.0335 0.2568 -0.9659
vn -0.5119 0.2567 -0.8198
vn -0.8532 0.2567 -0.4540
vn -0.9659 0.2569 0.0315
vn -0.9748 0.2205 0.0337
vn -0.7215 0.6920 0.0216
vn -0.5227 0.8513 -0.0445
vn -0.6349 0.6948 -0.3378
vn -0.3810 0.6948 -0.6100
vn -0.3809 0.6948 -0.6100
vn -0.0249 0.6948 -0.7188
vn 0.3378 0.6948 -0.6349
vn -0.2813 0.9230 -0.2625
vn -0.1124 0.9230 -0.3679
vn 0.0866 0.9230 -0.3749
vn 0.2426 0.9549 -0.1710
vn 0.0966 0.9930 -0.0681
vn 0.1178 0.9930 -0.0008
vn 0.2959 0.9548 -0.0275
vn 0.1040 0.9930 0.0552
vn 0.2702 0.9546 0.1253
vn 0.0682 0.9930 0.0968
vn 0.1975 0.9394 0.2801
vn 0.0171 0.9930 0.1165
vn 0.0272 0.9546 0.2965
vn 0.0404 0.9930 -0.1107
vn -0.2426 0.9549 0.1710
vn -0.1253 0.9548 0.2694
vn -0.0404 0.9930 0.1107
vn -0.0966 0.9930 0.0681
vn 0.0271 -0.9435 0.3303
vn 0.0474 -0.9723 0.2287
vn 0.1306 -0.9740 0.1852
vn 0.2204 -0.9239 0.3127
vn 0.0662 -0.9934 0.0939
vn 0.1995 -0.9723 0.1215
vn 0.1073 -0.9932 0.0449
vn -0.0625 -0.9612 0.2689
vn 0.0062 -0.9932 0.1161
vn 0.1211 -0.8497 0.5132
vn -0.1378 -0.9508 0.2773
vn -0.1852 -0.9740 0.1306
vn -0.2705 -0.9436 0.1907
vn -0.0949 -0.9932 0.0669
vn -0.1000 -0.9837 0.1491
vn 0.1740 -0.9838 -0.0440
vn 0.2742 -0.9612 0.0315
vn 0.1852 -0.9740 -0.1306
vn 0.0949 -0.9932 -0.0669
vn 0.2705 -0.9436 -0.1907
vn 0.3075 -0.9508 -0.0366
vn 0.3880 -0.9210 -0.0352
vn 0.3019 -0.9435 0.1365
vn -0.7630 0.1145 -0.6361
vn -0.7619 0.1323 -0.6340
vn -0.7435 0.2569 -0.6174
vn -0.7492 0.2206 -0.6245
vn -0.4552 0.6129 -0.6458
vn -0.5566 0.6920 -0.4597
vn -0.3809 0.7504 -0.5403
vn -0.4402 0.8513 -0.2855
vn -0.2702 0.9546 -0.1253
vn -0.1975 0.9394 -0.2801
vn -0.3832 0.9230 0.0347
vn -0.2959 0.9548 0.0275
vn -0.3144 0.9230 0.2216
vn -0.1615 0.9230 0.3492
vn 0.1209 0.8514 0.5105
vn 0.3809 0.7503 0.5403
vn 0.2458 0.6920 0.6787
vn 0.4553 0.6128 0.6459
vn 0.3364 0.2206 0.9155
vn 0.3316 0.2569 0.9078
vn 0.3411 0.1323 0.9307
vn 0.3427 0.1145 0.9324
vn -0.9523 0.2568 -0.1648
vn -0.9766 0.1329 -0.1690
vn -0.9071 0.2568 0.3334
vn -0.9303 0.1329 0.3419
vn -0.9303 0.1328 0.3419
vn -0.9071 0.2567 0.3334
vn -0.6189 0.2567 0.7423
vn -0.6347 0.1328 0.7613
vn -0.1648 0.2567 0.9523
vn -0.1690 0.1328 0.9766
vn -0.7087 0.6948 -0.1227
vn -0.6751 0.6948 0.2481
vn -0.4605 0.6948 0.5524
vn -0.4606 0.6948 0.5524
vn -0.1227 0.6948 0.7087
vn -0.1635 -0.9210 0.3537
vn -0.3192 -0.9206 0.2250
vn -0.3881 -0.9209 0.0352
vn -0.3076 -0.9508 0.0366
vn -0.4427 -0.8497 -0.2865
vn -0.3020 -0.9435 -0.1365
vn -0.2204 -0.9239 -0.3127
vn -0.3887 -0.7381 -0.5514
vn -0.5571 -0.6915 -0.4599
vn -0.4625 -0.5964 -0.6560
vn -0.7528 -0.1984 -0.6276
vn -0.7460 -0.2462 -0.6188
vn -0.7638 -0.1143 -0.6353
vn -0.7649 -0.0908 -0.6378
vn 0.3436 -0.0907 0.9347
vn 0.3416 -0.1143 0.9329
vn 0.3321 -0.2461 0.9106
vn 0.3381 -0.1983 0.9200
vn 0.4625 -0.5964 0.6561
vn 0.2459 -0.6915 0.6792
vn 0.3887 -0.7381 0.5514
vn -0.4606 -0.6948 0.5524
vn -0.4605 -0.6948 0.5524
vn -0.6750 -0.6948 0.2481
vn -0.6751 -0.6948 0.2481
vn -0.7087 -0.6948 -0.1227
vn -0.7087 -0.6948 -0.1226
vn -0.6207 -0.2459 0.7445
vn -0.6361 -0.1150 0.7630
vn -0.9098 -0.2459 0.3344
vn -0.9324 -0.1150 0.3427
vn -0.9098 -0.2460 0.3344
vn -0.9551 -0.2459 -0.1653
vn -0.9788 -0.1150 -0.1694
vn -0.9551 -0.2460 -0.1653
vn -0.1226 -0.6948 0.7087
vn -0.1227 -0.6948 0.7087
vn -0.1653 -0.2459 0.9551
vn -0.1694 -0.1150 0.9788
vn -0.1741 -0.9838 0.0440
vn -0.2742 -0.9612 -0.0315
vn -0.1995 -0.9723 -0.1215
vn -0.1073 -0.9932 -0.0449
vn -0.1306 -0.9740 -0.1852
vn -0.0662 -0.9934 -0.0939
vn -0.0474 -0.9723 -0.2287
vn -0.0271 -0.9435 -0.3303
vn 0.0625 -0.9611 -0.2689
vn -0.0062 -0.9932 -0.1161
vn -0.1211 -0.8497 -0.5132
vn 0.1378 -0.9508 -0.2773
vn 0.1000 -0.9837 -0.1491
vn -0.1178 0.9930 0.0008
vn -0.1040 0.9930 -0.0552
vn -0.0682 0.9930 -0.0968
vn -0.0171 0.9930 -0.1165
vn -0.0272 0.9546 -0.2965
vn 0.1253 0.9548 -0.2694
vn -0.3436 -0.0907 -0.9347
vn -0.3427 0.1144 -0.9324
vn -0.3411 0.1323 -0.9307
vn -0.3416 -0.1143 -0.9329
vn 0.1694 -0.1150 -0.9788
vn 0.1690 0.1328 -0.9766
vn 0.6361 -0.1150 -0.7630
vn 0.6347 0.1328 -0.7613
vn 0.6347 0.1329 -0.7613
vn 0.9324 -0.1150 -0.3427
vn 0.9303 0.1329 -0.3419
vn 0.9788 -0.1151 0.1694
vn 0.9766 0.1329 0.1690
vn 0.9766 0.1328 0.1690
vn 0.9788 -0.1150 0.1694
vn 0.7638 -0.1143 0.6353
vn 0.7619 0.1323 0.6340
vn 0.7630 0.1145 0.6362
vn 0.7649 -0.0907 0.6378
vn 0.7528 -0.1984 0.6276
vn 0.7460 -0.2461 0.6188
vn 0.5571 -0.6915 0.4599
vn 0.4426 -0.8497 0.2865
vn 0.3192 -0.9206 -0.2250
vn 0.1635 -0.9210 -0.3536
vn -0.2459 -0.6915 -0.6792
vn 0.1226 -0.6948 -0.7087
vn 0.1227 -0.6948 -0.7087
vn 0.4606 -0.6948 -0.5524
vn 0.4605 -0.6948 -0.5524
vn 0.6750 -0.6948 -0.2481
vn 0.6751 -0.6948 -0.2481
vn 0.7087 -0.6948 0.1227
vn 0.7087 -0.6948 0.1226
vn -0.3321 -0.2461 -0.9106
vn -0.3381 -0.1984 -0.9200
vn 0.1653 -0.2459 -0.9551
vn 0.1653 -0.2460 -0.9551
vn 0.6207 -0.2460 -0.7445
vn 0.9098 -0.2460 -0.3344
vn 0.9551 -0.2461 0.1653
vn 0.9551 -0.2459 0.1653
vn 0.4401 0.8513 0.2854
vn 0.5566 0.6920 0.4596
vn 0.7436 0.2569 0.6174
vn 0.7492 0.2207 0.6245
vn 0.9523 0.2567 0.1648
vn 0.9523 0.2568 0.1648
vn 0.9071 0.2568 -0.3334
vn 0.6189 0.2568 -0.7423
vn 0.6189 0.2566 -0.7424
vn 0.1648 0.2567 -0.9523
vn -0.3316 0.2569 -0.9078
vn -0.3364 0.2206 -0.9155
vn -0.2458 0.6920 -0.6787
vn -0.1209 0.8514 -0.5105
vn 0.1227 0.6948 -0.7087
vn 0.4605 0.6948 -0.5524
vn 0.4606 0.6948 -0.5524
vn 0.6751 0.6948 -0.2481
vn 0.7087 0.6948 0.1227
vn 0.1615 0.9230 -0.3491
vn 0.3144 0.9230 -0.2216
vn 0.3831 0.9230 -0.0347
vn -0.9038 -0.2507 -0.3468
vn -0.9265 -0.1236 -0.3555
vn -0.9265 -0.1235 -0.3555
vn -0.9038 -0.2506 -0.3468
vn -0.6093 -0.2506 -0.7523
vn -0.6246 -0.1235 -0.7711
vn -0.6246 -0.1236 -0.7711
vn -0.1516 -0.2506 -0.9562
vn -0.1553 -0.1235 -0.9801
vn -0.1515 -0.2505 -0.9562
vn 0.3468 -0.2505 -0.9039
vn 0.3555 -0.1235 -0.9265
vn 0.3468 -0.2506 -0.9038
vn 0.7523 -0.2506 -0.6093
vn 0.7711 -0.1235 -0.6246
vn 0.7523 -0.2505 -0.6093
vn 0.9562 -0.2505 -0.1515
vn 0.9801 -0.1235 -0.1553
vn 0.9801 -0.1236 -0.1554
vn 0.9561 -0.2507 -0.1516
vn 0.7104 -0.6947 -0.1126
vn 0.5589 -0.6947 -0.4527
vn 0.2577 -0.6948 -0.6715
vn 0.2577 -0.6947 -0.6715
vn -0.1126 -0.6947 -0.7104
vn -0.4527 -0.6947 -0.5589
vn -0.6715 -0.6947 -0.2577
vn -0.2574 -0.9659 -0.0270
vn -0.2094 -0.9659 -0.1521
vn -0.1228 -0.9884 -0.0892
vn -0.1509 -0.9884 -0.0158
vn 0.2574 -0.9659 0.0270
vn 0.1509 -0.9884 0.0158
vn 0.1386 -0.9884 -0.0617
vn 0.2364 -0.9659 -0.1053
vn 0.0892 -0.9884 -0.1228
vn 0.1521 -0.9659 -0.2094
vn 0.0158 -0.9884 -0.1509
vn 0.0270 -0.9659 -0.2574
vn -0.0617 -0.9884 -0.1386
vn -0.1053 -0.9659 -0.2364
vn -0.9877 0.0000 0.1566
vn -0.9801 -0.1236 0.1554
vn -0.9801 -0.1235 0.1553
vn -0.7771 0.0000 0.6294
vn -0.7711 -0.1235 0.6246
vn -0.7711 -0.1236 0.6246
vn -0.3583 0.0000 0.9336
vn -0.3555 -0.1236 0.9265
vn -0.3555 -0.1235 0.9265
vn 0.1565 0.0000 0.9877
vn 0.1554 -0.1235 0.9801
vn 0.1553 -0.1235 0.9801
vn 0.6294 0.0000 0.7771
vn 0.6246 -0.1235 0.7711
vn 0.9336 0.0000 0.3583
vn 0.9265 -0.1235 0.3555
vn 0.9265 -0.1236 0.3555
vn -0.9336 0.0000 -0.3583
vn -0.6294 0.0000 -0.7771
vn -0.1565 0.0000 -0.9877
vn 0.3583 0.0000 -0.9336
vn 0.7771 0.0000 -0.6294
vn 0.9877 0.0000 -0.1566
vn -0.9561 -0.2507 0.1516
vn -0.9562 -0.2505 0.1515
vn -0.7523 -0.2506 0.6093
vn -0.3468 -0.2506 0.9038
vn 0.1516 -0.2506 0.9562
vn 0.1516 -0.2505 0.9562
vn 0.6093 -0.2505 0.7523
vn 0.6093 -0.2506 0.7523
vn 0.9038 -0.2506 0.3468
vn 0.9038 -0.2507 0.3468
vn 0.6715 -0.6947 0.2577
vn 0.2094 -0.9659 0.1521
vn 0.1228 -0.9884 0.0892
vn -0.7104 -0.6947 0.1126
vn -0.5589 -0.6947 0.4527
vn -0.2577 -0.6948 0.6715
vn -0.2577 -0.6947 0.6715
vn 0.1126 -0.6947 0.7104
vn 0.4527 -0.6947 0.5589
vn -0.1386 -0.9884 0.0617
vn -0.2364 -0.9659 0.1053
vn -0.0892 -0.9884 0.1228
vn -0.1521 -0.9659 0.2094
vn -0.0158 -0.9884 0.1509
vn -0.0270 -0.9659 0.2574
vn 0.0617 -0.9884 0.1386
vn 0.1053 -0.9659 0.2364
vn -0.9578 -0.2694 -0.1006
vn -0.9848 -0.1393 -0.1034
vn -0.9253 -0.1328 -0.3551
vn -0.9023 -0.2571 -0.3462
vn -0.6083 -0.2567 -0.7510
vn -0.6238 -0.1328 -0.7702
vn -0.1513 -0.2567 -0.9546
vn -0.1552 -0.1328 -0.9789
vn 0.3463 -0.2567 -0.9023
vn 0.3551 -0.1328 -0.9253
vn 0.7510 -0.2567 -0.6083
vn 0.7702 -0.1328 -0.6238
vn 0.9545 -0.2570 -0.1513
vn 0.9789 -0.1328 -0.1552
vn 0.9848 -0.1393 0.1034
vn 0.9578 -0.2694 0.1006
vn 0.7102 -0.6948 -0.1132
vn 0.7063 -0.6990 -0.1117
vn 0.7059 -0.6995 -0.1116
vn 0.7099 -0.6952 -0.1130
vn -0.1126 -0.6948 -0.7104
vn -0.4527 -0.6948 -0.5589
vn -0.6712 -0.6948 -0.2582
vn -0.6709 -0.6952 -0.2580
vn -0.6673 -0.6995 -0.2557
vn -0.6677 -0.6990 -0.2560
vn -0.2555 -0.9664 -0.0268
vn -0.2093 -0.9659 -0.1523
vn -0.1227 -0.9884 -0.0893
vn -0.1497 -0.9886 -0.0157
vn 0.2363 -0.9659 -0.1055
vn 0.2555 -0.9664 0.0268
vn 0.1497 -0.9886 0.0157
vn 0.1386 -0.9884 -0.0618
vn -0.5571 0.8284 -0.0585
vn -0.4813 0.8030 -0.3513
vn -0.7712 0.6314 -0.0810
vn -0.7239 0.5575 -0.4065
vn -0.9379 0.3327 -0.0985
vn -0.9270 0.1154 -0.3568
vn -0.9915 0.0781 -0.1041
vn -0.2402 0.8053 -0.5420
vn -0.2871 0.7085 -0.6447
vn 0.0617 0.8065 -0.5880
vn 0.0737 0.7085 -0.7018
vn 0.3475 0.8054 -0.4803
vn 0.4147 0.7086 -0.5709
vn 0.5438 0.8030 -0.2437
vn 0.7925 0.5575 -0.2472
vn 0.7713 0.6314 0.0810
vn 0.5572 0.8283 0.0585
vn 0.9378 0.3329 0.0985
vn 0.9915 0.0783 0.1041
vn 0.9809 0.1154 -0.1565
vn 0.7528 0.2480 -0.6098
vn 0.7718 0.1160 -0.6252
vn 0.7718 0.1161 -0.6252
vn 0.7528 0.2481 -0.6097
vn 0.3471 0.2481 -0.9044
vn 0.3558 0.1161 -0.9273
vn 0.3558 0.1160 -0.9273
vn -0.1517 0.2481 -0.9568
vn -0.1555 0.1161 -0.9810
vn -0.6097 0.2480 -0.7528
vn -0.6252 0.1160 -0.7718
vn -0.6098 0.2479 -0.7528
vn -0.9789 -0.1328 0.1552
vn -0.9810 0.1150 0.1565
vn -0.7719 0.1156 0.6252
vn -0.7702 -0.1328 0.6238
vn -0.7719 0.1154 0.6252
vn -0.3559 0.1154 0.9274
vn -0.3551 -0.1328 0.9253
vn -0.3559 0.1155 0.9274
vn 0.1555 0.1155 0.9811
vn 0.1552 -0.1328 0.9789
vn 0.6252 0.1155 0.7719
vn 0.6238 -0.1328 0.7702
vn 0.6252 0.1154 0.7719
vn 0.9271 0.1147 0.3568
vn 0.9253 -0.1328 0.3551
vn -0.5439 0.8030 0.2438
vn -0.7927 0.5572 0.2473
vn -0.4148 0.7085 0.5710
vn -0.3475 0.8053 0.4803
vn -0.0737 0.7085 0.7018
vn -0.0617 0.8065 0.5880
vn 0.2871 0.7085 0.6447
vn 0.2402 0.8053 0.5420
vn 0.7241 0.5571 0.4066
vn 0.4813 0.8031 0.3513
vn -0.7530 0.2471 0.6099
vn -0.7530 0.2467 0.6100
vn -0.3472 0.2468 0.9047
vn -0.3472 0.2469 0.9047
vn 0.1517 0.2470 0.9571
vn 0.1517 0.2469 0.9571
vn 0.6099 0.2469 0.7530
vn 0.6100 0.2467 0.7531
vn 0.1227 -0.9884 0.0893
vn -0.1386 -0.9884 0.0618
vn -0.9545 -0.2571 0.1512
vn -0.7102 -0.6948 0.1132
vn -0.7063 -0.6990 0.1117
vn -0.7059 -0.6995 0.1116
vn -0.7099 -0.6952 0.1130
vn -0.2363 -0.9659 0.1055
vn 0.2093 -0.9659 0.1523
vn 0.6673 -0.6995 0.2557
vn 0.6677 -0.6990 0.2560
vn 0.6712 -0.6948 0.2582
vn 0.6709 -0.6952 0.2580
vn 0.4527 -0.6948 0.5589
vn 0.1126 -0.6948 0.7104
vn 0.9023 -0.2571 0.3462
vn 0.6083 -0.2567 0.7510
vn 0.1513 -0.2567 0.9546
vn -0.3463 -0.2567 0.9023
vn -0.7510 -0.2567 0.6083
vn -0.4097 0.9112 -0.0430
vn -0.3502 0.9245 -0.1504
vn -0.3738 0.9245 0.0744
vn -0.3135 0.9490 -0.0329
vn -0.1717 0.9850 -0.0180
vn -0.1425 0.9842 -0.1048
vn -0.2670 0.9267 -0.2644
vn -0.0719 0.9836 -0.1653
vn -0.1326 0.9276 -0.3492
vn 0.0190 0.9833 -0.1810
vn 0.0390 0.9276 -0.3716
vn 0.1046 0.9836 -0.1468
vn 0.2022 0.9276 -0.3140
vn 0.3161 0.9267 -0.2032
vn 0.3738 0.9245 -0.0744
vn 0.4097 0.9112 0.0430
vn 0.1717 0.9850 0.0180
vn 0.3135 0.9490 0.0329
vn 0.1611 0.9842 -0.0729
vn 0.1425 0.9842 0.1048
vn 0.3502 0.9245 0.1504
vn 0.2670 0.9267 0.2644
vn 0.0719 0.9836 0.1653
vn 0.1326 0.9276 0.3492
vn -0.0190 0.9833 0.1810
vn -0.0390 0.9276 0.3716
vn -0.1046 0.9836 0.1468
vn -0.2022 0.9276 0.3140
vn -0.3161 0.9267 0.2032
vn -0.1611 0.9842 0.0729
vn -0.4632 0.0000 -0.8863
vn -0.8443 0.0000 -0.5359
vn -0.9991 0.0000 -0.0420
vn -0.8863 0.0000 0.4632
vn -0.5359 0.0000 0.8443
vn -0.0420 0.0000 0.9991
vn 0.4632 0.0000 0.8863
vn 0.8443 0.0000 0.5359
vn 0.9991 0.0000 0.0420
vn 0.8863 0.0000 -0.4632
vn 0.5359 0.0000 -0.8443
vn 0.0420 0.0000 -0.9991
vn -0.0383 0.9549 -0.2943
vn -0.1800 0.9549 -0.2364
vn -0.0791 0.9930 -0.0873
vn -0.0153 0.9930 -0.1173
vn -0.1111 0.9930 -0.0392
vn -0.2752 0.9546 -0.1141
vn -0.3399 0.9394 0.0442
vn -0.1175 0.9930 0.0153
vn -0.0973 0.9930 0.0663
vn -0.2367 0.9546 0.1807
vn -0.1135 0.9548 0.2746
vn -0.0541 0.9930 0.1046
vn 0.0383 0.9549 0.2943
vn 0.0153 0.9930 0.1173
vn 0.0791 0.9930 0.0873
vn 0.0427 -0.9436 0.3282
vn -0.1109 -0.9508 0.2892
vn 0.0292 -0.9740 0.2247
vn -0.1556 -0.9612 0.2279
vn -0.0421 -0.9837 0.1745
vn -0.2004 -0.9723 0.1199
vn -0.0897 -0.9932 0.0740
vn -0.2247 -0.9740 0.0292
vn -0.1139 -0.9934 0.0148
vn -0.3793 -0.9240 0.0493
vn -0.2244 -0.9723 -0.0646
vn -0.3049 -0.9435 -0.1299
vn -0.1497 -0.9209 0.3599
vn -0.2615 -0.9435 0.2035
vn -0.2088 -0.9611 -0.1806
vn -0.1056 -0.9932 -0.0486
vn -0.5105 -0.8497 -0.1320
vn -0.1812 -0.9508 -0.2512
vn -0.0292 -0.9740 -0.2247
vn -0.0427 -0.9436 -0.3282
vn -0.0150 -0.9932 -0.1152
vn -0.0854 -0.9837 -0.1580
vn 0.0150 -0.9932 0.1152
vn -0.9184 0.1144 0.3788
vn -0.9160 0.1323 0.3788
vn -0.8927 0.2569 0.3703
vn -0.9017 0.2205 0.3720
vn -0.7835 0.6130 0.1019
vn -0.6661 0.6920 0.2784
vn -0.6555 0.7504 0.0853
vn -0.4577 0.8513 0.2564
vn -0.1478 0.9230 0.3552
vn 0.0496 0.9230 0.3815
vn 0.2337 0.9231 0.3055
vn 0.1799 0.9549 0.2364
vn 0.5080 0.8514 0.1308
vn 0.2751 0.9546 0.1141
vn 0.6556 0.7503 -0.0853
vn 0.3399 0.9394 -0.0442
vn 0.7150 0.6921 0.0987
vn 0.7836 0.6129 -0.1019
vn 0.9668 0.2207 0.1289
vn 0.9577 0.2570 0.1296
vn 0.9824 0.1323 0.1318
vn 0.9847 0.1145 0.1312
vn -0.5895 0.2568 0.7658
vn -0.6046 0.1329 0.7854
vn -0.6046 0.1328 0.7854
vn -0.5895 0.2567 0.7659
vn -0.1276 0.2567 0.9580
vn -0.1309 0.1328 0.9825
vn -0.1309 0.1329 0.9824
vn -0.1276 0.2568 0.9580
vn 0.3685 0.2568 0.8935
vn 0.3779 0.1329 0.9163
vn 0.3779 0.1328 0.9163
vn 0.7658 0.2568 0.5895
vn 0.7854 0.1329 0.6046
vn 0.7658 0.2569 0.5895
vn -0.4387 0.6948 0.5699
vn -0.0950 0.6948 0.7129
vn 0.2742 0.6948 0.6649
vn 0.5699 0.6948 0.4387
vn -0.6691 -0.7381 0.0870
vn -0.4597 -0.8497 0.2582
vn 0.0504 -0.9206 0.3872
vn 0.1812 -0.9508 0.2512
vn 0.2368 -0.9209 0.3095
vn 0.3049 -0.9435 0.1299
vn 0.5104 -0.8497 0.1320
vn 0.3793 -0.9239 -0.0493
vn 0.6691 -0.7381 -0.0870
vn 0.7155 -0.6916 0.0989
vn 0.5699 -0.6948 0.4387
vn 0.5699 -0.6949 0.4387
vn 0.2742 -0.6949 0.6648
vn 0.2742 -0.6948 0.6649
vn -0.0950 -0.6948 0.7129
vn -0.4387 -0.6948 0.5699
vn -0.4387 -0.6947 0.5700
vn -0.6665 -0.6914 0.2787
vn -0.7961 -0.5962 0.1036
vn -0.9061 -0.1984 0.3737
vn -0.8951 -0.2462 0.3718
vn -0.9180 -0.1143 0.3798
vn -0.9207 -0.0907 0.3796
vn 0.9872 -0.0907 0.1315
vn 0.9846 -0.1143 0.1324
vn 0.9604 -0.2461 0.1304
vn 0.9715 -0.1984 0.1294
vn 0.7960 -0.5964 -0.1035
vn -0.6059 -0.1150 0.7872
vn -0.5912 -0.2460 0.7681
vn -0.5913 -0.2459 0.7681
vn -0.1312 -0.1150 0.9847
vn -0.1280 -0.2460 0.9608
vn 0.3787 -0.1150 0.9183
vn 0.3696 -0.2459 0.8961
vn 0.3696 -0.2458 0.8961
vn 0.7872 -0.1150 0.6059
vn 0.7872 -0.1149 0.6059
vn 0.7681 -0.2458 0.5913
vn 0.7681 -0.2460 0.5912
vn 0.2088 -0.9611 0.1806
vn 0.1056 -0.9932 0.0486
vn 0.2244 -0.9723 0.0646
vn 0.2247 -0.9740 -0.0292
vn 0.1139 -0.9934 -0.0148
vn 0.2004 -0.9723 -0.1199
vn 0.0897 -0.9932 -0.0740
vn 0.0854 -0.9837 0.1580
vn 0.0421 -0.9838 -0.1745
vn 0.1556 -0.9612 -0.2280
vn 0.1109 -0.9508 -0.2892
vn 0.1497 -0.9210 -0.3598
vn 0.2615 -0.9435 -0.2035
vn 0.1111 0.9930 0.0392
vn 0.1175 0.9930 -0.0153
vn 0.2366 0.9547 -0.1806
vn 0.0973 0.9930 -0.0663
vn 0.1135 0.9548 -0.2746
vn 0.0541 0.9930 -0.1046
vn 0.9184 0.1146 -0.3788
vn 0.9207 -0.0908 -0.3797
vn 0.9180 -0.1143 -0.3798
vn 0.9160 0.1322 -0.3788
vn 0.6046 0.1328 -0.7854
vn 0.6059 -0.1150 -0.7872
vn 0.6059 -0.1149 -0.7872
vn 0.6046 0.1327 -0.7854
vn 0.1309 0.1328 -0.9825
vn 0.1312 -0.1150 -0.9847
vn -0.3779 0.1328 -0.9163
vn -0.3787 -0.1150 -0.9183
vn -0.7854 0.1329 -0.6046
vn -0.7872 -0.1151 -0.6059
vn -0.7872 -0.1150 -0.6059
vn -0.9824 0.1323 -0.1318
vn -0.9846 -0.1143 -0.1324
vn -0.9872 -0.0908 -0.1315
vn -0.9847 0.1144 -0.1312
vn -0.7155 -0.6916 -0.0989
vn -0.9604 -0.2461 -0.1304
vn -0.9715 -0.1984 -0.1294
vn 0.9061 -0.1985 -0.3737
vn 0.8951 -0.2462 -0.3718
vn 0.5912 -0.2460 -0.7681
vn 0.5913 -0.2458 -0.7681
vn 0.1280 -0.2459 -0.9608
vn 0.1280 -0.2460 -0.9608
vn -0.3695 -0.2459 -0.8961
vn -0.3695 -0.2460 -0.8961
vn -0.7681 -0.2461 -0.5912
vn -0.7681 -0.2460 -0.5912
vn 0.6665 -0.6914 -0.2787
vn 0.4597 -0.8497 -0.2582
vn 0.4387 -0.6947 -0.5700
vn 0.4387 -0.6948 -0.5699
vn 0.0950 -0.6948 -0.7129
vn -0.2742 -0.6948 -0.6649
vn -0.2742 -0.6949 -0.6648
vn -0.5699 -0.6949 -0.4387
vn -0.5699 -0.6948 -0.4387
vn -0.0504 -0.9206 -0.3872
vn -0.2368 -0.9209 -0.3095
vn -0.9668 0.2205 -0.1289
vn -0.9577 0.2570 -0.1296
vn -0.7658 0.2568 -0.5895
vn -0.3685 0.2567 -0.8935
vn 0.1276 0.2567 -0.9580
vn 0.1276 0.2566 -0.9581
vn 0.5896 0.2565 -0.7659
vn 0.5896 0.2566 -0.7659
vn 0.8928 0.2566 -0.3703
vn 0.9016 0.2208 -0.3719
vn 0.6661 0.6920 -0.2784
vn 0.4576 0.8514 -0.2564
vn 0.1478 0.9231 -0.3552
vn -0.0496 0.9230 -0.3815
vn -0.2337 0.9231 -0.3055
vn -0.5080 0.8513 -0.1309
vn -0.7150 0.6921 -0.0987
vn -0.5699 0.6948 -0.4387
vn -0.2742 0.6948 -0.6649
vn 0.0950 0.6948 -0.7129
vn 0.4387 0.6948 -0.5699
# 1612 vertex normals

vt -0.0000 0.0000 1.0000
vt 0.5235 0.0000 0.7728
vt 0.5235 1.0000 0.7728
vt -0.0000 1.0000 1.0000
vt 0.5796 0.0000 0.1241
vt 0.5796 1.0000 0.1241
vt 1.0000 0.0000 0.0000
vt 1.0000 1.0000 0.0000
vt 0.0000 1.0000 0.0000
vt 0.0000 0.0000 0.0000
vt 0.1241 0.0000 0.5796
vt 0.1241 1.0000 0.5796
vt 0.4765 0.0000 0.2272
vt 0.4765 1.0000 0.2272
vt 0.8864 0.9915 0.0000
vt 0.7102 0.9858 0.0000
vt 0.5000 0.9838 0.0000
vt 0.2898 0.9858 0.0000
vt 0.1136 0.9915 0.0000
vt -0.0000 0.0000 0.0000
vt -0.0000 1.0000 0.0000
vt 0.5000 1.0000 0.0670
vt 0.5000 0.0000 0.0670
vt 0.7500 1.0000 0.8660
vt 0.7500 0.0000 0.8660
vt 0.5000 1.0000 1.0000
vt 0.5000 0.0000 1.0000
vt 0.8660 1.0000 0.7500
vt 0.8660 0.0000 0.7500
vt 0.5000 1.0000 0.9330
vt 0.5000 0.0000 0.9330
vt 0.0000 1.0000 1.0000
vt 0.0000 0.0000 1.0000
vt 1.0000 0.0000 1.0000
vt 1.0000 1.0000 1.0000
vt 0.7500 1.0000 0.1340
vt 0.7500 0.0000 0.1340
vt 0.5000 1.0000 0.0000
vt 0.5000 0.0000 0.0000
vt 0.8660 1.0000 0.2500
vt 0.8660 0.0000 0.2500
vt 0.0670 0.2500 0.0000
vt 0.7500 0.0670 0.0000
vt 0.9330 0.2500 0.0000
vt 0.0000 0.5000 0.0000
vt 1.0000 0.5000 0.0000
vt 0.0670 0.7500 0.0000
vt 0.9330 0.7500 0.0000
vt 0.2500 0.9330 0.0000
vt 0.7500 0.9330 0.0000
vt 0.2500 0.0670 0.0000
vt 0.2272 0.0000 0.4765
vt 0.2272 1.0000 0.4765
vt 0.9973 0.1446 0.0000
vt 0.0023 0.1136 0.0000
vt 0.9958 0.3716 0.0000
vt 0.0039 0.2898 0.0000
vt 0.9958 0.6284 0.0000
vt 0.0044 0.5000 0.0000
vt 0.9973 0.8554 0.0000
vt 0.0039 0.7102 0.0000
vt 0.0023 0.8864 0.0000
vt 0.4204 0.0000 0.1241
vt 0.4204 1.0000 0.1241
vt 0.4765 0.0000 0.7728
vt 0.4765 1.0000 0.7728
vt 0.9977 0.1136 0.0000
vt 0.0027 0.1446 0.0000
vt 0.9961 0.2898 0.0000
vt 0.0042 0.3716 0.0000
vt 0.9956 0.5000 0.0000
vt 0.0042 0.6284 0.0000
vt 0.9961 0.7102 0.0000
vt 0.0027 0.8554 0.0000
vt 0.9977 0.8864 0.0000
vt 0.6388 0.0000 0.8554
vt 0.6388 1.0000 0.8554
vt 0.3716 0.0000 1.0000
vt 0.3716 1.0000 1.0000
vt 0.0000 0.0000 0.3716
vt 0.0000 1.0000 0.3716
vt 0.3612 0.0000 0.1446
vt 0.3612 1.0000 0.1446
vt 0.9958 0.5000 0.9706
vt 1.0000 1.0000 0.9788
vt 0.6083 1.0000 1.0000
vt 0.6106 0.5000 0.9914
vt 0.2536 1.0000 0.8843
vt 0.2618 0.5000 0.8777
vt 0.6629 1.0000 0.0309
vt 0.0429 0.5000 0.6600
vt 0.3949 1.0000 0.0000
vt 0.3965 0.5000 0.0125
vt 0.8309 1.0000 0.1523
vt 0.1579 0.5000 0.1787
vt 0.5072 1.0000 0.0000
vt 0.5029 0.5000 0.0082
vt 0.4913 0.1340 0.0306
vt 0.1734 0.1340 0.2052
vt 0.4008 0.1340 0.0467
vt 0.0756 0.1340 0.6520
vt 0.2844 0.1340 0.8597
vt 0.6169 0.1340 0.9681
vt 0.9842 0.1340 0.9483
vt 0.6255 0.0000 0.9362
vt 0.9683 0.0000 0.9177
vt 0.4755 0.0000 0.0612
vt 0.1944 0.0000 0.2412
vt 0.4067 0.0000 0.0933
vt 0.1204 0.0000 0.6412
vt 0.3152 0.0000 0.8350
vt 0.5072 1.0000 1.0000
vt 0.5072 0.0000 1.0000
vt 0.1523 0.0000 0.8309
vt 0.1523 1.0000 0.8309
vt 0.3949 0.0000 1.0000
vt 0.3949 1.0000 1.0000
vt 0.0309 0.0000 0.3371
vt 0.0309 1.0000 0.3371
vt 0.2536 0.0000 0.1157
vt 0.2536 1.0000 0.1157
vt 0.6083 0.0000 0.0000
vt 0.6083 1.0000 0.0000
vt 1.0000 0.0000 0.0212
vt 1.0000 1.0000 0.0212
vt 0.8301 0.8867 0.0000
vt 0.1133 0.8301 0.0000
vt 0.0000 0.5925 0.0000
vt 0.9793 0.6699 0.0000
vt 0.0207 0.3301 0.0000
vt 1.0000 0.4075 0.0000
vt 0.1699 0.1133 0.0000
vt 0.8867 0.1699 0.0000
vt 0.4075 0.0000 0.0000
vt 0.6699 0.0207 0.0000
vt 0.5925 1.0000 0.0000
vt 0.3301 0.9793 0.0000
vt 0.5072 0.0000 0.0000
vt 0.1523 0.0000 0.1691
vt 0.1523 1.0000 0.1691
vt 0.3949 0.0000 0.0000
vt 0.0309 0.0000 0.6629
vt 0.0309 1.0000 0.6629
vt 0.2536 0.0000 0.8843
vt 0.6083 0.0000 1.0000
vt 1.0000 0.0000 0.9788
vt 0.9683 0.0000 0.0823
vt 0.9842 0.1340 0.0517
vt 0.6169 0.1340 0.0319
vt 0.6255 0.0000 0.0638
vt 0.2844 0.1340 0.1403
vt 0.3152 0.0000 0.1650
vt 0.6520 0.1340 0.9244
vt 0.6412 0.0000 0.8796
vt 0.4008 0.1340 0.9533
vt 0.4067 0.0000 0.9067
vt 0.1734 0.1340 0.7948
vt 0.7588 0.0000 0.8056
vt 0.4913 0.1340 0.9694
vt 0.4755 0.0000 0.9388
vt 0.1579 0.5000 0.8213
vt 0.5029 0.5000 0.9918
vt 0.9958 0.5000 0.0294
vt 0.6106 0.5000 0.0086
vt 0.2618 0.5000 0.1223
vt 0.6600 0.5000 0.9571
vt 0.3965 0.5000 0.9875
vt 0.6629 1.0000 0.9691
vt 1.0000 0.5925 0.0000
vt 0.4075 1.0000 0.0000
vt 0.1699 0.8867 0.0000
vt 0.9793 0.3301 0.0000
vt 0.0207 0.6699 0.0000
vt 0.8301 0.1133 0.0000
vt 0.0000 0.4075 0.0000
vt 0.5925 0.0000 0.0000
vt 0.1133 0.1699 0.0000
vt 0.3301 0.0207 0.0000
vt 0.8867 0.8301 0.0000
vt 0.6699 0.9793 0.0000
vt 0.9952 0.4990 0.9695
vt 0.6108 0.5066 0.9905
vt 0.2627 0.5066 0.8770
vt 0.0442 0.5066 0.6597
vt 0.3967 0.5066 0.0138
vt 0.1585 0.5066 0.1798
vt 0.5023 0.4990 0.0094
vt 0.4895 0.1335 0.0341
vt 0.1756 0.1358 0.2090
vt 0.4015 0.1358 0.0516
vt 0.0804 0.1358 0.6509
vt 0.2876 0.1358 0.8571
vt 0.6178 0.1358 0.9647
vt 0.9823 0.1335 0.9448
vt 0.6274 0.0000 0.9294
vt 0.9649 0.0000 0.9112
vt 0.4721 0.0000 0.0677
vt 0.7511 0.0000 0.1989
vt 0.4080 0.0000 0.1032
vt 0.1298 0.0000 0.6389
vt 0.3217 0.0000 0.8298
vt 0.9956 1.0000 0.9703
vt 0.6107 1.0000 0.9911
vt 0.9979 0.7429 0.9749
vt 0.6089 0.5760 0.9976
vt 0.9995 0.3955 0.9778
vt 0.2621 1.0000 0.8775
vt 0.2559 0.5760 0.8825
vt 0.6599 1.0000 0.0434
vt 0.0342 0.5760 0.6621
vt 0.3966 1.0000 0.0130
vt 0.3954 0.5760 0.0034
vt 0.8209 1.0000 0.1582
vt 0.1539 0.5760 0.1717
vt 0.5051 0.7429 0.0040
vt 0.5027 1.0000 0.0085
vt 0.5066 0.3955 0.0010
vt 0.8309 0.0000 0.1523
vt 0.5066 0.0000 0.9990
vt 0.1530 0.0000 0.8298
vt 0.3951 0.0000 0.9985
vt 0.0324 0.0000 0.3375
vt 0.2546 0.0000 0.1164
vt 0.6086 0.0000 0.0010
vt 0.9995 0.0000 0.0221
vt 0.9995 0.3955 0.0222
vt 0.6089 0.5760 0.0024
vt 0.2559 0.5760 0.1175
vt 0.6621 0.5760 0.9658
vt 0.6629 0.0000 0.9691
vt 0.3954 0.5760 0.9966
vt 0.1539 0.5760 0.8283
vt 0.8309 0.0000 0.8477
vt 0.5066 0.3955 0.9990
vt 0.5051 0.7429 0.9960
vt 0.1582 1.0000 0.8209
vt 0.5027 1.0000 0.9915
vt 0.9979 0.7429 0.0251
vt 0.6107 1.0000 0.0089
vt 0.2621 1.0000 0.1225
vt 0.6599 1.0000 0.9566
vt 0.3966 1.0000 0.9870
vt 0.9956 1.0000 0.0297
vt 0.9649 0.0000 0.0888
vt 0.9823 0.1335 0.0552
vt 0.6178 0.1358 0.0353
vt 0.6274 0.0000 0.0706
vt 0.2876 0.1358 0.1429
vt 0.3217 0.0000 0.1702
vt 0.6509 0.1358 0.9196
vt 0.6389 0.0000 0.8702
vt 0.4015 0.1358 0.9484
vt 0.4080 0.0000 0.8968
vt 0.1756 0.1358 0.7910
vt 0.7511 0.0000 0.8011
vt 0.4895 0.1335 0.9659
vt 0.4721 0.0000 0.9323
vt 0.1585 0.5066 0.8202
vt 0.5023 0.4990 0.9906
vt 0.3967 0.5066 0.9862
vt 0.6597 0.5066 0.9558
vt 0.2627 0.5066 0.1230
vt 0.6108 0.5066 0.0094
vt 0.9952 0.4990 0.0305
vt 0.5066 0.0000 0.0010
vt 0.1530 0.0000 0.1702
vt 0.3951 0.0000 0.0015
vt 0.0324 0.0000 0.6625
vt 0.2546 0.0000 0.8836
vt 0.6086 0.0000 0.9990
vt 0.9995 0.0000 0.9779
vt 0.4562 1.0000 0.3711
vt 0.3426 1.0000 0.3176
vt 0.4027 0.7088 0.2017
vt 0.5743 0.5115 0.1850
vt 0.2867 0.5727 0.1120
vt 0.4599 0.3628 0.0912
vt 0.7104 0.5115 0.2817
vt 0.4336 0.5115 0.2040
vt 0.6148 0.5115 0.2294
vt 0.3764 0.5115 0.7665
vt 0.5734 1.0000 0.6280
vt 0.5503 1.0000 0.4953
vt 0.5828 0.5115 0.8476
vt 0.6979 1.0000 0.6686
vt 0.7776 0.5115 0.8641
vt 0.8354 1.0000 0.6612
vt 0.9528 0.3628 0.8877
vt 0.4563 1.0000 0.4844
vt 0.8955 0.7088 0.2228
vt 0.8354 1.0000 0.3388
vt 0.6979 1.0000 0.3314
vt 0.7776 0.5115 0.1359
vt 0.5828 0.5115 0.1524
vt 0.5734 1.0000 0.3720
vt 0.3764 0.5115 0.2335
vt 0.5503 1.0000 0.5047
vt 0.6148 0.5115 0.7706
vt 0.4563 1.0000 0.5156
vt 0.4336 0.5115 0.7960
vt 0.2817 0.5115 0.7104
vt 0.5743 0.5115 0.8150
vt 0.4599 0.3628 0.9088
vt 0.3426 1.0000 0.6824
vt 0.3711 1.0000 0.4562
vt 0.9528 0.3628 0.1123
vt 0.9984 0.5000 0.0084
vt 0.5348 1.0000 0.0407
vt 0.5410 0.5000 0.0484
vt 0.7955 1.0000 0.8312
vt 0.1811 0.5000 0.2095
vt 0.5525 1.0000 1.0000
vt 0.5516 0.5000 0.9848
vt 0.9263 1.0000 0.7045
vt 0.2989 0.5000 0.9123
vt 0.6298 1.0000 0.9068
vt 0.6208 0.5000 0.9000
vt 0.1900 1.0000 1.0000
vt 0.1884 0.5000 0.9916
vt 0.1841 0.1340 0.9688
vt 0.5964 0.1340 0.8813
vt 0.3082 0.1340 0.8743
vt 0.5492 0.1340 0.9434
vt 0.2148 0.1340 0.2230
vt 0.5579 0.1340 0.0694
vt 0.9941 0.1340 0.0313
vt 0.5811 0.0000 0.0981
vt 0.9881 0.0000 0.0625
vt 0.1782 0.0000 0.9375
vt 0.5629 0.0000 0.8559
vt 0.3210 0.0000 0.8224
vt 0.5459 0.0000 0.8869
vt 0.2608 0.0000 0.2415
vt 0.1900 1.0000 0.0000
vt 0.1900 0.0000 0.0000
vt 0.6298 0.0000 0.0932
vt 0.6298 1.0000 0.0932
vt 0.2955 0.0000 0.0737
vt 0.2955 1.0000 0.0737
vt 0.5525 0.0000 0.0000
vt 0.5525 1.0000 0.0000
vt 0.1688 0.0000 0.7955
vt 0.1688 1.0000 0.7955
vt 0.5348 0.0000 0.9593
vt 0.5348 1.0000 0.9593
vt 0.0932 0.2045 0.0000
vt 0.7955 0.0932 0.0000
vt 0.9593 0.2955 0.0000
vt 0.0000 0.4475 0.0000
vt 1.0000 0.5525 0.0000
vt 0.0407 0.7045 0.0000
vt 0.9068 0.7955 0.0000
vt 0.2045 0.9068 0.0000
vt 0.7045 0.9593 0.0000
vt 0.4475 1.0000 0.0000
vt 0.2955 0.0407 0.0000
vt 0.1900 0.0000 1.0000
vt 0.6298 0.0000 0.9068
vt 0.2955 0.0000 0.9263
vt 0.2955 1.0000 0.9263
vt 0.5525 0.0000 1.0000
vt 0.1688 0.0000 0.2045
vt 0.1688 1.0000 0.2045
vt 0.5348 0.0000 0.0407
vt 0.9881 0.0000 0.9375
vt 0.9941 0.1340 0.9688
vt 0.5579 0.1340 0.9306
vt 0.5811 0.0000 0.9019
vt 0.7770 0.1340 0.2148
vt 0.7585 0.0000 0.2608
vt 0.5492 0.1340 0.0566
vt 0.5459 0.0000 0.1131
vt 0.8743 0.1340 0.3082
vt 0.8224 0.0000 0.3210
vt 0.5964 0.1340 0.1187
vt 0.5629 0.0000 0.1441
vt 0.1841 0.1340 0.0313
vt 0.1782 0.0000 0.0625
vt 0.6208 0.5000 0.1000
vt 0.1884 0.5000 0.0084
vt 0.9984 0.5000 0.9916
vt 0.5410 0.5000 0.9516
vt 0.7905 0.5000 0.1811
vt 0.5516 0.5000 0.0152
vt 0.9123 0.5000 0.2989
vt 0.7955 1.0000 0.1688
vt 0.9263 1.0000 0.2955
vt 0.0407 0.2955 0.0000
vt 0.7045 0.0407 0.0000
vt 0.9068 0.2045 0.0000
vt 0.0000 0.5525 0.0000
vt 1.0000 0.4475 0.0000
vt 0.0932 0.7955 0.0000
vt 0.9593 0.7045 0.0000
vt 0.2955 0.9593 0.0000
vt 0.7955 0.9068 0.0000
vt 0.2045 0.0932 0.0000
vt 0.4475 0.0000 0.0000
vt 0.9982 0.4990 0.0096
vt 0.5416 0.5066 0.0492
vt 0.1824 0.5066 0.2100
vt 0.5515 0.5066 0.9832
vt 0.2992 0.5066 0.9109
vt 0.6199 0.5066 0.8992
vt 0.1882 0.4990 0.9904
vt 0.1834 0.1335 0.9652
vt 0.5928 0.1358 0.8787
vt 0.3096 0.1358 0.8688
vt 0.5489 0.1358 0.9375
vt 0.2196 0.1358 0.2250
vt 0.5604 0.1358 0.0725
vt 0.9934 0.1335 0.0348
vt 0.5860 0.0000 0.1042
vt 0.9869 0.0000 0.0691
vt 0.1769 0.0000 0.9309
vt 0.5559 0.0000 0.8505
vt 0.3237 0.0000 0.8114
vt 0.5452 0.0000 0.8749
vt 0.2705 0.0000 0.2454
vt 0.9983 1.0000 0.0087
vt 0.5412 1.0000 0.0487
vt 0.9992 0.7429 0.0041
vt 0.5365 0.5760 0.0429
vt 0.9998 0.3955 0.0010
vt 0.7903 1.0000 0.8185
vt 0.1722 0.5760 0.2059
vt 0.5516 1.0000 0.9843
vt 0.5523 0.5760 0.9958
vt 0.9118 1.0000 0.7010
vt 0.2964 0.5760 0.9224
vt 0.6205 1.0000 0.8997
vt 0.6273 0.5760 0.9049
vt 0.1893 0.7429 0.9959
vt 0.1884 1.0000 0.9913
vt 0.1898 0.3955 0.9990
vt 0.1898 0.0000 0.0010
vt 0.6287 0.0000 0.0941
vt 0.2959 0.0000 0.0754
vt 0.5524 0.0000 0.0018
vt 0.1702 0.0000 0.7949
vt 0.5355 0.0000 0.9583
vt 0.9998 0.0000 0.9990
vt 0.9998 0.3955 0.9990
vt 0.5365 0.5760 0.9571
vt 0.7941 0.5760 0.1722
vt 0.7955 0.0000 0.1688
vt 0.5523 0.5760 0.0042
vt 0.9224 0.5760 0.2964
vt 0.9263 0.0000 0.2955
vt 0.6273 0.5760 0.0951
vt 0.1898 0.3955 0.0010
vt 0.1893 0.7429 0.0041
vt 0.6205 1.0000 0.1003
vt 0.1884 1.0000 0.0087
vt 0.9992 0.7429 0.9959
vt 0.5412 1.0000 0.9513
vt 0.7903 1.0000 0.1815
vt 0.5516 1.0000 0.0157
vt 0.9118 1.0000 0.2990
vt 0.9983 1.0000 0.9913
vt 0.9869 0.0000 0.9309
vt 0.9934 0.1335 0.9652
vt 0.5604 0.1358 0.9275
vt 0.5860 0.0000 0.8958
vt 0.7750 0.1358 0.2196
vt 0.7546 0.0000 0.2705
vt 0.5489 0.1358 0.0625
vt 0.5452 0.0000 0.1251
vt 0.8688 0.1358 0.3096
vt 0.8114 0.0000 0.3237
vt 0.5928 0.1358 0.1213
vt 0.5559 0.0000 0.1495
vt 0.1834 0.1335 0.0348
vt 0.1769 0.0000 0.0691
vt 0.6199 0.5066 0.1008
vt 0.1882 0.4990 0.0096
vt 0.9109 0.5066 0.2992
vt 0.5515 0.5066 0.0168
vt 0.7900 0.5066 0.1824
vt 0.5416 0.5066 0.9508
vt 0.9982 0.4990 0.9904
vt 0.1898 0.0000 0.9990
vt 0.6287 0.0000 0.9059
vt 0.2959 0.0000 0.9246
vt 0.5524 0.0000 0.9982
vt 0.1702 0.0000 0.2051
vt 0.5355 0.0000 0.0417
vt 0.9998 0.0000 0.0010
vt 0.2827 1.0000 0.6428
vt 0.1284 1.0000 0.6755
vt 0.1509 0.7088 0.7940
vt 0.3441 0.5115 0.8363
vt -0.0210 0.5727 0.8604
vt 0.1723 0.3628 0.9068
vt 0.5423 0.5115 0.7663
vt 0.7044 0.5115 0.6366
vt 0.5379 0.5115 0.7490
vt 0.7955 0.0000 0.8312
vt 0.7035 0.5115 0.6398
vt 0.6466 1.0000 0.3963
vt 0.5184 1.0000 0.4127
vt 0.5675 0.5115 0.1882
vt 0.7750 1.0000 0.3388
vt 0.7878 0.5115 0.1425
vt 0.9383 1.0000 0.3245
vt 0.9823 0.3628 0.0932
vt 0.3868 1.0000 0.5718
vt 0.9608 0.7088 0.7940
vt 0.9383 1.0000 0.6755
vt 0.7750 1.0000 0.6612
vt 0.7878 0.5115 0.8575
vt 0.5675 0.5115 0.8118
vt 0.6037 1.0000 0.6466
vt 0.3602 0.5115 0.7035
vt 0.5184 1.0000 0.5873
vt 0.5379 0.5115 0.2510
vt 0.4282 1.0000 0.6132
vt 0.3634 0.5115 0.2956
vt 0.5423 0.5115 0.2337
vt 0.3440 0.5115 0.1637
vt 0.1723 0.3628 0.0932
vt 0.1284 1.0000 0.3245
vt 0.2827 1.0000 0.3572
vt 0.9823 0.3628 0.9068
vt 0.5811 0.0000 0.0982
vt 0.6208 0.5000 0.1001
vt 0.9984 1.0000 0.0087
vt 0.9984 1.0000 0.9913
vt 0.3440 0.5115 0.8363
vt 0.2500 0.0000 0.8660
vt 0.2500 1.0000 0.8660
vt 0.1340 0.0000 0.7500
vt 0.1340 1.0000 0.7500
vt 0.2500 0.0000 0.1340
vt 0.2500 1.0000 0.1340
vt 0.1340 0.0000 0.2500
vt 0.1340 1.0000 0.2500
vt 0.6533 1.0000 0.9889
vt 0.6533 0.0000 0.9889
vt 0.1533 0.0000 0.8772
vt 0.1533 1.0000 0.8772
vt 0.3883 0.0000 1.0000
vt 0.3883 1.0000 1.0000
vt 0.1533 0.0000 0.1228
vt 0.1533 1.0000 0.1228
vt 0.3883 0.0000 0.0000
vt 0.3883 1.0000 0.0000
vt 0.6533 0.0000 0.0111
vt 0.6533 1.0000 0.0111
vt 0.6117 1.0000 0.0000
vt 0.0000 0.6117 0.0000
vt 0.0111 0.3467 0.0000
vt 0.8467 0.8772 0.0000
vt 0.1533 0.1228 0.0000
vt 0.9889 0.6533 0.0000
vt 1.0000 0.3883 0.0000
vt 0.6533 0.0111 0.0000
vt 0.8772 0.1533 0.0000
vt 0.3467 0.9889 0.0000
vt 0.1228 0.8467 0.0000
vt 0.0111 0.6533 0.0000
vt 0.3467 0.0111 0.0000
vt 0.6117 0.0000 0.0000
vt 0.1533 0.8772 0.0000
vt 0.8467 0.1228 0.0000
vt 0.9889 0.3467 0.0000
vt 0.6533 0.9889 0.0000
vt 1.0000 0.6117 0.0000
vt 0.8772 0.8467 0.0000
vt 0.0000 0.3883 0.0000
vt 0.1228 0.1533 0.0000
vt 0.7698 0.0000 1.0000
vt 0.1798 0.7812 0.7500
vt 0.4655 0.7030 0.7500
vt 0.3428 0.0000 0.9005
vt 0.5847 0.6001 0.7500
vt 0.6937 0.0000 0.9390
vt 0.6128 0.4634 0.7500
vt 0.4350 0.0000 1.0000
vt 0.3354 0.7500 0.5238
vt 0.1937 0.0000 0.8239
vt 0.1151 0.5000 1.0000
vt 0.9496 0.7812 0.7500
vt 0.6381 0.7469 0.7500
vt 0.8849 0.5000 1.0000
vt 1.2352 0.7032 0.8498
vt 0.4579 0.0000 0.0345
vt 0.3619 0.2531 0.7500
vt 0.0504 0.2188 0.7500
vt 0.8239 1.0000 0.1937
vt 0.2246 0.4678 0.7988
vt 0.4388 0.4678 0.9477
vt 0.4350 1.0000 1.0000
vt 0.4431 0.0000 0.8897
vt 0.6674 0.4678 0.9007
vt 0.1637 0.0000 0.6695
vt 0.5280 0.4678 0.0869
vt 0.2319 0.0000 0.7355
vt 0.8340 1.2121 0.1893
vt 0.4579 1.0000 0.0345
vt 0.0068 0.4678 0.0296
vt 0.0144 0.0000 0.0623
vt 0.4151 0.0000 0.0925
vt 0.4104 0.0000 0.8506
vt 0.2987 0.4678 0.8396
vt 0.7766 0.4678 0.9704
vt 0.7841 0.0000 0.9377
vt 0.7698 1.0000 1.0000
vt 0.3428 1.0000 0.9005
vt 0.3918 1.2121 0.9282
vt 0.6937 1.0000 0.9390
vt 0.4551 0.5112 0.0383
vt 0.0007 0.4373 0.0030
vt 0.0025 0.7922 0.0110
vt 0.4474 0.8955 0.0487
vt 0.4424 1.0000 0.0554
vt 0.0052 1.0000 0.0225
vt 0.2030 0.8955 0.1977
vt 0.2075 1.0000 0.2080
vt 0.4369 0.8955 0.0270
vt 0.4379 1.0000 0.0399
vt 0.0861 0.8955 0.6878
vt 0.0981 1.0000 0.6850
vt 0.3593 0.8955 0.8883
vt 0.3672 1.0000 0.8825
vt 0.7723 0.7922 0.9890
vt 0.7750 1.0000 0.9775
vt 0.3472 0.5112 0.8972
vt 0.7705 0.4373 0.9970
vt 0.1937 0.0000 0.1761
vt 0.1962 0.5112 0.1819
vt 0.4350 0.0000 0.0000
vt 0.4355 0.5112 0.0072
vt 0.0610 0.0000 0.6937
vt 0.0677 0.5112 0.6921
vt 0.0972 0.0000 0.6852
vt 0.0860 0.0977 0.6878
vt 0.4369 0.0977 0.0268
vt 0.4378 0.0000 0.0389
vt 0.8024 0.0977 0.2030
vt 0.7928 0.0000 0.2071
vt 0.4475 0.0977 0.0486
vt 0.4428 0.0000 0.0549
vt 0.0051 0.0000 0.0220
vt 0.0024 0.2109 0.0105
vt 0.4551 0.4734 0.0382
vt 0.0006 0.5664 0.0027
vt 0.4579 0.9866 0.0345
vt 0.3428 0.9866 0.9005
vt 0.3472 0.4734 0.8972
vt 0.7704 0.5664 0.9973
vt 0.7722 0.2109 0.9895
vt 0.3592 0.0977 0.8884
vt 0.7748 0.0000 0.9780
vt 0.3666 0.0000 0.8829
vt 0.0677 0.4734 0.6921
vt 0.4355 0.4734 0.0072
vt 0.8181 0.4734 0.1962
vt 0.0610 0.9866 0.6937
vt 0.4350 0.9866 0.0000
vt 0.8239 0.9866 0.1937
vt 0.7705 1.0000 0.9970
vt 0.3460 1.0000 0.8981
vt 0.6925 1.0000 0.0659
vt 0.6937 0.0000 0.0610
vt 0.4353 1.0000 0.0053
vt 0.8197 1.0000 0.1955
vt 0.8239 0.0000 0.1937
vt 0.4558 1.0000 0.0372
vt 0.0007 1.0000 0.0030
vt 0.7841 0.0000 0.0623
vt 0.7766 0.4678 0.0296
vt 0.4103 0.0000 0.1494
vt 0.2987 0.4678 0.1604
vt 0.6674 0.4678 0.0993
vt 0.6695 0.0000 0.1637
vt 0.4388 0.4678 0.0523
vt 0.4431 0.0000 0.1103
vt 0.4350 1.0000 0.0000
vt 0.2246 0.4678 0.2012
vt 0.8239 1.0000 0.8063
vt 0.7698 1.0000 0.0000
vt 0.3428 1.0000 0.0995
vt 0.6937 1.0000 0.0610
vt 0.5280 0.4678 0.9131
vt 0.2319 0.0000 0.2645
vt 0.8340 1.2122 0.8107
vt 0.4579 1.0000 0.9655
vt 0.0068 0.4678 0.9704
vt 0.0144 0.0000 0.9377
vt 0.4151 0.0000 0.9075
vt 0.1937 0.9005 0.0000
vt 0.9005 0.8063 0.0000
vt 0.6937 0.9655 0.0000
vt 0.0345 0.6937 0.0000
vt 1.0000 0.5650 0.0000
vt 0.0000 0.4350 0.0000
vt 0.9655 0.3063 0.0000
vt 0.0995 0.1937 0.0000
vt 0.8063 0.0995 0.0000
vt 0.3063 0.0345 0.0000
vt 0.5650 0.0000 0.0000
vt 0.7698 0.0000 0.0000
vt 0.8202 0.2188 0.7500
vt 0.5345 0.2970 0.7500
vt 0.3428 0.0000 0.0995
vt 0.4153 0.3999 0.7500
vt 0.3872 0.5366 0.7500
vt 0.3354 0.7500 0.4762
vt 0.4579 0.0000 0.9655
vt 0.7705 1.0000 0.0030
vt 0.3460 1.0000 0.1019
vt 0.6925 1.0000 0.9341
vt 0.4353 1.0000 0.9947
vt 0.8197 1.0000 0.8045
vt 0.8239 0.0000 0.8063
vt 0.4558 1.0000 0.9628
vt 0.0007 1.0000 0.9970
vt 0.4579 0.9866 0.9655
vt 0.0006 0.5664 0.9973
vt 0.4551 0.4734 0.9618
vt 0.0024 0.2109 0.9895
vt 0.4475 0.0977 0.9514
vt 0.0051 0.0000 0.9780
vt 0.4428 0.0000 0.9451
vt 0.8024 0.0977 0.7970
vt 0.2071 0.0000 0.7928
vt 0.4378 0.0000 0.9611
vt 0.4369 0.0977 0.9732
vt 0.0972 0.0000 0.3148
vt 0.6878 0.0977 0.9140
vt 0.3592 0.0977 0.1116
vt 0.3666 0.0000 0.1171
vt 0.7748 0.0000 0.0220
vt 0.7722 0.2109 0.0105
vt 0.3472 0.4734 0.1028
vt 0.6921 0.4734 0.9323
vt 0.4355 0.4734 0.9928
vt 0.8181 0.4734 0.8038
vt 0.7704 0.5664 0.0027
vt 0.3428 0.9866 0.0995
vt 0.6937 0.9866 0.9390
vt 0.4350 0.9866 1.0000
vt 0.8239 0.9866 0.8063
vt 0.4424 1.0000 0.9446
vt 0.0052 1.0000 0.9775
vt 0.0025 0.7922 0.9890
vt 0.4474 0.8955 0.9513
vt 0.4551 0.5112 0.9617
vt 0.0007 0.4373 0.9970
vt 0.8181 0.5112 0.8038
vt 0.4355 0.5112 0.9928
vt 0.0610 0.0000 0.3063
vt 0.6921 0.5112 0.9323
vt 0.3472 0.5112 0.1028
vt 0.7705 0.4373 0.0030
vt 0.7723 0.7922 0.0110
vt 0.3593 0.8955 0.1117
vt 0.6878 0.8955 0.9139
vt 0.4369 0.8955 0.9730
vt 0.8023 0.8955 0.7970
vt 0.7750 1.0000 0.0225
vt 0.3672 1.0000 0.1175
vt 0.6849 1.0000 0.9019
vt 0.4379 1.0000 0.9601
vt 0.7920 1.0000 0.7925
vt 1.0000 0.0000 0.9907
vt 0.1009 0.7739 0.7500
vt 0.3817 0.7693 0.7500
vt 0.5915 0.0000 1.0000
vt 0.5444 0.7015 0.7500
vt 0.8741 0.0000 0.7693
vt 0.6554 0.5804 0.7500
vt 0.6467 0.0000 0.9858
vt 0.4393 0.7500 0.6665
vt 0.3787 0.0000 1.0000
vt 0.2307 0.4954 1.0000
vt 0.6396 0.7832 0.7500
vt 0.4107 0.6765 0.7500
vt 0.7693 0.5046 1.0000
vt 0.9202 0.7788 0.8498
vt 0.4613 0.0000 0.0000
vt 0.1420 0.0000 0.8080
vt 0.5893 0.3235 0.7500
vt 0.3604 0.2168 0.7500
vt 0.3787 1.0000 1.0000
vt 0.4016 0.4678 0.9597
vt 0.6377 0.4678 0.9412
vt 0.6467 1.0000 0.9858
vt 0.6278 0.0000 0.8917
vt 0.8403 0.4678 0.7555
vt 0.2978 0.0000 0.8268
vt 0.2079 0.4678 0.8306
vt 0.3933 0.0000 0.9041
vt 0.5733 1.2121 0.8147
vt 0.8080 1.0000 0.1420
vt 0.4477 0.4678 0.0293
vt 0.4613 1.0000 0.0000
vt 0.4326 0.0000 0.0618
vt 0.1861 0.0000 0.7360
vt 0.6137 0.0000 0.9371
vt 0.5166 0.4678 0.9536
vt 0.9864 0.4678 0.9614
vt 0.9712 0.0000 0.9289
vt 1.0000 1.0000 0.9907
vt 0.5915 1.0000 1.0000
vt 0.6467 1.2121 0.9978
vt 0.8741 1.0000 0.7693
vt 0.1420 0.0000 0.1920
vt 0.1449 0.5112 0.1967
vt 0.4600 0.4373 0.0029
vt 0.4563 0.7922 0.0109
vt 0.1528 0.8955 0.2096
vt 0.1579 1.0000 0.2180
vt 0.4509 1.0000 0.0223
vt 0.3823 0.8955 0.0235
vt 0.3840 1.0000 0.0347
vt 0.6420 0.8955 0.0372
vt 0.6398 1.0000 0.0482
vt 0.2471 0.8955 0.8625
vt 0.2549 1.0000 0.8570
vt 0.5969 0.8955 0.9846
vt 0.5995 1.0000 0.9773
vt 0.9949 0.7922 0.9799
vt 0.9896 1.0000 0.9684
vt 0.5930 0.5112 0.9959
vt 0.9986 0.4373 0.9878
vt 0.3787 0.0000 0.0000
vt 0.3797 0.5112 0.0063
vt 0.6467 0.0000 0.0142
vt 0.6454 0.5112 0.0203
vt 0.2307 0.0000 0.8741
vt 0.2351 0.5112 0.8710
vt 0.2543 0.0000 0.8574
vt 0.2470 0.0979 0.8626
vt 0.6421 0.0979 0.0371
vt 0.6400 0.0000 0.0473
vt 0.3822 0.0979 0.0233
vt 0.3838 0.0000 0.0338
vt 0.1527 0.0979 0.2095
vt 0.7826 0.0000 0.1575
vt 0.4512 0.0000 0.0218
vt 0.4565 0.2112 0.0104
vt 0.1449 0.4734 0.1967
vt 0.4601 0.5664 0.0026
vt 0.1420 0.9866 0.1920
vt 0.5915 0.9866 1.0000
vt 0.5929 0.4734 0.9959
vt 0.9988 0.5664 0.9881
vt 0.9952 0.2112 0.9804
vt 0.5969 0.0979 0.9847
vt 0.9899 0.0000 0.9690
vt 0.5993 0.0000 0.9778
vt 0.2350 0.4734 0.8710
vt 0.6454 0.4734 0.0203
vt 0.3797 0.4734 0.0063
vt 0.2307 0.9866 0.8741
vt 0.6467 0.9866 0.0142
vt 0.3787 0.9866 0.0000
vt 0.9986 1.0000 0.9878
vt 0.5926 1.0000 0.9970
vt 0.8718 1.0000 0.2339
vt 0.8741 0.0000 0.2307
vt 0.6458 1.0000 0.0187
vt 0.3794 1.0000 0.0046
vt 0.8046 1.0000 0.1441
vt 0.8080 0.0000 0.1420
vt 0.4599 1.0000 0.0030
vt 0.9712 0.0000 0.0711
vt 0.9864 0.4678 0.0386
vt 0.6137 0.0000 0.0629
vt 0.5166 0.4678 0.0464
vt 0.8403 0.4678 0.2445
vt 0.8268 0.0000 0.2978
vt 0.6377 0.4678 0.0588
vt 0.6278 0.0000 0.1083
vt 0.6467 1.0000 0.0142
vt 0.4016 0.4678 0.0403
vt 0.3787 1.0000 0.0000
vt 1.0000 1.0000 0.0093
vt 0.5915 1.0000 0.0000
vt 0.8741 1.0000 0.2307
vt 0.2079 0.4678 0.1694
vt 0.3933 0.0000 0.0959
vt 0.5733 1.2121 0.1853
vt 0.8080 1.0000 0.8580
vt 0.4477 0.4678 0.9707
vt 0.4613 1.0000 1.0000
vt 0.4326 0.0000 0.9382
vt 0.1861 0.0000 0.2640
vt 0.6499 0.9908 0.0000
vt 0.3844 1.0000 0.0000
vt 1.0000 0.6156 0.0000
vt 0.8752 0.8501 0.0000
vt 0.1499 0.8752 0.0000
vt 0.9908 0.3501 0.0000
vt 0.0092 0.6499 0.0000
vt 0.8501 0.1248 0.0000
vt 0.0000 0.3844 0.0000
vt 0.6156 0.0000 0.0000
vt 0.1248 0.1499 0.0000
vt 0.3501 0.0092 0.0000
vt 1.0000 0.0000 0.0093
vt 0.8991 0.2261 0.7500
vt 0.6183 0.2307 0.7500
vt 0.5915 0.0000 0.0000
vt 0.4556 0.2985 0.7500
vt 0.3446 0.4196 0.7500
vt 0.4393 0.7500 0.3335
vt 0.4613 0.0000 1.0000
vt 0.9986 1.0000 0.0122
vt 0.5926 1.0000 0.0030
vt 0.8718 1.0000 0.7661
vt 0.6458 1.0000 0.9813
vt 0.3794 1.0000 0.9954
vt 0.8046 1.0000 0.8559
vt 0.8080 0.0000 0.8580
vt 0.4599 1.0000 0.9970
vt 0.1420 0.9866 0.8080
vt 0.4601 0.5664 0.9974
vt 0.1449 0.4734 0.8033
vt 0.4565 0.2112 0.9896
vt 0.1527 0.0979 0.7905
vt 0.4512 0.0000 0.9782
vt 0.1575 0.0000 0.7826
vt 0.3822 0.0979 0.9767
vt 0.3838 0.0000 0.9662
vt 0.6400 0.0000 0.9527
vt 0.6421 0.0979 0.9629
vt 0.2543 0.0000 0.1426
vt 0.8626 0.0979 0.7530
vt 0.5969 0.0979 0.0153
vt 0.5993 0.0000 0.0222
vt 0.9899 0.0000 0.0310
vt 0.9952 0.2112 0.0197
vt 0.5929 0.4734 0.0041
vt 0.8710 0.4734 0.7650
vt 0.6454 0.4734 0.9797
vt 0.3797 0.4734 0.9937
vt 0.9988 0.5664 0.0119
vt 0.5915 0.9866 0.0000
vt 0.8741 0.9866 0.7693
vt 0.6467 0.9866 0.9858
vt 0.3787 0.9866 1.0000
vt 0.1579 1.0000 0.7820
vt 0.4509 1.0000 0.9777
vt 0.4563 0.7922 0.9891
vt 0.1528 0.8955 0.7904
vt 0.1449 0.5112 0.8033
vt 0.4600 0.4373 0.9971
vt 0.3797 0.5112 0.9937
vt 0.6454 0.5112 0.9797
vt 0.2307 0.0000 0.1259
vt 0.8710 0.5112 0.7649
vt 0.5930 0.5112 0.0041
vt 0.9986 0.4373 0.0122
vt 0.9949 0.7922 0.0201
vt 0.5969 0.8955 0.0154
vt 0.8625 0.8955 0.7529
vt 0.6420 0.8955 0.9628
vt 0.3823 0.8955 0.9765
vt 0.9896 1.0000 0.0316
vt 0.5995 1.0000 0.0227
vt 0.8570 1.0000 0.7451
vt 0.6398 1.0000 0.9518
vt 0.3840 1.0000 0.9653
vt 1.0000 0.0000 0.9015
vt 0.7043 0.8396 0.7500
vt 0.7608 0.6230 0.7500
vt 0.6909 0.0000 1.0000
vt 0.7277 0.4725 0.7500
vt 0.3665 0.0000 0.9513
vt 0.6295 0.3411 0.7500
vt 0.7685 0.0000 0.1136
vt 0.4891 0.7500 0.2785
vt 0.5006 0.0000 0.0000
vt 0.4508 0.6335 1.0000
vt 0.5466 0.9739 0.8498
vt 0.0000 0.0000 0.2670
vt 0.2193 0.0000 0.0562
vt 0.3552 0.2932 0.7500
vt 0.1973 0.4274 0.7500
vt 0.5006 1.0000 0.0000
vt 0.5150 0.4678 0.0396
vt 0.7497 0.4678 0.1443
vt 0.1136 1.0000 0.7685
vt 0.7289 0.0000 0.1784
vt 0.3642 0.4678 0.9141
vt 0.3998 0.0000 0.8889
vt 0.2909 0.4678 0.0641
vt 0.4944 0.0000 0.0790
vt 0.5013 1.2121 -0.0090
vt 0.2193 1.0000 0.0562
vt 0.0267 0.4678 0.2887
vt 0.0000 1.0000 0.2670
vt 0.0562 0.0000 0.3127
vt 0.2481 0.0000 0.1281
vt 0.6838 0.0000 0.9315
vt 0.6159 0.4678 0.9694
vt 0.9783 0.4678 0.8749
vt 0.9543 0.0000 0.8453
vt 1.0000 1.0000 0.9015
vt 0.6909 1.0000 1.0000
vt 0.6918 1.2121 1.0078
vt 0.3665 1.0000 0.9513
vt 0.2212 0.5115 0.0609
vt 0.0027 0.4375 0.2692
vt 0.0099 0.7925 0.2750
vt 0.2263 0.8958 0.0738
vt 0.2297 1.0000 0.0822
vt 0.0203 1.0000 0.2835
vt 0.4990 0.8958 0.0193
vt 0.4983 1.0000 0.0285
vt 0.1295 0.8958 0.2412
vt 0.1370 1.0000 0.2458
vt 0.3746 0.8958 0.0640
vt 0.3785 1.0000 0.0712
vt 0.6892 0.8958 0.0168
vt 0.6884 1.0000 0.0247
vt 0.9920 0.7925 0.1084
vt 0.9835 1.0000 0.1188
vt 0.6905 0.5115 0.0045
vt 0.9978 0.4375 0.1011
vt 0.6909 0.0000 0.0000
vt 1.0000 0.0000 0.0985
vt 0.5002 0.5115 0.0052
vt 0.1136 0.0000 0.2315
vt 0.1178 0.5115 0.2341
vt 0.3665 0.0000 0.0487
vt 0.3687 0.5115 0.0528
vt 0.3782 0.0000 0.0707
vt 0.3746 0.0977 0.0639
vt 0.7589 0.0977 0.1294
vt 0.7545 0.0000 0.1364
vt 0.4990 0.0977 0.0192
vt 0.4984 0.0000 0.0278
vt 0.2263 0.0977 0.0737
vt 0.2294 0.0000 0.0815
vt 0.0198 0.0000 0.2831
vt 0.0094 0.2109 0.2747
vt 0.2211 0.4734 0.0608
vt 0.0024 0.5664 0.2690
vt 0.2193 0.9866 0.0562
vt 1.0000 1.0000 0.0985
vt 0.6909 0.9866 0.0000
vt 0.6905 0.4734 0.0045
vt 0.9981 0.5664 0.1009
vt 0.9923 0.2109 0.1079
vt 0.6892 0.0977 0.0167
vt 0.9839 0.0000 0.1183
vt 0.6884 0.0000 0.0241
vt 0.3687 0.4734 0.0528
vt 0.7659 0.4734 0.1178
vt 0.5002 0.4734 0.0051
vt 0.3665 0.9866 0.0487
vt 0.7685 0.9866 0.1136
vt 0.5006 0.9866 0.0000
vt 0.9978 1.0000 0.1012
vt 0.6906 1.0000 0.0033
vt 0.3681 1.0000 0.0517
vt 0.7666 1.0000 0.1167
vt 0.5003 1.0000 0.0038
vt 0.2206 1.0000 0.0596
vt 0.0027 1.0000 0.2692
vt 0.9543 0.0000 0.1547
vt 0.9783 0.4678 0.1251
vt 0.6838 0.0000 0.0685
vt 0.6159 0.4678 0.0306
vt 0.3642 0.4678 0.0859
vt 0.3998 0.0000 0.1111
vt 0.1443 0.4678 0.2503
vt 0.7289 0.0000 0.8216
vt 0.1136 1.0000 0.2315
vt 0.5150 0.4678 0.9604
vt 0.5006 1.0000 1.0000
vt 0.6909 1.0000 0.0000
vt 0.3665 1.0000 0.0487
vt 0.2909 0.4678 0.9359
vt 0.4944 0.0000 0.9210
vt 0.5013 1.2121 1.0090
vt 0.2193 1.0000 0.9438
vt 0.0267 0.4678 0.7113
vt 0.0000 1.0000 0.7330
vt 0.0562 0.0000 0.6873
vt 0.2481 0.0000 0.8719
vt 0.0897 0.7893 0.0000
vt 0.0000 0.5453 0.0000
vt 0.5453 1.0000 0.0000
vt 0.2893 0.9557 0.0000
vt 0.0443 0.2893 0.0000
vt 0.7893 0.9103 0.0000
vt 0.2107 0.0897 0.0000
vt 0.9557 0.7107 0.0000
vt 0.4547 0.0000 0.0000
vt 1.0000 0.4547 0.0000
vt 0.7107 0.0443 0.0000
vt 0.9103 0.2107 0.0000
vt 0.2957 0.1604 0.7500
vt 0.2392 0.3770 0.7500
vt 0.2723 0.5275 0.7500
vt 0.3705 0.6589 0.7500
vt 0.7685 0.0000 0.8864
vt 0.4891 0.7500 0.7215
vt 0.5006 0.0000 1.0000
vt 0.5492 0.3665 1.0000
vt 0.0000 0.0000 0.7330
vt 0.2193 0.0000 0.9438
vt 0.6448 0.7068 0.7500
vt 0.8027 0.5726 0.7500
vt 0.9978 1.0000 0.8988
vt 0.6906 1.0000 0.9967
vt 0.3681 1.0000 0.9483
vt 0.7666 1.0000 0.8833
vt 0.5003 1.0000 0.9962
vt 0.2206 1.0000 0.9404
vt 0.0027 1.0000 0.7308
vt 0.2193 0.9866 0.9438
vt 0.0024 0.5664 0.7310
vt 0.2211 0.4734 0.9392
vt 0.0094 0.2112 0.7253
vt 0.2263 0.0979 0.9263
vt 0.0198 0.0000 0.7169
vt 0.2294 0.0000 0.9185
vt 0.4990 0.0979 0.9808
vt 0.4984 0.0000 0.9722
vt 0.1364 0.0000 0.7545
vt 0.7589 0.0979 0.8706
vt 0.3782 0.0000 0.9293
vt 0.3746 0.0979 0.9361
vt 0.6892 0.0979 0.9833
vt 0.6884 0.0000 0.9759
vt 0.9839 0.0000 0.8817
vt 0.9923 0.2112 0.8921
vt 0.6905 0.4734 0.9955
vt 0.3687 0.4734 0.9472
vt 0.7659 0.4734 0.8822
vt 0.5002 0.4734 0.9949
vt 0.9981 0.5664 0.8991
vt 0.6909 0.9866 1.0000
vt 0.3665 0.9866 0.9513
vt 0.7685 0.9866 0.8864
vt 0.5006 0.9866 1.0000
vt 0.2297 1.0000 0.9178
vt 0.0203 1.0000 0.7165
vt 0.0099 0.7925 0.7250
vt 0.2263 0.8958 0.9262
vt 0.2212 0.5115 0.9391
vt 0.0027 0.4375 0.7308
vt 0.5002 0.5115 0.9948
vt 0.1136 0.0000 0.7685
vt 0.7659 0.5115 0.8822
vt 0.3687 0.5115 0.9472
vt 0.6905 0.5115 0.9955
vt 0.9978 0.4375 0.8989
vt 0.9920 0.7925 0.8916
vt 0.6892 0.8958 0.9832
vt 0.3746 0.8958 0.9361
vt 0.7588 0.8958 0.8706
vt 0.4990 0.8958 0.9807
vt 0.9835 1.0000 0.8812
vt 0.6884 1.0000 0.9753
vt 0.3785 1.0000 0.9288
vt 0.7542 1.0000 0.8630
vt 0.4983 1.0000 0.9715
vt 0.9330 1.0000 0.2500
vt 0.9330 0.0000 0.2500
vt 0.0670 0.0000 0.7500
vt 0.0670 1.0000 0.7500
vt 0.2500 0.0000 0.9330
vt 0.2500 1.0000 0.9330
vt 0.7500 0.0000 0.9330
vt 0.7500 1.0000 0.9330
vt 0.2500 0.0000 0.0670
vt 0.2500 1.0000 0.0670
vt 0.0670 0.0000 0.2500
vt 0.0670 1.0000 0.2500
vt 0.7500 0.0000 0.0670
vt 0.7500 1.0000 0.0670
vt 0.8116 0.5000 0.0084
vt 0.8100 1.0000 0.0000
vt 0.3702 1.0000 0.0932
vt 0.3792 0.5000 0.1000
vt 0.7045 1.0000 0.9263
vt 0.0877 0.5000 0.2989
vt 0.4475 1.0000 1.0000
vt 0.4484 0.5000 0.9848
vt 0.8312 1.0000 0.7955
vt 0.2095 0.5000 0.8189
vt 0.4652 1.0000 0.9593
vt 0.4590 0.5000 0.9516
vt 0.0016 0.5000 0.9916
vt 0.0059 0.1340 0.9687
vt 0.4421 0.1340 0.9306
vt 0.2230 0.1340 0.7852
vt 0.4508 0.1340 0.9434
vt 0.1257 0.1340 0.3082
vt 0.4036 0.1340 0.1187
vt 0.8159 0.1340 0.0313
vt 0.4371 0.0000 0.1441
vt 0.8218 0.0000 0.0625
vt 0.0119 0.0000 0.9375
vt 0.4189 0.0000 0.9018
vt 0.2415 0.0000 0.7392
vt 0.4541 0.0000 0.8869
vt 0.1776 0.0000 0.3210
vt 0.4652 0.0000 0.0407
vt 0.4652 1.0000 0.0407
vt 0.2045 0.0000 0.1688
vt 0.2045 1.0000 0.1688
vt 0.0737 0.0000 0.7045
vt 0.0737 1.0000 0.7045
vt 0.3702 0.0000 0.9068
vt 0.3702 1.0000 0.9068
vt 0.8100 0.0000 1.0000
vt 0.8100 1.0000 1.0000
vt 0.8100 0.0000 0.0000
vt 0.3702 0.0000 0.0932
vt 0.7045 0.0000 0.9263
vt 0.4475 0.0000 1.0000
vt 0.8312 0.0000 0.7955
vt 0.4652 0.0000 0.9593
vt 0.0016 0.5000 0.0084
vt 0.4590 0.5000 0.0484
vt 0.2095 0.5000 0.1811
vt 0.4484 0.5000 0.0152
vt 0.0877 0.5000 0.7011
vt 0.3792 0.5000 0.8999
vt 0.8116 0.5000 0.9916
vt 0.4036 0.1340 0.8813
vt 0.8159 0.1340 0.9687
vt 0.4371 0.0000 0.8559
vt 0.8218 0.0000 0.9375
vt 0.0059 0.1340 0.0313
vt 0.4421 0.1340 0.0694
vt 0.2230 0.1340 0.2148
vt 0.4508 0.1340 0.0566
vt 0.1257 0.1340 0.6918
vt 0.0119 0.0000 0.0625
vt 0.4189 0.0000 0.0981
vt 0.2415 0.0000 0.2608
vt 0.4541 0.0000 0.1131
vt 0.1776 0.0000 0.6790
vt 0.8118 0.4990 0.0096
vt 0.3801 0.5066 0.1008
vt 0.0891 0.5066 0.2992
vt 0.4485 0.5066 0.9832
vt 0.2100 0.5066 0.8176
vt 0.4584 0.5066 0.9508
vt 0.0018 0.4990 0.9904
vt 0.0066 0.1335 0.9652
vt 0.4396 0.1358 0.9275
vt 0.2250 0.1358 0.7804
vt 0.4511 0.1358 0.9375
vt 0.1312 0.1358 0.3096
vt 0.4072 0.1358 0.1213
vt 0.8166 0.1335 0.0348
vt 0.4441 0.0000 0.1495
vt 0.8231 0.0000 0.0691
vt 0.0131 0.0000 0.9309
vt 0.4140 0.0000 0.8958
vt 0.2454 0.0000 0.7295
vt 0.4548 0.0000 0.8749
vt 0.1886 0.0000 0.3237
vt 0.8116 1.0000 0.0087
vt 0.3795 1.0000 0.1003
vt 0.8107 0.7429 0.0041
vt 0.3727 0.5760 0.0951
vt 0.8102 0.3955 0.0010
vt 0.7010 1.0000 0.9118
vt 0.0776 0.5760 0.2964
vt 0.4484 1.0000 0.9843
vt 0.4477 0.5760 0.9958
vt 0.8185 1.0000 0.7903
vt 0.2059 0.5760 0.8278
vt 0.4588 1.0000 0.9513
vt 0.4635 0.5760 0.9571
vt 0.0008 0.7429 0.9959
vt 0.0016 1.0000 0.9913
vt 0.0002 0.3955 0.9990
vt 0.2045 0.0000 0.8312
vt 0.0737 0.0000 0.2955
vt 0.0002 0.0000 0.0010
vt 0.4645 0.0000 0.0417
vt 0.2051 0.0000 0.1702
vt 0.4476 0.0000 0.0018
vt 0.0754 0.0000 0.7041
vt 0.3713 0.0000 0.9059
vt 0.8102 0.0000 0.9990
vt 0.0016 1.0000 0.0087
vt 0.0008 0.7429 0.0041
vt 0.4588 1.0000 0.0487
vt 0.4635 0.5760 0.0429
vt 0.2059 0.5760 0.1722
vt 0.2097 1.0000 0.1815
vt 0.4477 0.5760 0.0042
vt 0.4484 1.0000 0.0157
vt 0.0776 0.5760 0.7036
vt 0.0882 1.0000 0.7010
vt 0.3727 0.5760 0.9049
vt 0.3795 1.0000 0.8997
vt 0.8107 0.7429 0.9959
vt 0.8102 0.3955 0.9990
vt 0.0002 0.3955 0.0010
vt 0.8116 1.0000 0.9913
vt 0.0018 0.4990 0.0096
vt 0.4584 0.5066 0.0492
vt 0.0066 0.1335 0.0348
vt 0.4396 0.1358 0.0725
vt 0.0131 0.0000 0.0691
vt 0.4140 0.0000 0.1042
vt 0.2454 0.0000 0.2705
vt 0.7804 0.1358 0.2250
vt 0.4548 0.0000 0.1251
vt 0.4511 0.1358 0.0625
vt 0.1886 0.0000 0.6763
vt 0.6904 0.1358 0.1312
vt 0.4441 0.0000 0.8505
vt 0.4072 0.1358 0.8787
vt 0.8231 0.0000 0.9309
vt 0.8166 0.1335 0.9652
vt 0.8118 0.4990 0.9904
vt 0.3801 0.5066 0.8992
vt 0.7008 0.5066 0.0891
vt 0.4485 0.5066 0.0168
vt 0.8176 0.5066 0.2100
vt 0.7045 1.0000 0.0737
vt 0.8312 1.0000 0.2045
vt 0.8102 0.0000 0.0010
vt 0.3713 0.0000 0.0941
vt 0.7041 0.0000 0.9246
vt 0.4476 0.0000 0.9982
vt 0.8298 0.0000 0.7949
vt 0.4645 0.0000 0.9583
vt 0.0002 0.0000 0.9990
vt 0.8277 0.3628 0.0932
vt 0.6560 0.5115 0.1637
vt 1.0210 0.5727 0.1396
vt 0.8491 0.7088 0.2060
vt 0.8716 1.0000 0.3245
vt 0.7173 1.0000 0.3572
vt 0.4577 0.5115 0.2337
vt 0.5718 1.0000 0.3868
vt 0.2956 0.5115 0.3634
vt 0.4816 1.0000 0.4127
vt 0.4621 0.5115 0.7490
vt 0.3963 1.0000 0.3534
vt 0.2965 0.5115 0.6398
vt 0.4325 0.5115 0.8118
vt 0.2122 0.5115 0.8575
vt 0.0177 0.3628 0.9068
vt 0.0617 1.0000 0.6755
vt 0.0392 0.7088 0.7940
vt 0.2250 1.0000 0.6612
vt 0.8491 0.7088 0.7940
vt 0.8716 1.0000 0.6755
vt 0.7173 1.0000 0.6428
vt 0.6560 0.5115 0.8363
vt 0.4577 0.5115 0.7663
vt 0.5718 1.0000 0.6132
vt 0.2956 0.5115 0.6366
vt 0.4816 1.0000 0.5873
vt 0.4621 0.5115 0.2510
vt 0.3963 1.0000 0.6466
vt 0.2965 0.5115 0.3602
vt 0.8312 0.0000 0.2045
vt 0.4325 0.5115 0.1882
vt 0.2122 0.5115 0.1425
vt 0.0177 0.3628 0.0932
vt 0.0392 0.7088 0.2060
vt 0.2250 1.0000 0.3388
vt 0.0617 1.0000 0.3245
vt 0.8277 0.3628 0.9068
vt 0.6117 1.0000 1.0000
vt 0.6117 0.0000 1.0000
vt 0.1228 0.0000 0.1533
vt 0.1228 1.0000 0.1533
vt 0.3467 0.0000 0.0111
vt 0.3467 1.0000 0.0111
vt 0.1228 0.0000 0.8467
vt 0.1228 1.0000 0.8467
vt 0.3467 0.0000 0.9889
vt 0.3467 1.0000 0.9889
vt 0.2302 0.0000 1.0000
vt 0.6572 0.0000 0.9005
vt 0.5345 0.7030 0.7500
vt 0.8202 0.7812 0.7500
vt 0.4153 0.6001 0.7500
vt 0.3063 0.0000 0.0610
vt 0.3872 0.4634 0.7500
vt 0.4762 0.3354 0.7500
vt 0.1761 0.0000 0.1937
vt 0.5421 0.0000 0.0345
vt 0.6381 0.2531 0.7500
vt 0.9496 0.2188 0.7500
vt 0.1798 0.2188 0.7500
vt 0.4655 0.2970 0.7500
vt -0.1315 0.2529 0.8498
vt 0.5421 1.0000 0.0345
vt 0.9932 0.4678 0.0296
vt 0.4720 0.4678 0.0869
vt 0.5849 0.0000 0.0925
vt 0.7754 0.4678 0.2012
vt 0.7681 0.0000 0.2645
vt 0.5612 0.4678 0.0523
vt 0.5569 0.0000 0.1103
vt 0.5650 1.0000 0.0000
vt 0.3326 0.4678 0.0993
vt 0.9390 1.0000 0.6937
vt 0.5937 1.2120 0.0263
vt 0.8063 1.0000 0.1761
vt 0.7013 0.4678 0.8396
vt 0.3305 0.0000 0.1637
vt 0.9507 1.2121 0.6964
vt 0.6572 1.0000 0.9005
vt 0.2234 0.4678 0.9704
vt 0.2302 1.0000 1.0000
vt 0.2159 0.0000 0.9377
vt 0.5896 0.0000 0.8506
vt 0.9856 0.0000 0.0623
vt 0.2302 0.0000 0.0000
vt 0.6572 0.0000 0.0995
vt 0.6528 0.5112 0.1028
vt 0.2295 0.4373 0.0030
vt 0.2277 0.7922 0.0110
vt 0.6407 0.8955 0.1117
vt 0.6328 1.0000 0.1175
vt 0.2250 1.0000 0.0225
vt 0.3122 0.8955 0.0861
vt 0.3150 1.0000 0.0981
vt 0.5631 0.8955 0.0270
vt 0.5621 1.0000 0.0399
vt 0.1977 0.8955 0.7970
vt 0.2080 1.0000 0.7925
vt 0.5526 0.8955 0.9513
vt 0.5576 1.0000 0.9446
vt 0.9975 0.7922 0.9890
vt 0.9948 1.0000 0.9775
vt 0.5449 0.5112 0.9617
vt 0.9993 0.4373 0.9970
vt 0.5421 0.0000 0.9655
vt 0.3079 0.5112 0.0677
vt 0.5645 0.5112 0.0072
vt 0.1761 0.0000 0.8063
vt 0.1819 0.5112 0.8038
vt 0.2278 0.2109 0.0105
vt 0.2252 0.0000 0.0220
vt 0.6408 0.0977 0.1116
vt 0.6334 0.0000 0.1171
vt 0.9140 0.0977 0.3122
vt 0.3148 0.0000 0.0972
vt 0.5622 0.0000 0.0389
vt 0.5631 0.0977 0.0268
vt 0.2072 0.0000 0.7929
vt 0.7970 0.0977 0.1976
vt 0.5572 0.0000 0.9451
vt 0.5525 0.0977 0.9514
vt 0.9949 0.0000 0.9780
vt 0.9976 0.2109 0.9895
vt 0.5449 0.4734 0.9618
vt 0.1819 0.4734 0.8038
vt 0.5645 0.4734 0.0072
vt 0.3079 0.4734 0.0677
vt 0.6528 0.4734 0.1028
vt 0.2296 0.5664 0.0027
vt 0.6572 0.9866 0.0995
vt 0.2302 1.0000 0.0000
vt 0.5421 0.9866 0.9655
vt 0.9994 0.5664 0.9973
vt 0.3063 0.9866 0.0610
vt 0.5650 0.9866 0.0000
vt 0.1761 0.9866 0.8063
vt 0.9993 1.0000 0.9970
vt 0.5442 1.0000 0.9628
vt 0.8045 1.0000 0.1803
vt 0.8063 0.0000 0.1761
vt 0.5647 1.0000 0.0053
vt 0.9341 1.0000 0.3075
vt 0.9390 0.0000 0.3063
vt 0.6540 1.0000 0.1019
vt 0.2295 1.0000 0.0030
vt 0.2234 0.4678 0.0296
vt 0.6572 1.0000 0.0995
vt 0.7013 0.4678 0.1604
vt 0.3063 1.0000 0.9390
vt 0.3305 0.0000 0.8363
vt 0.3326 0.4678 0.9007
vt 0.5612 0.4678 0.9477
vt 0.5650 1.0000 1.0000
vt 0.5569 0.0000 0.8897
vt 0.7754 0.4678 0.7988
vt 0.2645 0.0000 0.7681
vt 0.2159 0.0000 0.0623
vt 0.5897 0.0000 0.1494
vt 0.5849 0.0000 0.9075
vt 0.4720 0.4678 0.9131
vt 0.9932 0.4678 0.9704
vt 0.9856 0.0000 0.9377
vt 0.5421 1.0000 0.9655
vt 0.5938 1.2121 0.9737
vt 0.8063 1.0000 0.8239
vt 0.6937 0.0345 0.0000
vt 0.0345 0.3063 0.0000
vt 0.1937 0.0995 0.0000
vt 0.9005 0.1937 0.0000
vt 0.0000 0.5650 0.0000
vt 1.0000 0.4350 0.0000
vt 0.0995 0.8063 0.0000
vt 0.9655 0.6937 0.0000
vt 0.3063 0.9655 0.0000
vt 0.8063 0.9005 0.0000
vt 0.3063 0.0000 0.9390
vt 0.5847 0.3999 0.7500
vt 0.6128 0.5366 0.7500
vt 0.5650 0.0000 1.0000
vt 0.5238 0.6646 0.7500
vt 0.3619 0.7469 0.7500
vt 0.0504 0.7812 0.7500
vt 0.2295 1.0000 0.9970
vt 0.6540 1.0000 0.8981
vt 0.3075 1.0000 0.9341
vt 0.5647 1.0000 0.9947
vt 0.1803 1.0000 0.1955
vt 0.5442 1.0000 0.0372
vt 0.9993 1.0000 0.0030
vt 0.5572 0.0000 0.0549
vt 0.9949 0.0000 0.0220
vt 0.5525 0.0977 0.0486
vt 0.9976 0.2109 0.0105
vt 0.5449 0.4734 0.0382
vt 0.9994 0.5664 0.0027
vt 0.5421 0.9866 0.0345
vt 0.2296 0.5664 0.9973
vt 0.6528 0.4734 0.8972
vt 0.6572 0.9866 0.9005
vt 0.3079 0.4734 0.9323
vt 0.3063 0.9866 0.9390
vt 0.5645 0.4734 0.9928
vt 0.5650 0.9866 1.0000
vt 0.1819 0.4734 0.1962
vt 0.1761 0.9866 0.1937
vt 0.2278 0.2109 0.9895
vt 0.6408 0.0977 0.8884
vt 0.3122 0.0977 0.9140
vt 0.5631 0.0977 0.9732
vt 0.1976 0.0977 0.2030
vt 0.2252 0.0000 0.9780
vt 0.6334 0.0000 0.8829
vt 0.3148 0.0000 0.9028
vt 0.5622 0.0000 0.9611
vt 0.2072 0.0000 0.2071
vt 0.9993 0.4373 0.0030
vt 0.5449 0.5112 0.0383
vt 0.8038 0.5112 0.8181
vt 0.8063 0.0000 0.8239
vt 0.5645 0.5112 0.9928
vt 0.9323 0.5112 0.6921
vt 0.9390 0.0000 0.6937
vt 0.6528 0.5112 0.8972
vt 0.2295 0.4373 0.9970
vt 0.2277 0.7922 0.9890
vt 0.6407 0.8955 0.8883
vt 0.6328 1.0000 0.8825
vt 0.2250 1.0000 0.9775
vt 0.9139 0.8955 0.6878
vt 0.3151 1.0000 0.9019
vt 0.5631 0.8955 0.9730
vt 0.5621 1.0000 0.9601
vt 0.7970 0.8955 0.8023
vt 0.2080 1.0000 0.2075
vt 0.5526 0.8955 0.0487
vt 0.5576 1.0000 0.0554
vt 0.9975 0.7922 0.0110
vt 0.9948 1.0000 0.0225
vt 0.9330 1.0000 0.7500
vt 0.9330 0.0000 0.7500
# 1575 texture coords

g Block_Compile_Shelving_System_3___Frame
usemtl wire_255255255
s 1
f 321/641/201 322/642/201 323/643/201 324/644/201 
s 2
f 323/643/202 322/642/202 325/645/202 326/646/202 
s 1
f 326/646/203 325/645/203 327/647/203 328/648/203 
s 2
f 324/648/204 329/649/204 330/650/204 321/647/204 
f 328/649/205 327/650/205 331/651/205 332/652/205 
s 1
f 332/652/206 331/651/206 333/653/206 334/654/206 
s 2
f 334/654/207 333/653/207 335/647/207 336/648/207 
s 4
f 324/648/208 323/655/208 326/656/208 329/647/208 
f 329/647/208 326/656/208 328/657/208 337/650/208 
f 337/650/208 328/657/208 332/658/208 334/659/208 
f 334/659/208 336/649/208 337/650/208 
s 1
f 329/648/209 337/649/209 338/650/209 330/647/209 
s 4
f 335/648/210 333/655/210 331/656/210 338/647/210 
f 338/647/210 331/656/210 327/657/210 330/650/210 
f 330/650/210 327/657/210 325/658/210 322/659/210 
f 322/659/210 321/649/210 330/650/210 
s 8
f 335/660/211 338/647/211 337/648/211 336/661/211 
s 1
f 339/647/212 340/648/212 341/662/212 342/663/212 
s 2
f 342/663/213 341/662/213 343/664/213 344/665/213 
s 1
f 344/665/214 343/664/214 345/666/214 346/667/214 
s 2
f 346/667/215 345/666/215 347/668/215 348/669/215 
s 1
f 348/669/216 347/668/216 349/670/216 350/671/216 
s 2
f 350/671/217 349/670/217 351/672/217 352/673/217 
s 1
f 352/674/218 351/675/218 353/670/218 354/671/218 
s 2
f 354/671/219 353/670/219 355/676/219 356/677/219 
s 1
f 356/677/220 355/676/220 328/678/220 327/679/220 
s 2
f 327/679/221 328/678/221 357/680/221 358/681/221 
s 1
f 358/681/222 357/680/222 359/662/222 360/663/222 
s 2
f 360/663/223 359/662/223 340/649/223 339/650/223 
s 4
f 354/682/210 358/683/210 360/684/210 352/685/210 
f 352/685/210 360/684/210 339/686/210 350/687/210 
f 350/687/210 339/686/210 342/688/210 348/689/210 
f 348/689/210 342/688/210 344/690/210 346/678/210 
f 358/683/210 354/682/210 356/691/210 327/679/210 
f 349/688/208 343/689/208 341/687/208 351/686/208 
f 351/686/208 341/687/208 340/685/208 353/684/208 
f 353/684/208 340/685/208 359/682/208 355/683/208 
f 355/683/208 359/682/208 357/691/208 328/679/208 
f 343/689/208 349/688/208 347/690/208 345/678/208 
s 1
f 361/641/201 362/642/201 363/643/201 364/644/201 
s 2
f 363/643/202 362/642/202 365/645/202 366/646/202 
s 1
f 366/646/203 365/645/203 367/647/203 368/648/203 
s 2
f 364/648/204 369/649/204 370/650/204 361/647/204 
f 368/649/205 367/650/205 371/651/205 372/652/205 
s 1
f 372/652/206 371/651/206 373/653/206 374/654/206 
s 2
f 374/654/207 373/653/207 375/647/207 376/648/207 
s 4
f 364/648/208 363/655/208 366/656/208 369/647/208 
f 369/647/208 366/656/208 368/657/208 377/650/208 
f 377/650/208 368/657/208 372/658/208 374/659/208 
f 374/659/208 376/649/208 377/650/208 
s 1
f 369/648/209 377/649/209 378/650/209 370/647/209 
s 4
f 375/648/210 373/655/210 371/656/210 378/647/210 
f 378/647/210 371/656/210 367/657/210 370/650/210 
f 370/650/210 367/657/210 365/658/210 362/659/210 
f 362/659/210 361/649/210 370/650/210 
s 8
f 375/660/211 378/647/211 377/648/211 376/661/211 
s 1
f 379/647/212 380/648/212 381/662/212 382/663/212 
s 2
f 382/663/213 381/662/213 383/664/213 384/665/213 
s 1
f 384/665/214 383/664/214 385/666/214 386/667/214 
s 2
f 386/667/215 385/666/215 387/668/215 388/669/215 
s 1
f 388/669/216 387/668/216 389/670/216 390/671/216 
s 2
f 390/671/217 389/670/217 391/672/217 392/673/217 
s 1
f 392/674/218 391/675/218 393/670/218 394/671/218 
s 2
f 394/671/219 393/670/219 395/676/219 396/677/219 
s 1
f 396/677/220 395/676/220 368/678/220 367/679/220 
s 2
f 367/679/221 368/678/221 397/680/221 398/681/221 
s 1
f 398/681/222 397/680/222 399/662/222 400/663/222 
s 2
f 400/663/223 399/662/223 380/649/223 379/650/223 
s 4
f 394/682/210 398/683/210 400/684/210 392/685/210 
f 392/685/210 400/684/210 379/686/210 390/687/210 
f 390/687/210 379/686/210 382/688/210 388/689/210 
f 388/689/210 382/688/210 384/690/210 386/678/210 
f 398/683/210 394/682/210 396/691/210 367/679/210 
f 389/688/208 383/689/208 381/687/208 391/686/208 
f 391/686/208 381/687/208 380/685/208 393/684/208 
f 393/684/208 380/685/208 399/682/208 395/683/208 
f 395/683/208 399/682/208 397/691/208 368/679/208 
f 383/689/208 389/688/208 387/690/208 385/678/208 
s 1
f 401/650/224 402/692/224 403/693/224 404/649/224 
s 2
f 403/693/225 402/692/225 405/645/225 406/646/225 
s 1
f 406/646/226 405/645/226 407/647/226 408/648/226 
f 409/650/227 410/647/227 411/648/227 412/649/227 
s 4
f 401/650/210 413/647/210 414/694/210 402/695/210 
f 402/695/210 414/694/210 415/696/210 405/697/210 
f 405/697/210 415/696/210 416/698/210 407/699/210 
f 407/699/210 416/698/210 417/700/210 418/701/210 
f 418/701/210 417/700/210 410/648/210 419/702/210 
f 419/702/210 410/648/210 409/649/210 
s 2
f 408/649/228 407/650/228 418/703/228 420/704/228 
s 1
f 420/704/229 418/703/229 419/705/229 421/706/229 
s 2
f 421/706/230 419/705/230 409/674/230 412/675/230 
s 4
f 404/647/208 403/707/208 422/708/208 423/650/208 
f 422/708/208 403/707/208 406/709/208 424/710/208 
f 424/710/208 406/709/208 408/711/208 425/712/208 
f 425/712/208 408/711/208 420/713/208 426/714/208 
f 426/714/208 420/713/208 421/715/208 411/649/208 
f 411/649/208 421/715/208 412/648/208 
s 2
f 410/673/231 417/716/231 426/717/231 411/672/231 
s 1
f 426/717/232 417/716/232 416/718/232 425/719/232 
s 2
f 425/719/211 416/718/211 415/720/211 424/721/211 
s 1
f 424/721/233 415/720/233 414/722/233 422/723/233 
s 2
f 422/723/234 414/722/234 413/647/234 423/648/234 
s 8
f 401/647/209 404/648/209 423/649/209 413/650/209 
s 1
f 427/647/221 428/648/221 429/662/221 430/663/221 
s 2
f 430/663/222 429/662/222 431/676/222 432/677/222 
s 1
f 432/677/223 431/676/223 408/678/223 407/679/223 
s 2
f 407/679/212 408/678/212 433/668/212 434/669/212 
s 1
f 434/669/213 433/668/213 435/670/213 436/671/213 
s 2
f 436/671/214 435/670/214 437/672/214 438/673/214 
s 1
f 438/674/215 437/675/215 439/670/215 440/671/215 
s 2
f 440/671/216 439/670/216 441/664/216 442/665/216 
s 1
f 442/665/217 441/664/217 443/666/217 444/667/217 
s 2
f 444/667/218 443/666/218 445/680/218 446/681/218 
s 1
f 446/681/219 445/680/219 447/662/219 448/663/219 
s 2
f 448/663/220 447/662/220 428/649/220 427/650/220 
s 4
f 440/689/210 446/682/210 448/691/210 438/678/210 
f 438/678/210 448/691/210 427/679/210 436/690/210 
f 436/690/210 427/679/210 430/683/210 434/688/210 
f 434/688/210 430/683/210 432/684/210 407/686/210 
f 446/682/210 440/689/210 442/687/210 444/685/210 
f 435/689/208 431/682/208 429/691/208 437/678/208 
f 437/678/208 429/691/208 428/679/208 439/690/208 
f 439/690/208 428/679/208 447/683/208 441/688/208 
f 441/688/208 447/683/208 445/684/208 443/686/208 
f 431/682/208 435/689/208 433/687/208 408/685/208 
s 1
f 449/724/235 450/725/236 451/726/237 452/727/238 
s 2
f 452/727/239 451/726/240 453/728/240 454/729/241 
s 1
f 454/729/242 453/728/243 455/730/243 456/731/244 
s 2
f 456/731/245 455/730/246 457/732/246 458/733/247 
s 1
f 458/733/248 457/732/249 459/734/250 460/735/251 
s 2
f 460/735/252 459/734/253 461/736/254 462/737/252 
s 4
f 462/737/255 463/738/255 464/739/255 460/735/255 
s 8
f 460/735/256 464/739/256 465/740/256 458/733/256 
s 4
f 458/733/257 465/740/257 466/741/257 456/731/257 
s 8
f 456/731/258 466/741/258 467/742/259 454/729/259 
s 4
f 454/729/260 467/742/260 468/743/261 452/727/261 
s 8
f 452/727/262 468/743/262 469/744/263 449/724/264 
s 1
f 469/744/265 468/743/266 470/745/267 471/746/268 
f 463/738/269 472/747/270 473/748/271 464/739/272 
f 464/739/272 473/748/271 474/749/273 465/740/274 
f 465/740/274 474/749/273 475/750/275 466/741/276 
f 466/741/276 475/750/275 476/751/277 467/742/278 
f 467/742/278 476/751/277 470/745/267 468/743/266 
s 2
f 477/752/279 450/753/280 478/754/281 479/755/279 
s 1
f 479/755/282 478/754/283 480/756/283 481/757/282 
s 2
f 481/757/284 480/756/285 482/758/285 483/759/284 
s 1
f 483/759/286 482/758/287 484/760/287 485/761/286 
s 2
f 485/761/288 484/760/289 486/762/289 487/763/288 
s 1
f 487/763/290 486/762/291 461/764/291 488/765/290 
s 4
f 479/766/208 485/767/208 487/768/208 477/769/208 
f 477/769/208 487/768/208 488/770/208 489/771/208 
f 489/771/208 488/770/208 490/772/208 491/773/208 
f 491/773/208 490/772/208 492/774/208 493/775/208 
f 485/767/208 479/766/208 481/776/208 483/777/208 
s 2
f 488/736/292 461/778/254 459/779/253 490/780/292 
s 1
f 490/780/293 459/779/250 457/781/249 492/732/293 
s 2
f 492/732/294 457/781/246 455/782/246 493/783/294 
s 1
f 493/783/295 455/782/243 453/784/243 491/728/295 
s 2
f 491/728/296 453/784/240 451/785/240 489/726/296 
s 1
f 489/726/297 451/785/237 450/786/236 477/725/297 
f 472/787/270 463/788/269 494/789/298 495/790/299 
f 495/790/299 494/789/298 496/791/300 497/792/301 
f 497/792/301 496/791/300 498/793/302 499/794/303 
f 499/794/303 498/793/302 500/795/304 501/796/305 
f 501/796/305 500/795/304 502/797/306 503/798/307 
f 503/798/307 502/797/306 469/799/265 471/800/268 
s 4
f 469/799/308 502/797/308 504/801/308 449/802/308 
s 2
f 449/802/309 504/801/309 478/755/281 450/752/280 
s 8
f 463/788/310 462/803/310 505/804/311 494/789/311 
s 4
f 494/789/312 505/804/312 506/805/313 496/791/313 
s 8
f 496/791/314 506/805/314 507/806/315 498/793/315 
s 4
f 498/793/316 507/806/316 508/807/317 500/795/317 
s 8
f 500/795/318 508/807/318 504/801/318 502/797/318 
s 1
f 462/803/319 461/765/291 486/763/291 505/804/319 
s 2
f 505/804/320 486/763/289 484/761/289 506/805/321 
s 1
f 506/805/322 484/761/287 482/808/287 507/806/322 
s 2
f 507/806/323 482/808/285 480/757/285 508/807/324 
s 1
f 508/807/325 480/757/283 478/755/283 504/801/325 
f 495/809/299 501/810/305 503/811/307 472/812/270 
f 472/812/270 503/811/307 471/813/268 473/814/271 
f 473/814/271 471/813/268 470/815/267 474/816/273 
f 474/816/273 470/815/267 476/817/277 475/818/275 
f 501/810/305 495/809/299 497/819/301 499/820/303 
f 509/821/326 510/725/327 511/726/328 512/822/329 
s 2
f 512/822/330 511/726/331 513/728/331 514/823/330 
s 4
f 514/823/332 513/728/333 515/730/333 516/824/332 
s 2
f 516/824/334 515/730/335 517/732/335 518/825/334 
s 4
f 518/825/336 517/732/337 519/734/337 520/826/336 
s 1
f 520/826/338 519/734/339 521/736/340 522/827/341 
s 2
f 520/826/342 522/827/343 523/828/344 524/829/345 
s 8
f 520/826/256 524/829/256 525/830/346 518/825/346 
s 1
f 518/825/257 525/830/257 526/831/257 516/824/257 
s 8
f 516/824/259 526/831/259 527/832/259 514/823/259 
s 16
f 514/823/260 527/832/260 528/833/261 512/822/261 
s 4
f 512/822/347 528/833/348 529/834/349 509/821/350 
s 32
f 529/834/351 528/833/352 530/835/353 531/836/354 
f 524/829/355 523/828/356 532/837/357 533/838/358 
f 524/829/355 533/838/358 534/839/273 525/830/274 
f 525/830/274 534/839/273 535/840/275 526/831/276 
f 526/831/276 535/840/275 536/841/277 527/832/278 
f 527/832/278 536/841/277 530/835/353 528/833/352 
s 1
f 537/842/359 538/843/360 539/844/361 
f 539/844/361 538/843/360 540/845/362 
f 539/844/361 540/845/362 541/846/363 
f 541/846/363 540/845/362 542/785/364 543/786/365 
f 540/845/362 538/843/360 544/847/366 545/848/367 
f 545/848/367 544/847/366 546/849/368 547/850/369 
f 547/850/369 546/849/368 548/851/370 549/852/371 
f 549/852/371 548/851/370 550/853/372 551/854/373 
f 551/854/373 550/853/372 552/855/374 
f 552/855/374 550/853/372 553/856/375 
f 552/855/374 554/857/376 551/854/373 
f 551/854/373 554/857/376 555/778/377 556/858/378 
s 4
f 551/854/379 556/858/380 557/781/381 549/852/379 
s 2
f 549/852/382 557/781/383 558/782/383 547/850/382 
s 4
f 547/850/384 558/782/385 559/784/385 545/848/386 
s 2
f 545/848/387 559/784/388 542/785/389 540/845/390 
s 1
f 543/752/365 510/859/327 560/860/391 561/755/392 
s 2
f 561/755/393 560/860/394 562/861/394 563/757/395 
s 4
f 563/757/396 562/861/397 564/862/397 565/759/398 
s 2
f 565/759/399 564/862/400 566/863/400 567/761/399 
s 4
f 567/761/401 566/863/402 568/864/402 569/763/401 
s 1
f 569/763/403 568/864/404 521/865/340 555/765/377 
f 555/764/377 554/866/376 570/867/405 569/762/403 
s 4
f 569/762/401 570/867/406 571/868/407 567/760/401 
s 2
f 567/760/399 571/868/408 572/869/408 565/870/399 
s 4
f 565/870/398 572/869/409 573/871/410 563/756/396 
s 2
f 563/756/395 573/871/411 574/872/412 561/873/393 
s 1
f 561/873/392 574/872/413 541/874/363 543/753/365 
f 541/874/363 574/872/413 539/875/361 
f 539/875/361 574/872/413 575/876/414 
f 539/875/361 575/876/414 537/877/359 
f 554/866/376 552/878/374 570/867/405 
f 570/867/405 552/878/374 576/879/415 
f 570/867/405 576/879/415 577/880/416 571/868/417 
f 571/868/417 577/880/416 578/881/418 572/869/419 
f 572/869/419 578/881/418 579/882/420 573/871/421 
f 573/871/421 579/882/420 575/876/414 574/872/413 
f 552/878/374 553/883/375 576/879/415 
s 32
f 580/809/422 581/810/305 582/811/423 532/812/357 
f 532/812/357 582/811/423 531/813/354 533/814/358 
f 533/814/358 531/813/354 530/815/353 534/816/273 
f 534/816/273 530/815/353 536/817/277 535/818/275 
f 581/810/305 580/809/422 583/819/301 584/820/303 
f 532/884/357 523/885/356 585/886/424 580/887/422 
f 580/887/422 585/886/424 586/888/300 583/889/301 
f 583/889/301 586/888/300 587/890/425 584/891/303 
f 584/891/303 587/890/425 588/892/304 581/893/305 
f 581/893/305 588/892/304 589/894/426 582/895/423 
f 582/895/423 589/894/426 529/896/351 531/897/354 
s 8
f 529/896/427 589/894/428 590/898/429 509/899/430 
s 1
f 509/899/326 590/898/431 560/755/391 510/752/327 
s 2
f 560/755/394 590/898/432 591/900/432 562/757/394 
s 4
f 562/757/397 591/900/433 592/901/433 564/759/397 
s 2
f 564/759/400 592/901/434 593/902/434 566/761/400 
s 4
f 566/761/402 593/902/435 594/903/435 568/763/402 
s 1
f 568/763/404 594/903/436 522/904/341 521/765/340 
s 8
f 522/904/437 594/903/438 585/886/439 523/885/440 
s 16
f 586/888/313 585/886/312 594/903/312 593/902/313 
s 1
f 587/890/314 586/888/314 593/902/314 592/901/314 
s 8
f 588/892/316 587/890/316 592/901/316 591/900/316 
s 16
f 589/894/318 588/892/318 591/900/318 590/898/318 
s 1
f 555/736/377 521/905/340 519/906/339 556/780/378 
s 4
f 556/780/380 519/906/337 517/907/337 557/732/381 
s 2
f 557/732/383 517/907/335 515/908/335 558/783/383 
s 4
f 558/783/385 515/908/333 513/909/333 559/728/385 
s 2
f 559/728/388 513/909/331 511/910/331 542/726/389 
s 1
f 542/726/364 511/910/328 510/911/327 543/725/365 
f 595/912/441 596/913/442 597/914/443 598/915/444 
f 598/915/444 597/914/443 599/916/445 600/917/446 
f 600/917/446 553/778/375 550/779/372 598/915/444 
f 598/915/444 550/779/372 601/918/447 
f 601/918/447 550/779/372 548/781/370 602/919/448 
f 602/919/448 548/781/370 546/782/368 603/920/449 
f 603/920/449 546/782/368 544/784/366 604/921/450 
f 603/920/449 604/921/450 605/922/451 606/923/452 
f 605/922/451 604/921/450 607/924/453 608/925/454 
f 608/925/454 607/924/453 609/926/455 610/927/456 
f 610/927/456 609/926/455 611/928/457 
f 611/928/457 609/926/455 538/785/360 537/786/359 
f 538/785/360 609/926/455 607/924/453 
f 538/785/360 607/924/453 604/921/450 544/784/366 
f 603/920/449 606/923/452 612/929/458 602/919/448 
f 602/919/448 612/929/458 595/912/441 601/918/447 
f 601/918/447 595/912/441 598/915/444 
f 597/930/443 596/931/442 613/932/459 599/933/445 
f 599/933/445 613/932/459 614/934/460 
f 614/934/460 613/932/459 615/935/461 616/936/462 
f 616/936/462 615/935/461 617/937/463 618/938/464 
f 618/938/464 617/937/463 619/939/465 620/940/466 
f 618/938/464 620/940/466 579/756/420 578/758/418 
f 579/756/420 620/940/466 621/941/467 575/873/414 
f 575/873/414 621/941/467 622/942/468 
f 575/873/414 622/942/468 611/943/457 537/753/359 
f 611/943/457 622/942/468 610/944/456 
f 610/944/456 622/942/468 621/941/467 623/945/469 
f 623/945/469 621/941/467 620/940/466 619/939/465 
f 618/938/464 578/758/418 577/760/416 616/936/462 
f 616/936/462 577/760/416 576/762/415 614/934/460 
f 614/934/460 576/762/415 599/933/445 
f 599/933/445 576/762/415 553/764/375 600/946/446 
f 623/766/469 615/767/461 613/768/459 610/769/456 
f 610/769/456 613/768/459 596/770/442 608/771/454 
f 608/771/454 596/770/442 595/772/441 605/773/451 
f 605/773/451 595/772/441 612/774/458 606/775/452 
f 615/767/461 623/766/469 619/776/465 617/777/463 
f 624/947/470 625/648/471 626/948/471 627/949/472 
s 2
f 627/949/473 626/948/474 628/950/474 629/951/473 
s 1
f 629/951/475 628/950/476 630/952/476 631/953/477 
s 2
f 631/953/478 630/952/479 632/954/480 633/955/481 
s 1
f 633/955/482 632/954/483 634/956/484 635/957/485 
s 2
f 635/957/486 634/956/487 636/958/488 637/959/489 
s 4
f 637/959/490 638/960/490 639/961/490 635/957/490 
s 8
f 635/957/491 639/961/491 640/962/492 633/955/492 
s 4
f 633/955/493 640/962/493 641/963/494 631/953/494 
s 8
f 631/953/495 641/963/495 642/964/495 629/951/495 
s 4
f 629/951/496 642/964/496 643/965/497 627/949/497 
s 8
f 627/949/498 643/965/498 644/966/499 624/947/499 
s 1
f 644/966/500 643/965/501 645/967/502 646/968/503 
f 638/960/504 647/969/505 648/970/506 639/961/507 
f 639/961/507 648/970/506 649/971/508 640/962/509 
f 640/962/509 649/971/508 650/972/510 641/963/511 
f 641/963/511 650/972/510 651/973/512 642/964/513 
f 642/964/513 651/973/512 645/967/502 643/965/501 
s 2
f 652/974/514 625/975/515 653/976/515 654/977/514 
s 1
f 654/977/516 653/976/517 655/978/517 656/979/516 
s 2
f 656/979/518 655/978/519 657/980/519 658/981/518 
s 1
f 658/981/520 657/980/521 659/982/521 660/983/520 
s 2
f 660/983/522 659/982/523 661/984/523 662/985/522 
s 1
f 662/985/524 661/984/525 636/674/526 663/675/524 
s 4
f 654/986/208 660/987/208 662/988/208 652/989/208 
f 652/989/208 662/988/208 663/990/208 664/991/208 
f 664/991/208 663/990/208 665/992/208 666/993/208 
f 666/993/208 665/992/208 667/994/208 668/995/208 
f 660/987/208 654/986/208 656/996/208 658/980/208 
s 2
f 663/958/527 636/997/488 634/998/487 665/956/527 
s 1
f 665/956/528 634/998/484 632/999/483 667/1000/528 
s 2
f 667/1000/529 632/999/480 630/1001/479 668/952/529 
s 1
f 668/952/530 630/1001/476 628/1002/476 666/1003/530 
s 2
f 666/1003/531 628/1002/474 626/1004/474 664/948/531 
s 1
f 664/948/532 626/1004/471 625/647/471 652/648/532 
f 647/1005/505 638/1006/504 669/1007/533 670/1008/534 
f 670/1008/534 669/1007/533 671/1009/535 672/1010/536 
f 672/1010/536 671/1009/535 673/1011/537 674/1012/538 
f 674/1012/538 673/1011/537 675/1013/539 676/1014/540 
f 676/1014/540 675/1013/539 677/1015/541 678/1016/542 
f 678/1016/542 677/1015/541 644/1017/500 646/1018/503 
s 4
f 644/1017/543 677/1015/544 679/1019/544 624/1020/543 
s 2
f 624/1020/545 679/1019/546 653/977/515 625/974/515 
s 8
f 638/1006/547 637/1021/547 680/1022/547 669/1007/547 
s 4
f 669/1007/548 680/1022/548 681/1023/548 671/1009/548 
s 8
f 671/1009/549 681/1023/549 682/1024/549 673/1011/549 
s 4
f 673/1011/550 682/1024/550 683/1025/550 675/1013/550 
s 8
f 675/1013/551 683/1025/551 679/1019/552 677/1015/552 
s 1
f 637/1021/553 636/675/526 661/985/525 680/1022/554 
s 2
f 680/1022/555 661/985/523 659/1026/523 681/1023/555 
s 1
f 681/1023/556 659/1026/521 657/981/521 682/1024/556 
s 2
f 682/1024/557 657/981/519 655/1027/519 683/1025/558 
s 1
f 683/1025/559 655/1027/517 653/977/517 679/1019/559 
f 670/1028/534 676/1029/540 678/1030/542 647/1031/505 
f 647/1031/505 678/1030/542 646/1032/503 648/1033/506 
f 648/1033/506 646/1032/503 645/1034/502 649/1035/508 
f 649/1035/508 645/1034/502 651/1036/512 650/981/510 
f 676/1029/540 670/1028/534 672/1037/536 674/1038/538 
f 684/1039/560 685/648/561 686/948/562 687/1040/563 
s 2
f 687/1040/564 686/948/565 688/950/565 689/1041/564 
s 4
f 689/1041/566 688/950/567 690/952/567 691/1042/566 
s 2
f 691/1042/568 690/952/569 692/954/569 693/1043/568 
s 4
f 693/1043/570 692/954/571 694/956/571 695/1044/570 
s 1
f 695/1044/572 694/956/573 696/958/574 697/1045/575 
s 2
f 695/1044/576 697/1045/577 698/1046/578 699/1047/579 
s 8
f 695/1044/491 699/1047/491 700/1048/491 693/1043/491 
s 1
f 693/1043/493 700/1048/493 701/1049/493 691/1042/493 
s 8
f 691/1042/580 701/1049/495 702/1050/495 689/1041/495 
s 16
f 689/1041/496 702/1050/496 703/1051/496 687/1040/496 
s 4
f 687/1040/581 703/1051/582 704/1052/583 684/1039/584 
s 32
f 704/1052/585 703/1051/586 705/1053/587 706/1054/588 
f 699/1047/589 698/1046/590 707/1055/591 708/1056/592 
f 699/1047/589 708/1056/592 709/1057/593 700/1048/509 
f 700/1048/509 709/1057/593 710/1058/510 701/1049/511 
f 701/1049/511 710/1058/510 711/1059/512 702/1050/513 
f 702/1050/513 711/1059/512 705/1053/587 703/1051/586 
s 1
f 712/1060/594 713/1061/595 714/1062/596 
f 714/1062/596 713/1061/595 715/1063/597 
f 714/1062/596 715/1063/597 716/1064/598 
f 716/1064/598 715/1063/597 717/1004/599 718/647/600 
f 715/1063/597 713/1061/595 719/1065/601 720/1066/602 
f 720/1066/602 719/1065/601 721/1067/603 722/1068/604 
f 722/1068/604 721/1067/603 723/1069/605 724/1070/606 
f 724/1070/606 723/1069/605 725/1071/607 726/1072/608 
f 726/1072/608 725/1071/607 727/1073/609 
f 727/1073/609 725/1071/607 728/1074/610 
f 727/1073/609 729/1075/611 726/1072/608 
f 726/1072/608 729/1075/611 730/997/612 731/998/613 
s 4
f 726/1072/614 731/998/615 732/999/616 724/1070/614 
s 2
f 724/1070/617 732/999/618 733/1001/618 722/1068/619 
s 4
f 722/1068/620 733/1001/621 734/1002/621 720/1066/620 
s 2
f 720/1066/622 734/1002/623 717/1004/624 715/1063/625 
s 1
f 718/974/600 685/1076/561 735/1077/626 736/977/627 
s 2
f 736/977/628 735/1077/629 737/1078/629 738/979/630 
s 4
f 738/979/631 737/1078/632 739/1079/632 740/981/631 
s 2
f 740/981/633 739/1079/634 741/1080/634 742/983/633 
s 4
f 742/983/635 741/1080/636 743/1081/636 744/985/635 
s 1
f 744/985/637 743/1081/638 696/1082/574 730/675/612 
f 730/674/612 729/1083/611 745/1084/639 744/984/637 
s 4
f 744/984/635 745/1084/640 746/1085/640 742/1086/635 
s 2
f 742/1086/633 746/1085/641 747/1087/641 740/980/633 
s 4
f 740/980/631 747/1087/642 748/1088/642 738/1089/631 
s 2
f 738/1089/630 748/1088/643 749/1090/644 736/976/628 
s 1
f 736/976/627 749/1090/645 716/1091/598 718/975/600 
f 716/1091/598 749/1090/645 714/1092/596 
f 714/1092/596 749/1090/645 750/1093/646 
f 714/1092/596 750/1093/646 712/1094/594 
f 729/1083/611 727/1095/609 745/1084/639 
f 745/1084/639 727/1095/609 751/1096/647 
f 745/1084/639 751/1096/647 752/1097/648 746/1085/649 
f 746/1085/649 752/1097/648 753/1098/650 747/1087/651 
f 747/1087/651 753/1098/650 754/1099/652 748/1088/653 
f 748/1088/653 754/1099/652 750/1093/646 749/1090/645 
f 727/1095/609 728/1100/610 751/1096/647 
s 32
f 755/1028/654 756/1029/540 757/1030/655 707/1031/591 
f 707/1031/591 757/1030/655 706/1032/588 708/1033/592 
f 708/1033/592 706/1032/588 705/1034/587 709/1035/593 
f 709/1035/593 705/1034/587 711/1036/512 710/981/510 
f 756/1029/540 755/1028/654 758/1037/536 759/1038/538 
f 707/1101/591 698/1102/590 760/1103/656 755/1104/654 
f 755/1104/654 760/1103/656 761/1105/535 758/1106/536 
f 758/1106/536 761/1105/535 762/1107/537 759/1108/538 
f 759/1108/538 762/1107/537 763/1109/539 756/1110/540 
f 756/1110/540 763/1109/539 764/1111/657 757/1112/655 
f 757/1112/655 764/1111/657 704/1113/585 706/1114/588 
s 8
f 704/1113/658 764/1111/659 765/1115/660 684/1116/661 
s 1
f 684/1116/560 765/1115/662 735/977/626 685/974/561 
s 2
f 735/977/629 765/1115/663 766/1117/663 737/979/629 
s 4
f 737/979/632 766/1117/664 767/1118/664 739/981/632 
s 2
f 739/981/634 767/1118/665 768/1119/665 741/983/634 
s 4
f 741/983/636 768/1119/666 769/1120/666 743/985/636 
s 1
f 743/985/638 769/1120/667 697/1121/575 696/675/574 
s 8
f 697/1121/668 769/1120/669 760/1103/670 698/1102/671 
s 16
f 761/1105/548 760/1103/548 769/1120/548 768/1119/548 
s 1
f 762/1107/549 761/1105/549 768/1119/549 767/1118/549 
s 8
f 763/1109/550 762/1107/550 767/1118/550 766/1117/550 
s 16
f 764/1111/552 763/1109/552 766/1117/552 765/1115/552 
s 1
f 730/958/612 696/1122/574 694/1123/573 731/956/613 
s 4
f 731/956/615 694/1123/571 692/1124/571 732/1000/616 
s 2
f 732/1000/618 692/1124/569 690/1125/569 733/952/618 
s 4
f 733/952/621 690/1125/567 688/1126/567 734/1003/621 
s 2
f 734/1003/623 688/1126/565 686/1127/565 717/948/624 
s 1
f 717/948/599 686/1127/562 685/1128/561 718/648/600 
f 770/1129/672 771/1130/673 772/1131/674 773/1132/675 
f 773/1132/675 772/1131/674 774/1133/676 775/1134/677 
f 775/1134/677 728/997/610 725/998/607 773/1132/675 
f 773/1132/675 725/998/607 776/1135/678 
f 776/1135/678 725/998/607 723/999/605 777/1136/679 
f 777/1136/679 723/999/605 721/1001/603 778/1137/680 
f 778/1137/680 721/1001/603 719/1138/601 779/1139/681 
f 778/1137/680 779/1139/681 780/1140/682 781/1141/683 
f 780/1140/682 779/1139/681 782/1142/684 783/1143/685 
f 783/1143/685 782/1142/684 784/1144/686 785/1145/687 
f 785/1145/687 784/1144/686 786/1146/688 
f 786/1146/688 784/1144/686 713/1004/595 712/647/594 
f 713/1004/595 784/1144/686 782/1142/684 
f 713/1004/595 782/1142/684 779/1139/681 719/1138/601 
f 778/1137/680 781/1141/683 787/1147/689 777/1136/679 
f 777/1136/679 787/1147/689 770/1129/672 776/1135/678 
f 776/1135/678 770/1129/672 773/1132/675 
f 772/1148/674 771/1149/673 788/1150/690 774/1151/676 
f 774/1151/676 788/1150/690 789/1152/691 
f 789/1152/691 788/1150/690 790/1153/692 791/1154/693 
f 791/1154/693 790/1153/692 792/1155/694 793/1156/695 
f 793/1156/695 792/1155/694 794/1157/696 795/1158/697 
f 793/1156/695 795/1158/697 754/1089/652 753/980/650 
f 754/1089/652 795/1158/697 796/1159/698 750/976/646 
f 750/976/646 796/1159/698 797/1160/699 
f 750/976/646 797/1160/699 786/1161/688 712/975/594 
f 786/1161/688 797/1160/699 785/1162/687 
f 785/1162/687 797/1160/699 796/1159/698 798/1163/700 
f 798/1163/700 796/1159/698 795/1158/697 794/1157/696 
f 793/1156/695 753/980/650 752/982/648 791/1154/693 
f 791/1154/693 752/982/648 751/984/647 789/1152/691 
f 789/1152/691 751/984/647 774/1151/676 
f 774/1151/676 751/984/647 728/674/610 775/1164/677 
f 798/986/700 790/987/692 788/988/690 785/989/687 
f 785/989/687 788/988/690 771/990/673 783/991/685 
f 783/991/685 771/990/673 770/992/672 780/993/682 
f 780/993/682 770/992/672 787/994/689 781/995/683 
f 790/987/692 798/986/700 794/996/696 792/980/694 
f 799/947/701 800/648/702 801/948/471 802/949/472 
s 2
f 802/949/473 801/948/474 803/950/474 804/951/703 
s 1
f 804/951/477 803/950/476 805/952/476 806/953/704 
s 2
f 806/953/481 805/952/479 807/954/479 808/955/705 
s 1
f 808/955/485 807/954/484 809/956/483 810/957/485 
s 2
f 810/957/486 809/956/488 811/958/487 812/959/706 
s 4
f 812/959/490 813/960/490 814/961/490 810/957/490 
s 8
f 810/957/491 814/961/491 815/962/491 808/955/491 
s 4
f 808/955/493 815/962/493 816/963/493 806/953/493 
s 8
f 806/953/495 816/963/495 817/964/580 804/951/580 
s 4
f 804/951/496 817/964/496 818/965/496 802/949/496 
s 8
f 802/949/707 818/965/707 819/966/707 799/947/707 
s 1
f 819/966/500 818/965/501 820/1165/502 821/968/708 
f 813/960/504 822/969/505 823/970/506 814/961/507 
f 814/961/507 823/970/506 824/971/593 815/962/509 
f 815/962/509 824/971/593 825/972/510 816/963/511 
f 816/963/511 825/972/510 826/973/512 817/964/513 
f 817/964/513 826/973/512 820/1165/502 818/965/501 
s 2
f 827/974/514 800/975/709 828/976/515 829/977/514 
s 1
f 829/977/516 828/976/517 830/978/517 831/979/516 
s 2
f 831/979/518 830/978/710 832/980/519 833/981/518 
s 1
f 833/981/520 832/980/521 834/982/711 835/983/520 
s 2
f 835/983/522 834/982/523 836/984/712 837/985/522 
s 1
f 837/985/713 836/984/714 811/674/525 838/675/713 
s 4
f 829/986/208 835/987/208 837/988/208 827/989/208 
f 827/989/208 837/988/208 838/990/208 839/991/208 
f 839/991/208 838/990/208 840/992/208 841/993/208 
f 841/993/208 840/992/208 842/994/208 843/995/208 
f 835/987/208 829/986/208 831/996/208 833/980/208 
s 2
f 838/958/527 811/997/487 809/998/488 840/956/527 
s 1
f 840/956/528 809/998/483 807/999/484 842/1000/528 
s 2
f 842/1000/529 807/999/479 805/1001/479 843/952/529 
s 1
f 843/952/530 805/1001/476 803/1002/476 841/1003/530 
s 2
f 841/1003/531 803/1002/474 801/1004/474 839/948/531 
s 1
f 839/948/532 801/1004/471 800/647/702 827/648/532 
f 822/1005/505 813/1006/504 844/1007/533 845/1008/534 
f 845/1008/534 844/1007/533 846/1009/535 847/1010/536 
f 847/1010/536 846/1009/535 848/1011/537 849/1012/538 
f 849/1012/538 848/1011/537 850/1013/539 851/1014/540 
f 851/1014/540 850/1013/539 852/1015/541 853/1016/542 
f 853/1016/542 852/1015/541 819/1017/500 821/1018/708 
s 4
f 819/1017/544 852/1015/544 854/1166/544 799/1020/544 
s 2
f 799/1020/545 854/1166/545 828/977/515 800/974/709 
s 8
f 813/1006/547 812/1021/547 855/1022/547 844/1007/547 
s 4
f 844/1007/548 855/1022/548 856/1023/548 846/1009/548 
s 8
f 846/1009/715 856/1023/715 857/1024/549 848/1011/549 
s 4
f 848/1011/550 857/1024/550 858/1025/550 850/1013/550 
s 8
f 850/1013/552 858/1025/552 854/1166/552 852/1015/552 
s 1
f 812/1021/716 811/675/525 836/985/714 855/1022/717 
s 2
f 855/1022/718 836/985/712 834/1026/523 856/1023/555 
s 1
f 856/1023/556 834/1026/711 832/981/521 857/1024/556 
s 2
f 857/1024/557 832/981/519 830/1027/710 858/1025/719 
s 1
f 858/1025/720 830/1027/517 828/977/517 854/1166/559 
f 845/1028/534 851/1029/540 853/1030/542 822/1031/505 
f 822/1031/505 853/1030/542 821/1032/708 823/1033/506 
f 823/1033/506 821/1032/708 820/1034/502 824/1035/593 
f 824/1035/593 820/1034/502 826/1036/512 825/981/510 
f 851/1029/540 845/1028/534 847/1037/536 849/1038/538 
f 859/1039/721 860/648/561 861/948/562 862/1040/722 
s 2
f 862/1040/564 861/948/565 863/950/565 864/1041/564 
s 4
f 864/1041/566 863/950/567 865/952/567 866/1042/566 
s 2
f 866/1042/568 865/952/569 867/954/569 868/1043/568 
s 4
f 868/1043/570 867/954/571 869/956/571 870/1044/570 
s 1
f 870/1044/572 869/956/573 871/958/574 872/1045/723 
s 2
f 870/1044/576 872/1045/577 873/1046/578 874/1047/579 
s 8
f 870/1044/491 874/1047/491 875/1048/492 868/1043/492 
s 1
f 868/1043/493 875/1048/493 876/1049/494 866/1042/493 
s 8
f 866/1042/495 876/1049/495 877/1050/495 864/1041/495 
s 16
f 864/1041/496 877/1050/496 878/1051/496 862/1040/496 
s 4
f 862/1040/581 878/1051/582 879/1052/583 859/1039/584 
s 32
f 879/1052/585 878/1051/586 880/1053/587 881/1054/588 
f 874/1047/589 873/1046/590 882/1055/591 883/1056/592 
f 874/1047/589 883/1056/592 884/1057/593 875/1048/509 
f 875/1048/509 884/1057/593 885/1058/510 876/1049/511 
f 876/1049/511 885/1058/510 886/1059/512 877/1050/513 
f 877/1050/513 886/1059/512 880/1053/587 878/1051/586 
s 1
f 887/1167/724 888/1061/725 889/1062/726 
f 889/1062/726 888/1061/725 890/1063/597 
f 889/1062/726 890/1063/597 891/1064/727 
f 891/1064/727 890/1063/597 892/1004/599 893/647/600 
f 890/1063/597 888/1061/725 894/1065/601 895/1066/602 
f 895/1066/602 894/1065/601 896/1067/603 897/1068/604 
f 897/1068/604 896/1067/603 898/1069/605 899/1070/728 
f 899/1070/728 898/1069/605 900/1071/729 901/1072/730 
f 901/1072/730 900/1071/729 902/1073/731 
f 902/1073/731 900/1071/729 903/1074/610 
f 902/1073/731 904/1075/732 901/1072/730 
f 901/1072/730 904/1075/732 905/997/733 906/998/613 
s 4
f 901/1072/614 906/998/615 907/999/616 899/1070/734 
s 2
f 899/1070/619 907/999/735 908/1001/735 897/1068/619 
s 4
f 897/1068/620 908/1001/621 909/1002/621 895/1066/736 
s 2
f 895/1066/737 909/1002/624 892/1004/624 890/1063/737 
s 1
f 893/974/600 860/1076/561 910/1077/738 911/977/739 
s 2
f 911/977/630 910/1077/629 912/1078/629 913/979/630 
s 4
f 913/979/631 912/1078/632 914/1079/632 915/981/631 
s 2
f 915/981/633 914/1079/634 916/1080/634 917/983/740 
s 4
f 917/983/741 916/1080/636 918/1081/636 919/985/742 
s 1
f 919/985/743 918/1081/638 871/1082/574 905/675/733 
f 905/674/733 904/1083/732 920/1084/744 919/984/743 
s 4
f 919/984/742 920/1084/745 921/1085/746 917/1086/741 
s 2
f 917/1086/740 921/1085/747 922/1087/641 915/980/633 
s 4
f 915/980/631 922/1087/748 923/1088/642 913/1089/631 
s 2
f 913/1089/630 923/1088/643 924/1090/643 911/976/630 
s 1
f 911/976/739 924/1090/645 891/1091/727 893/975/600 
f 891/1091/727 924/1090/645 889/1092/726 
f 889/1092/726 924/1090/645 925/1093/646 
f 889/1092/726 925/1093/646 887/1094/724 
f 904/1083/732 902/1095/731 920/1084/744 
f 920/1084/744 902/1095/731 926/1096/749 
f 920/1084/744 926/1096/749 927/1097/648 921/1085/750 
f 921/1085/750 927/1097/648 928/1098/650 922/1087/651 
f 922/1087/651 928/1098/650 929/1099/652 923/1088/751 
f 923/1088/751 929/1099/652 925/1093/646 924/1090/645 
f 902/1095/731 903/1168/610 926/1096/749 
s 32
f 930/1028/654 931/1029/540 932/1030/752 882/1031/591 
f 882/1031/591 932/1030/752 881/1032/588 883/1033/592 
f 883/1033/592 881/1032/588 880/1034/587 884/1035/593 
f 884/1035/593 880/1034/587 886/1036/512 885/981/510 
f 931/1029/540 930/1028/654 933/1037/536 934/1038/538 
f 882/1101/591 873/1102/590 935/1103/753 930/1104/654 
f 930/1104/654 935/1103/753 936/1105/535 933/1106/536 
f 933/1106/536 936/1105/535 937/1107/537 934/1108/538 
f 934/1108/538 937/1107/537 938/1109/539 931/1110/540 
f 931/1110/540 938/1109/539 939/1111/657 932/1112/752 
f 932/1112/752 939/1111/657 879/1113/585 881/1114/588 
s 8
f 879/1113/658 939/1111/659 940/1115/660 859/1116/661 
s 1
f 859/1116/721 940/1115/754 910/977/738 860/974/561 
s 2
f 910/977/629 940/1115/663 941/1117/663 912/979/629 
s 4
f 912/979/632 941/1117/664 942/1118/664 914/981/632 
s 2
f 914/981/634 942/1118/665 943/1119/665 916/983/634 
s 4
f 916/983/636 943/1119/666 944/1120/666 918/985/636 
s 1
f 918/985/638 944/1120/667 872/1121/723 871/675/574 
s 8
f 872/1121/668 944/1120/669 935/1103/670 873/1102/671 
s 16
f 936/1105/548 935/1103/548 944/1120/548 943/1119/548 
s 1
f 937/1107/549 936/1105/549 943/1119/549 942/1118/549 
s 8
f 938/1109/550 937/1107/755 942/1118/550 941/1117/550 
s 16
f 939/1111/552 938/1109/551 941/1117/551 940/1115/552 
s 1
f 905/958/733 871/1122/574 869/1123/573 906/956/613 
s 4
f 906/956/615 869/1123/571 867/1124/571 907/1000/616 
s 2
f 907/1000/735 867/1124/569 865/1125/569 908/952/735 
s 4
f 908/952/621 865/1125/567 863/1126/567 909/1003/621 
s 2
f 909/1003/624 863/1126/565 861/1127/565 892/948/624 
s 1
f 892/948/599 861/1127/562 860/1128/561 893/648/600 
f 945/1129/672 946/1130/673 947/1131/674 948/1169/675 
f 948/1169/675 947/1131/674 949/1133/676 950/1134/677 
f 950/1134/677 903/997/610 900/998/729 948/1169/675 
f 948/1169/675 900/998/729 951/1135/678 
f 951/1135/678 900/998/729 898/999/605 952/1136/679 
f 952/1136/679 898/999/605 896/1001/603 953/1137/680 
f 953/1137/680 896/1001/603 894/1138/601 954/1139/681 
f 953/1137/680 954/1139/681 955/1140/682 956/1141/683 
f 955/1140/682 954/1139/681 957/1142/684 958/1143/685 
f 958/1143/685 957/1142/684 959/1144/686 960/1145/687 
f 960/1145/687 959/1144/686 961/1146/688 
f 961/1146/688 959/1144/686 888/1004/725 887/647/724 
f 888/1004/725 959/1144/686 957/1142/684 
f 888/1004/725 957/1142/684 954/1139/681 894/1138/601 
f 953/1137/680 956/1141/683 962/1147/689 952/1136/679 
f 952/1136/679 962/1147/689 945/1129/672 951/1135/678 
f 951/1135/678 945/1129/672 948/1169/675 
f 947/1148/674 946/1149/673 963/1150/690 949/1151/676 
f 949/1151/676 963/1150/690 964/1152/691 
f 964/1152/691 963/1150/690 965/1153/692 966/1154/693 
f 966/1154/693 965/1153/692 967/1155/694 968/1156/695 
f 968/1156/695 967/1155/694 969/1157/696 970/1158/697 
f 968/1156/695 970/1158/697 929/1089/652 928/980/650 
f 929/1089/652 970/1158/697 971/1159/698 925/976/646 
f 925/976/646 971/1159/698 972/1160/699 
f 925/976/646 972/1160/699 961/1161/688 887/975/724 
f 961/1161/688 972/1160/699 960/1162/687 
f 960/1162/687 972/1160/699 971/1159/698 973/1163/700 
f 973/1163/700 971/1159/698 970/1158/697 969/1157/696 
f 968/1156/695 928/980/650 927/982/648 966/1154/693 
f 966/1154/693 927/982/648 926/984/749 964/1152/691 
f 964/1152/691 926/984/749 949/1151/676 
f 949/1151/676 926/984/749 903/674/610 950/1164/677 
f 973/986/700 965/987/692 963/988/690 960/989/687 
f 960/989/687 963/988/690 946/990/673 958/991/685 
f 958/991/685 946/990/673 945/992/672 955/993/682 
f 955/993/682 945/992/672 962/994/689 956/995/683 
f 965/987/692 973/986/700 969/996/696 967/980/694 
f 974/641/201 975/642/201 976/643/201 977/644/201 
s 2
f 976/643/202 975/642/202 978/645/202 979/646/202 
s 1
f 979/646/203 978/645/203 980/647/203 981/648/203 
s 2
f 977/648/204 982/649/204 983/650/204 974/647/204 
f 981/649/205 980/650/205 984/651/205 985/652/205 
s 1
f 985/652/206 984/651/206 986/653/206 987/654/206 
s 2
f 987/654/207 986/653/207 988/647/207 989/648/207 
s 4
f 977/648/208 976/655/208 979/656/208 982/647/208 
f 982/647/208 979/656/208 981/657/208 990/650/208 
f 990/650/208 981/657/208 985/658/208 987/659/208 
f 987/659/208 989/649/208 990/650/208 
s 1
f 982/648/209 990/649/209 991/650/209 983/647/209 
s 4
f 988/648/210 986/655/210 984/656/210 991/647/210 
f 991/647/210 984/656/210 980/657/210 983/650/210 
f 983/650/210 980/657/210 978/658/210 975/659/210 
f 975/659/210 974/649/210 983/650/210 
s 8
f 988/660/211 991/647/211 990/648/211 989/661/211 
s 1
f 992/647/212 993/648/212 994/662/212 995/663/212 
s 2
f 995/663/213 994/662/213 996/664/213 997/665/213 
s 1
f 997/665/214 996/664/214 998/666/214 999/667/214 
s 2
f 999/667/215 998/666/215 1000/668/215 1001/669/215 
s 1
f 1001/669/216 1000/668/216 1002/670/216 1003/671/216 
s 2
f 1003/671/217 1002/670/217 1004/672/217 1005/673/217 
s 1
f 1005/674/218 1004/675/218 1006/670/218 1007/671/218 
s 2
f 1007/671/219 1006/670/219 1008/676/219 1009/677/219 
s 1
f 1009/677/220 1008/676/220 981/678/220 980/679/220 
s 2
f 980/679/221 981/678/221 1010/680/221 1011/681/221 
s 1
f 1011/681/222 1010/680/222 1012/662/222 1013/663/222 
s 2
f 1013/663/223 1012/662/223 993/649/223 992/650/223 
s 4
f 1007/682/210 1011/683/210 1013/684/210 1005/685/210 
f 1005/685/210 1013/684/210 992/686/210 1003/687/210 
f 1003/687/210 992/686/210 995/688/210 1001/689/210 
f 1001/689/210 995/688/210 997/690/210 999/678/210 
f 1011/683/210 1007/682/210 1009/691/210 980/679/210 
f 1002/688/208 996/689/208 994/687/208 1004/686/208 
f 1004/686/208 994/687/208 993/685/208 1006/684/208 
f 1006/684/208 993/685/208 1012/682/208 1008/683/208 
f 1008/683/208 1012/682/208 1010/691/208 981/679/208 
f 996/689/208 1002/688/208 1000/690/208 998/678/208 
s 1
f 1014/641/201 1015/642/201 1016/643/201 1017/644/201 
s 2
f 1016/643/202 1015/642/202 1018/645/202 1019/646/202 
s 1
f 1019/646/203 1018/645/203 1020/647/203 1021/648/203 
s 2
f 1017/648/204 1022/649/204 1023/650/204 1014/647/204 
f 1021/649/205 1020/650/205 1024/651/205 1025/652/205 
s 1
f 1025/652/206 1024/651/206 1026/653/206 1027/654/206 
s 2
f 1027/654/207 1026/653/207 1028/647/207 1029/648/207 
s 4
f 1017/648/208 1016/655/208 1019/656/208 1022/647/208 
f 1022/647/208 1019/656/208 1021/657/208 1030/650/208 
f 1030/650/208 1021/657/208 1025/658/208 1027/659/208 
f 1027/659/208 1029/649/208 1030/650/208 
s 1
f 1022/648/209 1030/649/209 1031/650/209 1023/647/209 
s 4
f 1028/648/210 1026/655/210 1024/656/210 1031/647/210 
f 1031/647/210 1024/656/210 1020/657/210 1023/650/210 
f 1023/650/210 1020/657/210 1018/658/210 1015/659/210 
f 1015/659/210 1014/649/210 1023/650/210 
s 8
f 1028/660/211 1031/647/211 1030/648/211 1029/661/211 
s 1
f 1032/647/212 1033/648/212 1034/662/212 1035/663/212 
s 2
f 1035/663/213 1034/662/213 1036/664/213 1037/665/213 
s 1
f 1037/665/214 1036/664/214 1038/666/214 1039/667/214 
s 2
f 1039/667/215 1038/666/215 1040/668/215 1041/669/215 
s 1
f 1041/669/216 1040/668/216 1042/670/216 1043/671/216 
s 2
f 1043/671/217 1042/670/217 1044/672/217 1045/673/217 
s 1
f 1045/674/218 1044/675/218 1046/670/218 1047/671/218 
s 2
f 1047/671/219 1046/670/219 1048/676/219 1049/677/219 
s 1
f 1049/677/220 1048/676/220 1021/678/220 1020/679/220 
s 2
f 1020/679/221 1021/678/221 1050/680/221 1051/681/221 
s 1
f 1051/681/222 1050/680/222 1052/662/222 1053/663/222 
s 2
f 1053/663/223 1052/662/223 1033/649/223 1032/650/223 
s 4
f 1047/682/210 1051/683/210 1053/684/210 1045/685/210 
f 1045/685/210 1053/684/210 1032/686/210 1043/687/210 
f 1043/687/210 1032/686/210 1035/688/210 1041/689/210 
f 1041/689/210 1035/688/210 1037/690/210 1039/678/210 
f 1051/683/210 1047/682/210 1049/691/210 1020/679/210 
f 1042/688/208 1036/689/208 1034/687/208 1044/686/208 
f 1044/686/208 1034/687/208 1033/685/208 1046/684/208 
f 1046/684/208 1033/685/208 1052/682/208 1048/683/208 
f 1048/683/208 1052/682/208 1050/691/208 1021/679/208 
f 1036/689/208 1042/688/208 1040/690/208 1038/678/208 
s 1
f 1054/650/224 1055/692/224 1056/693/224 1057/649/224 
s 2
f 1056/693/225 1055/692/225 1058/645/225 1059/646/225 
s 1
f 1059/646/226 1058/645/226 1060/647/226 1061/648/226 
f 1062/650/227 1063/647/227 1064/648/227 1065/649/227 
s 4
f 1054/650/210 1066/647/210 1067/694/210 1055/695/210 
f 1055/695/210 1067/694/210 1068/696/210 1058/697/210 
f 1058/697/210 1068/696/210 1069/698/210 1060/699/210 
f 1060/699/210 1069/698/210 1070/700/210 1071/701/210 
f 1071/701/210 1070/700/210 1063/648/210 1072/702/210 
f 1072/702/210 1063/648/210 1062/649/210 
s 2
f 1061/649/228 1060/650/228 1071/703/228 1073/704/228 
s 1
f 1073/704/229 1071/703/229 1072/705/229 1074/706/229 
s 2
f 1074/706/230 1072/705/230 1062/674/230 1065/675/230 
s 4
f 1057/647/208 1056/707/208 1075/708/208 1076/650/208 
f 1075/708/208 1056/707/208 1059/709/208 1077/710/208 
f 1077/710/208 1059/709/208 1061/711/208 1078/712/208 
f 1078/712/208 1061/711/208 1073/713/208 1079/714/208 
f 1079/714/208 1073/713/208 1074/715/208 1064/649/208 
f 1064/649/208 1074/715/208 1065/648/208 
s 2
f 1063/673/231 1070/716/231 1079/717/231 1064/672/231 
s 1
f 1079/717/232 1070/716/232 1069/718/232 1078/719/232 
s 2
f 1078/719/211 1069/718/211 1068/720/211 1077/721/211 
s 1
f 1077/721/233 1068/720/233 1067/722/233 1075/723/233 
s 2
f 1075/723/234 1067/722/234 1066/647/234 1076/648/234 
s 8
f 1054/647/209 1057/648/209 1076/649/209 1066/650/209 
s 1
f 1080/647/221 1081/648/221 1082/662/221 1083/663/221 
s 2
f 1083/663/222 1082/662/222 1084/676/222 1085/677/222 
s 1
f 1085/677/223 1084/676/223 1061/678/223 1060/679/223 
s 2
f 1060/679/212 1061/678/212 1086/668/212 1087/669/212 
s 1
f 1087/669/213 1086/668/213 1088/670/213 1089/671/213 
s 2
f 1089/671/214 1088/670/214 1090/672/214 1091/673/214 
s 1
f 1091/674/215 1090/675/215 1092/670/215 1093/671/215 
s 2
f 1093/671/216 1092/670/216 1094/664/216 1095/665/216 
s 1
f 1095/665/217 1094/664/217 1096/666/217 1097/667/217 
s 2
f 1097/667/218 1096/666/218 1098/680/218 1099/681/218 
s 1
f 1099/681/219 1098/680/219 1100/662/219 1101/663/219 
s 2
f 1101/663/220 1100/662/220 1081/649/220 1080/650/220 
s 4
f 1093/689/210 1099/682/210 1101/691/210 1091/678/210 
f 1091/678/210 1101/691/210 1080/679/210 1089/690/210 
f 1089/690/210 1080/679/210 1083/683/210 1087/688/210 
f 1087/688/210 1083/683/210 1085/684/210 1060/686/210 
f 1099/682/210 1093/689/210 1095/687/210 1097/685/210 
f 1088/689/208 1084/682/208 1082/691/208 1090/678/208 
f 1090/678/208 1082/691/208 1081/679/208 1092/690/208 
f 1092/690/208 1081/679/208 1100/683/208 1094/688/208 
f 1094/688/208 1100/683/208 1098/684/208 1096/686/208 
f 1084/682/208 1088/689/208 1086/687/208 1061/685/208 
s 1
f 1102/649/220 1103/650/220 1104/663/220 1105/662/220 
s 2
f 1105/662/219 1104/663/219 1106/1170/219 1107/1171/219 
s 1
f 1107/1171/218 1106/1170/218 1108/667/218 1109/666/218 
s 2
f 1109/666/217 1108/667/217 1110/1172/217 1111/1173/217 
s 1
f 1111/1173/216 1110/1172/216 1112/671/216 1113/670/216 
s 2
f 1113/670/215 1112/671/215 1114/674/215 1115/675/215 
s 1
f 1115/672/214 1114/673/214 1116/671/214 1117/670/214 
s 2
f 1117/670/213 1116/671/213 1118/1174/213 1119/1175/213 
s 1
f 1119/1175/212 1118/1174/212 1120/679/212 1121/678/212 
s 2
f 1121/678/223 1120/679/223 1122/1176/223 1123/1177/223 
s 1
f 1123/1177/222 1122/1176/222 1124/663/222 1125/662/222 
s 2
f 1125/662/221 1124/663/221 1103/647/221 1102/648/221 
s 4
f 1117/689/208 1123/682/208 1125/691/208 1115/678/208 
f 1115/678/208 1125/691/208 1102/679/208 1113/690/208 
f 1113/690/208 1102/679/208 1105/683/208 1111/688/208 
f 1111/688/208 1105/683/208 1107/684/208 1109/686/208 
f 1123/682/208 1117/689/208 1119/687/208 1121/685/208 
f 1112/689/210 1106/682/210 1104/691/210 1114/678/210 
f 1114/678/210 1104/691/210 1103/679/210 1116/690/210 
f 1116/690/210 1103/679/210 1124/683/210 1118/688/210 
f 1118/688/210 1124/683/210 1122/684/210 1120/686/210 
f 1106/682/210 1112/689/210 1110/687/210 1108/685/210 
s 1
f 1126/641/201 1127/642/201 1128/643/201 1129/644/201 
s 2
f 1128/643/202 1127/642/202 1130/645/202 1131/646/202 
s 1
f 1131/646/203 1130/645/203 1132/647/203 1133/648/203 
s 2
f 1129/648/204 1134/649/204 1135/650/204 1126/647/204 
f 1133/649/205 1132/650/205 1136/651/205 1137/652/205 
s 1
f 1137/652/206 1136/651/206 1138/653/206 1139/654/206 
s 2
f 1139/654/207 1138/653/207 1140/647/207 1141/648/207 
s 4
f 1129/648/208 1128/655/756 1131/656/757 1134/647/756 
f 1134/647/756 1131/656/757 1133/657/756 1142/650/756 
f 1142/650/756 1133/657/756 1137/658/756 1139/659/757 
f 1139/659/757 1141/649/758 1142/650/756 
s 1
f 1134/648/209 1142/649/209 1143/650/209 1135/647/209 
s 4
f 1140/648/210 1138/655/210 1136/656/759 1143/647/210 
f 1143/647/210 1136/656/759 1132/657/210 1135/650/210 
f 1135/650/210 1132/657/210 1130/658/210 1127/659/759 
f 1127/659/759 1126/649/759 1135/650/210 
s 8
f 1140/660/211 1143/647/211 1142/648/211 1141/661/211 
s 1
f 1144/647/212 1145/648/212 1146/662/212 1147/663/212 
s 2
f 1147/663/213 1146/662/213 1148/664/213 1149/665/213 
s 1
f 1149/665/214 1148/664/214 1150/666/214 1151/667/214 
s 2
f 1151/667/215 1150/666/215 1152/668/215 1153/669/215 
s 1
f 1153/669/216 1152/668/216 1154/670/216 1155/671/216 
s 2
f 1155/671/217 1154/670/217 1156/672/217 1157/673/217 
s 1
f 1157/674/218 1156/675/218 1158/670/218 1159/671/218 
s 2
f 1159/671/219 1158/670/219 1160/676/219 1161/677/219 
s 1
f 1161/677/220 1160/676/220 1162/678/220 1163/679/220 
s 2
f 1163/679/221 1162/678/221 1164/680/221 1165/681/221 
s 1
f 1165/681/222 1164/680/222 1166/662/222 1167/663/222 
s 2
f 1167/663/223 1166/662/223 1145/649/223 1144/650/223 
s 4
f 1159/682/760 1165/683/210 1167/684/760 1157/685/210 
f 1157/685/210 1167/684/760 1144/686/760 1155/687/210 
f 1155/687/210 1144/686/760 1147/688/210 1153/689/210 
f 1153/689/210 1147/688/210 1149/690/210 1151/678/210 
f 1165/683/210 1159/682/760 1161/691/210 1163/679/210 
f 1154/688/756 1148/689/208 1146/687/756 1156/686/208 
f 1156/686/208 1146/687/756 1145/685/756 1158/684/208 
f 1158/684/208 1145/685/756 1166/682/208 1160/683/208 
f 1160/683/208 1166/682/208 1164/691/208 1162/679/208 
f 1148/689/208 1154/688/756 1152/690/208 1150/678/208 
s 1
f 1168/647/212 1169/648/212 1170/662/212 1171/663/212 
s 2
f 1171/663/213 1170/662/213 1172/664/213 1173/665/213 
s 1
f 1173/665/214 1172/664/214 1174/666/214 1175/667/214 
s 2
f 1175/667/215 1174/666/215 1176/668/215 1177/669/215 
s 1
f 1177/669/216 1176/668/216 1178/670/216 1179/671/216 
s 2
f 1179/671/217 1178/670/217 1180/672/217 1181/673/217 
s 1
f 1181/674/218 1180/675/218 1182/670/218 1183/671/218 
s 2
f 1183/671/219 1182/670/219 1184/676/219 1185/677/219 
s 1
f 1185/677/220 1184/676/220 1186/678/220 1187/679/220 
s 2
f 1187/679/221 1186/678/221 1188/680/221 1189/681/221 
s 1
f 1189/681/222 1188/680/222 1190/662/222 1191/663/222 
s 2
f 1191/663/223 1190/662/223 1169/649/223 1168/650/223 
s 4
f 1183/682/760 1189/683/210 1191/684/760 1181/685/210 
f 1181/685/210 1191/684/760 1168/686/760 1179/687/210 
f 1179/687/210 1168/686/760 1171/688/210 1177/689/210 
f 1177/689/210 1171/688/210 1173/690/210 1175/678/210 
f 1189/683/210 1183/682/760 1185/691/210 1187/679/210 
f 1178/688/756 1172/689/208 1170/687/756 1180/686/208 
f 1180/686/208 1170/687/756 1169/685/756 1182/684/208 
f 1182/684/208 1169/685/756 1190/682/208 1184/683/208 
f 1184/683/208 1190/682/208 1188/691/208 1186/679/208 
f 1172/689/208 1178/688/756 1176/690/208 1174/678/208 
s 1
f 1192/641/201 1193/642/201 1194/643/201 1195/644/201 
s 2
f 1194/643/202 1193/642/202 1196/645/202 1197/646/202 
s 1
f 1197/646/203 1196/645/203 1198/647/203 1199/648/203 
s 2
f 1195/648/204 1200/649/204 1201/650/204 1192/647/204 
f 1199/649/205 1198/650/205 1202/651/205 1203/652/205 
s 1
f 1203/652/206 1202/651/206 1204/653/206 1205/654/206 
s 2
f 1205/654/207 1204/653/207 1206/647/207 1207/648/207 
s 4
f 1195/648/208 1194/655/756 1197/656/757 1200/647/756 
f 1200/647/756 1197/656/757 1199/657/756 1208/650/756 
f 1208/650/756 1199/657/756 1203/658/756 1205/659/757 
f 1205/659/757 1207/649/758 1208/650/756 
s 1
f 1200/648/209 1208/649/209 1209/650/209 1201/647/209 
s 4
f 1206/648/210 1204/655/210 1202/656/759 1209/647/210 
f 1209/647/210 1202/656/759 1198/657/210 1201/650/210 
f 1201/650/210 1198/657/210 1196/658/210 1193/659/759 
f 1193/659/759 1192/649/759 1201/650/210 
s 8
f 1206/660/211 1209/647/211 1208/648/211 1207/661/211 
s 1
f 1210/650/224 1211/692/224 1212/693/224 1213/649/224 
s 2
f 1212/693/225 1211/692/225 1214/645/225 1215/646/225 
s 1
f 1215/646/226 1214/645/226 1216/647/226 1217/648/226 
f 1218/650/227 1219/647/227 1220/648/227 1221/649/227 
s 4
f 1210/650/210 1222/647/210 1223/694/210 1211/695/210 
f 1211/695/210 1223/694/210 1224/696/761 1214/697/761 
f 1214/697/761 1224/696/761 1225/698/759 1216/699/759 
f 1216/699/759 1225/698/759 1226/700/760 1227/701/759 
f 1227/701/759 1226/700/760 1219/648/760 1228/702/760 
f 1228/702/760 1219/648/760 1218/649/760 
s 2
f 1217/649/228 1216/650/228 1227/703/228 1229/704/228 
s 1
f 1229/704/229 1227/703/229 1228/705/229 1230/706/229 
s 2
f 1230/706/230 1228/705/230 1218/674/230 1221/675/230 
s 4
f 1213/647/756 1212/707/757 1231/708/757 1232/650/757 
f 1231/708/757 1212/707/757 1215/709/208 1233/710/208 
f 1233/710/208 1215/709/208 1217/711/208 1234/712/756 
f 1234/712/756 1217/711/208 1229/713/756 1235/714/758 
f 1235/714/758 1229/713/756 1230/715/758 1220/649/758 
f 1220/649/758 1230/715/758 1221/648/208 
s 2
f 1219/673/231 1226/716/231 1235/717/231 1220/672/231 
s 1
f 1235/717/232 1226/716/232 1225/718/232 1234/719/232 
s 2
f 1234/719/211 1225/718/211 1224/720/211 1233/721/211 
s 1
f 1233/721/233 1224/720/233 1223/722/233 1231/723/233 
s 2
f 1231/723/234 1223/722/234 1222/647/234 1232/648/234 
s 8
f 1210/647/209 1213/648/209 1232/649/209 1222/650/209 
s 1
f 1236/647/221 1237/648/221 1238/662/221 1239/663/221 
s 2
f 1239/663/222 1238/662/222 1240/676/222 1241/677/222 
s 1
f 1241/677/223 1240/676/223 1242/678/223 1243/679/223 
s 2
f 1243/679/212 1242/678/212 1244/668/212 1245/669/212 
s 1
f 1245/669/213 1244/668/213 1246/670/213 1247/671/213 
s 2
f 1247/671/214 1246/670/214 1248/672/214 1249/673/214 
s 1
f 1249/674/215 1248/675/215 1250/670/215 1251/671/215 
s 2
f 1251/671/216 1250/670/216 1252/664/216 1253/665/216 
s 1
f 1253/665/217 1252/664/217 1254/666/217 1255/667/217 
s 2
f 1255/667/218 1254/666/218 1256/680/218 1257/681/218 
s 1
f 1257/681/219 1256/680/219 1258/662/219 1259/663/219 
s 2
f 1259/663/220 1258/662/220 1237/649/220 1236/650/220 
s 4
f 1251/689/210 1257/682/210 1259/691/210 1249/678/759 
f 1249/678/759 1259/691/210 1236/679/210 1247/690/759 
f 1247/690/759 1236/679/210 1239/683/759 1245/688/210 
f 1245/688/210 1239/683/759 1241/684/210 1243/686/210 
f 1257/682/210 1251/689/210 1253/687/210 1255/685/210 
f 1246/689/208 1240/682/208 1238/691/208 1248/678/758 
f 1248/678/758 1238/691/208 1237/679/208 1250/690/758 
f 1250/690/758 1237/679/208 1258/683/758 1252/688/208 
f 1252/688/208 1258/683/758 1256/684/208 1254/686/208 
f 1240/682/208 1246/689/208 1244/687/208 1242/685/208 
s 1
f 1260/649/220 1261/650/220 1262/663/220 1263/662/220 
s 2
f 1263/662/219 1262/663/219 1264/1170/219 1265/1171/219 
s 1
f 1265/1171/218 1264/1170/218 1266/667/218 1267/666/218 
s 2
f 1267/666/217 1266/667/217 1268/1172/217 1269/1173/217 
s 1
f 1269/1173/216 1268/1172/216 1270/671/216 1271/670/216 
s 2
f 1271/670/215 1270/671/215 1272/674/215 1273/675/215 
s 1
f 1273/672/214 1272/673/214 1274/671/214 1275/670/214 
s 2
f 1275/670/213 1274/671/213 1276/1174/213 1277/1175/213 
s 1
f 1277/1175/212 1276/1174/212 1278/679/212 1279/678/212 
s 2
f 1279/678/223 1278/679/223 1280/1176/223 1281/1177/223 
s 1
f 1281/1177/222 1280/1176/222 1282/663/222 1283/662/222 
s 2
f 1283/662/221 1282/663/221 1261/647/221 1260/648/221 
s 4
f 1275/689/208 1281/682/208 1283/691/208 1273/678/758 
f 1273/678/758 1283/691/208 1260/679/208 1271/690/758 
f 1271/690/758 1260/679/208 1263/683/758 1269/688/208 
f 1269/688/208 1263/683/758 1265/684/208 1267/686/208 
f 1281/682/208 1275/689/208 1277/687/208 1279/685/208 
f 1270/689/210 1264/682/210 1262/691/210 1272/678/759 
f 1272/678/759 1262/691/210 1261/679/210 1274/690/759 
f 1274/690/759 1261/679/210 1282/683/759 1276/688/210 
f 1276/688/210 1282/683/759 1280/684/210 1278/686/210 
f 1264/682/210 1270/689/210 1268/687/210 1266/685/210 
s 1
f 1284/1178/762 1285/1179/762 1286/1180/762 1287/1181/762 
s 2
f 1287/1181/763 1286/1180/763 1288/1182/763 1289/1183/763 
s 1
f 1289/1183/764 1288/1182/764 1290/1179/764 1291/1178/764 
s 2
f 1291/1178/765 1290/1179/765 1292/1184/765 1293/1185/765 
s 1
f 1293/1185/766 1292/1184/766 1294/1186/766 1295/1187/766 
s 2
f 1295/1187/767 1294/1186/767 1296/1188/767 1297/1189/767 
s 1
f 1297/1189/768 1296/1188/768 1298/1184/768 1299/1185/768 
s 2
f 1299/1185/769 1298/1184/769 1300/1186/769 1301/1187/769 
s 1
f 1301/1187/770 1300/1186/770 1302/1188/770 1303/1189/770 
s 2
f 1303/1189/771 1302/1188/771 1304/1180/771 1305/1181/771 
s 1
f 1305/1181/772 1304/1180/772 1306/1182/772 1307/1183/772 
s 2
f 1307/1183/773 1306/1182/773 1285/1179/773 1284/1178/773 
s 4
f 1289/1190/208 1295/1191/208 1297/1192/208 1287/1193/208 
f 1287/1193/208 1297/1192/208 1299/1194/208 1284/1195/208 
f 1284/1195/208 1299/1194/208 1301/1186/208 1307/1196/208 
f 1307/1196/208 1301/1186/208 1303/1197/208 1305/1198/208 
f 1295/1191/208 1289/1190/208 1291/1199/208 1293/1200/208 
f 1285/1201/210 1302/1202/210 1300/1203/210 1286/1204/210 
f 1286/1204/210 1300/1203/210 1298/1205/210 1288/1187/210 
f 1288/1187/210 1298/1205/210 1296/1206/210 1290/1207/210 
f 1290/1207/210 1296/1206/210 1294/1208/210 1292/1209/210 
f 1302/1202/210 1285/1201/210 1306/1210/210 1304/1211/210 
s 1
f 1308/1212/774 1309/1213/775 1310/1214/776 1311/1215/777 
f 1311/1215/777 1310/1214/776 1312/1216/778 1313/1217/779 
f 1313/1217/779 1312/1216/778 1314/1218/780 1315/1219/781 
f 1315/1219/781 1314/1218/780 1316/1220/782 1317/1221/783 
f 1316/1220/782 1314/1218/780 1312/1216/778 1318/1222/208 
f 1309/1223/775 1319/1224/784 1318/1225/208 1310/1226/776 
f 1320/650/785 1321/1227/786 1322/1228/787 1323/1229/788 
f 1323/1229/788 1322/1228/787 1316/1220/782 1318/1222/208 
f 1321/1227/786 1317/1221/783 1316/1220/782 1322/1228/787 
f 1310/1214/776 1318/1222/208 1312/1216/778 
f 1324/1230/789 1325/1231/790 1326/1232/791 1327/1233/792 
f 1327/1233/792 1326/1232/791 1328/1234/793 1329/1235/794 
f 1329/1235/794 1328/1234/793 1330/1236/795 
f 1325/1231/790 1324/1230/789 1331/1237/796 1332/1238/797 
f 1331/1237/796 1324/1230/789 1333/1239/798 1334/1240/799 
f 1331/1237/796 1334/1240/799 1335/1241/800 
f 1335/1241/800 1334/1240/799 1336/649/801 
f 1337/1242/802 1338/1243/803 1335/1241/800 
f 1335/1241/800 1338/1243/803 1331/1237/796 
f 1338/1243/803 1332/1238/797 1331/1237/796 
f 1332/1238/797 1328/1234/793 1326/1232/791 1325/1231/790 
f 1329/1235/794 1330/1236/795 1339/1244/804 1340/1245/805 
f 1340/1245/805 1339/1244/804 1341/1246/806 
f 1341/1246/806 1339/1244/804 1342/1247/807 
f 1343/1248/808 1344/1249/809 1341/1246/806 
f 1341/1246/806 1344/1249/809 1340/1245/805 
f 1344/1249/809 1345/1250/810 1346/1251/811 1340/1245/805 
f 1340/1245/805 1346/1251/811 1329/1235/794 
f 1346/1251/811 1327/1233/792 1329/1235/794 
s 2
f 1347/650/812 1348/1227/813 1349/1252/814 1350/1253/815 
s 1
f 1350/1253/816 1349/1252/817 1351/1254/818 
f 1351/1254/818 1349/1252/817 1352/1255/819 
f 1351/1254/818 1352/1255/819 1353/1256/820 1354/1257/821 
f 1353/1256/820 1352/1255/819 1355/1258/822 1356/1259/823 
f 1356/1259/823 1355/1258/822 1357/1260/824 1320/1261/785 
f 1320/1261/785 1357/1260/824 1358/1262/825 1321/1263/786 
f 1321/1263/786 1358/1262/825 1359/1264/826 1317/1265/783 
f 1317/1265/783 1359/1264/826 1360/1266/827 1315/1267/781 
f 1360/1266/827 1359/1264/826 1361/1268/828 
f 1360/1266/827 1361/1268/828 1362/1269/829 
s 2
f 1362/1269/830 1361/1268/831 1363/1215/832 1364/1212/833 
s 4
f 1349/1252/834 1348/1227/835 1365/1270/835 1366/1271/836 
s 1
f 1366/1271/837 1365/1270/838 1367/1272/839 1368/1273/837 
s 2
f 1368/1273/840 1367/1272/841 1369/1274/842 1370/1275/843 
s 4
f 1370/1275/844 1369/1274/845 1363/1215/846 1361/1268/847 
s 8
f 1355/1258/848 1352/1255/848 1349/1252/848 1366/1271/848 
s 16
f 1357/1260/849 1355/1258/849 1366/1271/849 1368/1273/849 
s 8
f 1358/1262/850 1357/1260/850 1368/1273/850 1370/1275/850 
s 16
f 1359/1264/851 1358/1262/851 1370/1275/851 1361/1268/851 
s 1
f 1334/1276/799 1371/1277/852 1372/1278/853 1336/1279/801 
f 1336/1279/801 1372/1278/853 1373/1280/854 1374/1281/855 
f 1374/1281/855 1373/1280/854 1375/1282/856 1376/1283/857 
f 1376/1283/857 1375/1282/856 1377/1284/858 
f 1377/1284/858 1375/1282/856 1378/1285/859 
f 1378/1285/859 1375/1282/856 1379/1286/860 
f 1378/1285/859 1379/1286/860 1380/1287/861 
s 2
f 1380/1287/862 1379/1286/863 1381/1288/864 1382/649/865 
f 1383/1248/866 1384/1289/867 1385/1290/868 1386/1291/869 
s 1
f 1386/1291/870 1385/1290/871 1387/1292/872 
f 1387/1292/872 1385/1290/871 1333/1293/798 
f 1387/1292/872 1333/1293/798 1327/1294/792 
f 1327/1294/792 1333/1293/798 1324/1295/789 
f 1334/1276/799 1333/1293/798 1371/1277/852 
s 8
f 1371/1277/873 1388/1296/873 1389/1297/873 1372/1278/873 
s 16
f 1372/1278/874 1389/1297/874 1390/1298/875 1373/1280/875 
s 8
f 1373/1280/876 1390/1298/876 1379/1286/877 1375/1282/877 
s 2
f 1388/1296/878 1391/1299/879 1392/1300/879 1389/1297/878 
s 1
f 1389/1297/880 1392/1300/881 1393/1301/881 1390/1298/882 
s 4
f 1390/1298/883 1393/1301/884 1381/1288/885 1379/1286/886 
s 16
f 1333/1293/887 1385/1290/887 1388/1296/888 1371/1277/888 
s 4
f 1385/1290/889 1384/1289/890 1391/1299/890 1388/1296/891 
s 2
f 1383/1212/866 1364/1302/833 1363/1303/832 1384/1215/867 
s 4
f 1384/1215/890 1363/1303/846 1369/1304/845 1391/1305/890 
s 2
f 1391/1305/879 1369/1304/842 1367/1306/841 1392/1272/879 
s 1
f 1392/1272/881 1367/1306/839 1365/1307/838 1393/1308/881 
s 4
f 1393/1308/884 1365/1307/835 1348/1309/835 1381/1227/885 
s 2
f 1381/1227/864 1348/1309/813 1347/1310/812 1382/650/865 
s 1
f 1337/1311/802 1335/1312/800 1394/1313/892 
f 1394/1313/892 1335/1312/800 1395/1314/893 
f 1394/1313/892 1395/1314/893 1396/1315/894 1397/1316/895 
f 1397/1316/895 1396/1315/894 1398/1317/896 1399/1318/897 
f 1399/1318/897 1398/1317/896 1377/1319/858 1400/1320/898 
f 1400/1320/898 1377/1319/858 1401/1321/899 
f 1336/1322/801 1374/1323/855 1335/1312/800 
f 1335/1312/800 1374/1323/855 1395/1314/893 
f 1374/1323/855 1376/1324/857 1395/1314/893 
f 1395/1314/893 1376/1324/857 1396/1315/894 
f 1376/1324/857 1377/1319/858 1398/1317/896 1396/1315/894 
f 1400/1320/898 1401/1321/899 1402/1325/900 1403/1326/901 
f 1402/1325/900 1401/1321/899 1404/1327/902 1405/1328/903 
f 1402/1325/900 1405/1328/903 1341/1329/806 
f 1341/1329/806 1405/1328/903 1343/672/808 
f 1342/1330/807 1406/1331/904 1341/1329/806 
f 1341/1329/806 1406/1331/904 1402/1325/900 
f 1406/1331/904 1403/1326/901 1402/1325/900 
f 1403/1326/901 1399/1318/897 1400/1320/898 
f 1342/1319/807 1339/1332/804 1403/1333/901 1406/1334/904 
f 1403/1333/901 1339/1332/804 1330/1335/795 1399/1336/897 
f 1399/1336/897 1330/1335/795 1328/1337/793 1397/1338/895 
f 1397/1338/895 1328/1337/793 1332/1339/797 1394/1340/892 
f 1394/1340/892 1332/1339/797 1338/1341/803 1337/1342/802 
f 1320/1343/785 1323/1344/788 1407/1345/905 1356/1346/823 
f 1356/1346/823 1407/1345/905 1408/1347/906 1353/1305/820 
f 1353/1305/820 1408/1347/906 1409/1348/907 1354/1272/821 
f 1354/1272/821 1409/1348/907 1410/1349/908 1411/1270/909 
f 1410/1349/908 1409/1348/907 1408/1347/906 1318/1225/208 
f 1323/1344/788 1318/1225/208 1408/1347/906 1407/1345/905 
f 1308/673/774 1412/1350/910 1319/1224/784 1309/1223/775 
f 1412/1350/910 1411/1270/909 1410/1349/908 1319/1224/784 
f 1319/1224/784 1410/1349/908 1318/1225/208 
s 4
f 1382/1343/911 1347/1351/912 1413/1352/913 1414/1346/914 
s 2
f 1414/1346/915 1413/1352/916 1415/1353/917 1416/1217/918 
s 1
f 1416/1217/919 1415/1353/920 1417/1354/920 1418/1219/919 
s 2
f 1418/1219/921 1417/1354/922 1419/1355/922 1420/1356/921 
s 4
f 1420/1356/923 1419/1355/924 1421/1357/924 1422/1350/925 
s 8
f 1422/1350/926 1421/1357/927 1364/1358/928 1383/673/929 
f 1422/1359/926 1383/672/929 1386/1360/930 1423/1361/931 
s 1
f 1423/1361/932 1386/1360/870 1387/1362/872 
f 1423/1361/932 1387/1362/872 1424/1363/933 
f 1424/1363/933 1387/1362/872 1327/1364/792 
f 1424/1363/933 1327/1364/792 1346/1365/811 
f 1424/1363/933 1346/1365/811 1345/1366/810 
f 1345/1366/810 1344/1367/809 1343/1368/808 1425/1369/934 
f 1425/1369/934 1343/1368/808 1405/1370/903 1426/1371/935 
f 1426/1371/935 1405/1370/903 1404/1372/902 
f 1404/1372/902 1401/1373/899 1377/1374/858 
f 1377/1374/858 1378/1375/859 1404/1372/902 
f 1404/1372/902 1378/1375/859 1427/1376/936 
s 8
f 1404/1372/937 1427/1376/937 1428/1377/938 1426/1371/938 
s 4
f 1426/1371/939 1428/1377/939 1429/1378/939 1425/1369/939 
s 8
f 1425/1369/940 1429/1378/940 1430/1379/941 1345/1366/941 
s 16
f 1345/1366/942 1430/1379/942 1423/1361/943 1424/1363/943 
s 1
f 1378/1375/859 1380/1380/861 1427/1376/936 
s 4
f 1427/1376/944 1380/1380/945 1382/1322/911 1414/1381/914 
s 2
f 1427/1376/946 1414/1381/915 1416/1382/918 1428/1377/947 
s 1
f 1428/1377/948 1416/1382/919 1418/1383/919 1429/1378/948 
s 2
f 1429/1378/949 1418/1383/921 1420/1384/921 1430/1379/950 
s 4
f 1430/1379/951 1420/1384/923 1422/1359/925 1423/1361/952 
s 1
f 1313/1385/779 1315/1386/781 1360/1387/827 1431/1388/953 
f 1431/1388/953 1360/1387/827 1432/1389/954 
f 1432/1389/954 1360/1387/827 1362/1390/829 
s 8
f 1432/1389/955 1362/1390/956 1364/673/928 1421/1350/927 
s 4
f 1432/1389/957 1421/1350/924 1419/1221/924 1433/1391/957 
s 2
f 1433/1391/958 1419/1221/922 1417/1219/922 1434/1392/958 
s 1
f 1434/1392/959 1417/1219/920 1415/1393/920 1435/1394/960 
s 2
f 1435/1394/961 1415/1393/917 1413/1346/916 1436/1395/962 
s 4
f 1436/1395/963 1413/1346/913 1347/1343/912 1350/1396/964 
s 1
f 1350/1396/816 1351/1397/818 1436/1395/965 
f 1436/1395/965 1351/1397/818 1437/1398/966 
s 8
f 1436/1395/967 1437/1398/967 1438/1399/967 1435/1394/967 
s 4
f 1435/1394/968 1438/1399/968 1439/1400/968 1434/1392/968 
s 8
f 1434/1392/969 1439/1400/969 1440/1401/969 1433/1391/969 
s 16
f 1433/1391/970 1440/1401/970 1431/1388/970 1432/1389/970 
s 1
f 1351/1397/818 1354/1402/821 1411/1403/909 1437/1398/966 
f 1437/1398/966 1411/1403/909 1412/1404/910 1438/1399/971 
f 1438/1399/971 1412/1404/910 1308/1405/774 1439/1400/972 
f 1439/1400/972 1308/1405/774 1311/1406/777 1440/1401/973 
f 1440/1401/973 1311/1406/777 1313/1385/779 1431/1388/953 
f 1441/1407/974 1442/1408/975 1443/1409/976 1444/1410/977 
f 1444/1410/977 1443/1409/976 1445/1411/978 1446/1412/979 
f 1446/1412/979 1445/1411/978 1447/1413/980 1448/1414/981 
f 1448/1414/981 1447/1413/980 1449/1415/982 1450/1416/983 
f 1449/1415/982 1447/1413/980 1445/1411/978 1451/1417/208 
f 1442/1418/975 1452/1419/984 1451/1420/208 1443/1421/976 
f 1453/1422/985 1454/1423/986 1455/1424/987 1456/1425/988 
f 1456/1425/988 1455/1424/987 1449/1415/982 1451/1417/208 
f 1454/1423/986 1450/1416/983 1449/1415/982 1455/1424/987 
f 1443/1409/976 1451/1417/208 1445/1411/978 
f 1457/1426/989 1458/1427/990 1459/1428/991 1460/1429/992 
f 1460/1429/992 1459/1428/991 1461/1430/993 1462/1431/994 
f 1462/1431/994 1461/1430/993 1463/1432/995 
f 1458/1427/990 1457/1426/989 1464/1433/996 1465/1434/997 
f 1464/1433/996 1457/1426/989 1466/1435/998 1467/1436/999 
f 1464/1433/996 1467/1436/999 1468/1437/1000 
f 1468/1437/1000 1467/1436/999 1469/1438/1001 
f 1470/1439/1002 1471/1440/1003 1468/1437/1000 
f 1468/1437/1000 1471/1440/1003 1464/1433/996 
f 1471/1440/1003 1465/1434/997 1464/1433/996 
f 1465/1434/997 1461/1430/993 1459/1428/991 1458/1427/990 
f 1462/1431/994 1463/1432/995 1472/1441/1004 1473/1442/1005 
f 1473/1442/1005 1472/1441/1004 1474/1443/1006 
f 1474/1443/1006 1472/1441/1004 1475/1444/1007 
f 1476/1445/1008 1477/1446/1009 1474/1443/1006 
f 1474/1443/1006 1477/1446/1009 1473/1442/1005 
f 1477/1446/1009 1478/1447/1010 1479/1448/1011 1473/1442/1005 
f 1473/1442/1005 1479/1448/1011 1462/1431/994 
f 1479/1448/1011 1460/1429/992 1462/1431/994 
s 2
f 1480/1422/1012 1481/1449/1013 1482/1450/1014 1483/1451/1015 
s 1
f 1483/1451/1016 1482/1450/1017 1484/1452/1018 
f 1484/1452/1018 1482/1450/1017 1485/1453/1019 
f 1484/1452/1018 1485/1453/1019 1486/1454/1020 1487/1455/1021 
f 1486/1454/1020 1485/1453/1019 1488/1456/1022 1489/1457/1023 
f 1489/1457/1023 1488/1456/1022 1490/1458/1024 1453/1459/985 
f 1453/1459/985 1490/1458/1024 1491/1460/1025 1454/1461/986 
f 1454/1461/986 1491/1460/1025 1492/1462/1026 1450/1463/983 
f 1450/1463/983 1492/1462/1026 1493/1464/1027 1448/1465/981 
f 1493/1464/1027 1492/1462/1026 1494/1466/1028 
f 1493/1464/1027 1494/1466/1028 1495/1467/1029 
s 2
f 1495/1467/1030 1494/1466/1031 1496/1410/1032 1497/1407/1033 
s 4
f 1482/1450/1034 1481/1449/1035 1498/1468/1036 1499/1469/1037 
s 1
f 1499/1469/1038 1498/1468/1039 1500/1470/1040 1501/1471/1038 
s 2
f 1501/1471/1041 1500/1470/1042 1502/1472/1042 1503/1473/1041 
s 4
f 1503/1473/1043 1502/1472/1044 1496/1410/1045 1494/1466/1043 
s 8
f 1488/1456/1046 1485/1453/1047 1482/1450/1047 1499/1469/1046 
s 16
f 1490/1458/1048 1488/1456/1048 1499/1469/1048 1501/1471/1048 
s 8
f 1491/1460/1049 1490/1458/1049 1501/1471/1049 1503/1473/1049 
s 16
f 1492/1462/1050 1491/1460/1050 1503/1473/1050 1494/1466/1050 
s 1
f 1467/1474/999 1504/1475/1051 1505/1476/1052 1469/1477/1001 
f 1469/1477/1001 1505/1476/1052 1506/1478/1053 1507/1479/1054 
f 1507/1479/1054 1506/1478/1053 1508/1480/1055 1509/1481/1056 
f 1509/1481/1056 1508/1480/1055 1510/1482/1057 
f 1510/1482/1057 1508/1480/1055 1511/1483/1058 
f 1511/1483/1058 1508/1480/1055 1512/1484/1059 
f 1511/1483/1058 1512/1484/1059 1513/1485/1060 
s 2
f 1513/1485/1061 1512/1484/1062 1514/1486/1063 1515/1438/1064 
f 1516/1445/1065 1517/1487/1066 1518/1488/1067 1519/1489/1068 
s 1
f 1519/1489/1069 1518/1488/1070 1520/1490/1071 
f 1520/1490/1071 1518/1488/1070 1466/1491/998 
f 1520/1490/1071 1466/1491/998 1460/1492/992 
f 1460/1492/992 1466/1491/998 1457/1493/989 
f 1467/1474/999 1466/1491/998 1504/1475/1051 
s 8
f 1504/1475/1072 1521/1494/1072 1522/1495/1073 1505/1476/1073 
s 16
f 1505/1476/1074 1522/1495/1074 1523/1496/1074 1506/1478/1074 
s 8
f 1506/1478/1075 1523/1496/1075 1512/1484/1075 1508/1480/1075 
s 2
f 1521/1494/1076 1524/1497/1077 1525/1498/1077 1522/1495/1078 
s 1
f 1522/1495/1079 1525/1498/1080 1526/1499/1080 1523/1496/1081 
s 4
f 1523/1496/1082 1526/1499/1083 1514/1486/1083 1512/1484/1082 
s 16
f 1466/1491/1084 1518/1488/1084 1521/1494/1085 1504/1475/1085 
s 4
f 1518/1488/1086 1517/1487/1087 1524/1497/1087 1521/1494/1088 
s 2
f 1516/1407/1065 1497/1500/1033 1496/1501/1032 1517/1410/1066 
s 4
f 1517/1410/1087 1496/1501/1045 1502/1502/1044 1524/1503/1087 
s 2
f 1524/1503/1077 1502/1502/1042 1500/1504/1042 1525/1470/1077 
s 1
f 1525/1470/1080 1500/1504/1040 1498/1505/1039 1526/1468/1080 
s 4
f 1526/1468/1083 1498/1505/1036 1481/1506/1035 1514/1507/1083 
s 2
f 1514/1507/1063 1481/1506/1013 1480/1508/1012 1515/1422/1064 
s 1
f 1470/1509/1002 1468/1510/1000 1527/1511/1089 
f 1527/1511/1089 1468/1510/1000 1528/1512/1090 
f 1527/1511/1089 1528/1512/1090 1529/1513/1091 1530/1514/1092 
f 1530/1514/1092 1529/1513/1091 1531/1515/1093 1532/1516/1094 
f 1532/1516/1094 1531/1515/1093 1510/1517/1057 1533/1518/1095 
f 1533/1518/1095 1510/1517/1057 1534/1519/1096 
f 1469/1520/1001 1507/1521/1054 1468/1510/1000 
f 1468/1510/1000 1507/1521/1054 1528/1512/1090 
f 1507/1521/1054 1509/1522/1056 1528/1512/1090 
f 1528/1512/1090 1509/1522/1056 1529/1513/1091 
f 1509/1522/1056 1510/1517/1057 1531/1515/1093 1529/1513/1091 
f 1533/1518/1095 1534/1519/1096 1535/1523/1097 1536/1524/1098 
f 1535/1523/1097 1534/1519/1096 1537/1525/1099 1538/1526/1100 
f 1535/1523/1097 1538/1526/1100 1474/1527/1006 
f 1474/1527/1006 1538/1526/1100 1476/1528/1008 
f 1475/1529/1007 1539/1530/1101 1474/1527/1006 
f 1474/1527/1006 1539/1530/1101 1535/1523/1097 
f 1539/1530/1101 1536/1524/1098 1535/1523/1097 
f 1536/1524/1098 1532/1516/1094 1533/1518/1095 
f 1475/1531/1007 1472/1532/1004 1536/1533/1098 1539/1534/1101 
f 1536/1533/1098 1472/1532/1004 1463/1535/995 1532/1536/1094 
f 1532/1536/1094 1463/1535/995 1461/1537/993 1530/1538/1092 
f 1530/1538/1092 1461/1537/993 1465/1539/997 1527/1540/1089 
f 1527/1540/1089 1465/1539/997 1471/1541/1003 1470/1542/1002 
f 1453/1543/985 1456/1544/988 1540/1545/1102 1489/1546/1023 
f 1489/1546/1023 1540/1545/1102 1541/1547/1103 1486/1503/1020 
f 1486/1503/1020 1541/1547/1103 1542/1548/1104 1487/1470/1021 
f 1487/1470/1021 1542/1548/1104 1543/1549/1105 1544/1468/1106 
f 1543/1549/1105 1542/1548/1104 1541/1547/1103 1451/1420/208 
f 1456/1544/988 1451/1420/208 1541/1547/1103 1540/1545/1102 
f 1441/1550/974 1545/1449/1107 1452/1419/984 1442/1418/975 
f 1545/1449/1107 1544/1468/1106 1543/1549/1105 1452/1419/984 
f 1452/1419/984 1543/1549/1105 1451/1420/208 
s 4
f 1515/1543/1108 1480/1551/1109 1546/1552/1110 1547/1546/1111 
s 2
f 1547/1546/1112 1546/1552/1113 1548/1553/1113 1549/1412/1112 
s 1
f 1549/1412/1114 1548/1553/1115 1550/1554/1115 1551/1414/1114 
s 2
f 1551/1414/1116 1550/1554/1117 1552/1555/1117 1553/1416/1116 
s 4
f 1553/1416/1118 1552/1555/1119 1554/1556/1119 1555/1557/1118 
s 8
f 1555/1557/1120 1554/1556/1121 1497/1558/1122 1516/1550/1123 
f 1555/1559/1120 1516/1528/1123 1519/1560/1124 1556/1561/1125 
s 1
f 1556/1561/1126 1519/1560/1069 1520/1562/1071 
f 1556/1561/1126 1520/1562/1071 1557/1563/1127 
f 1557/1563/1127 1520/1562/1071 1460/1564/992 
f 1557/1563/1127 1460/1564/992 1479/1565/1011 
f 1557/1563/1127 1479/1565/1011 1478/1566/1010 
f 1478/1566/1010 1477/1567/1009 1476/1568/1008 1558/1569/1128 
f 1558/1569/1128 1476/1568/1008 1538/1570/1100 1559/1571/1129 
f 1559/1571/1129 1538/1570/1100 1537/1572/1099 
f 1537/1572/1099 1534/1573/1096 1510/1574/1057 
f 1510/1574/1057 1511/1575/1058 1537/1572/1099 
f 1537/1572/1099 1511/1575/1058 1560/1576/1130 
s 8
f 1537/1572/1131 1560/1576/1131 1561/1577/1132 1559/1571/1132 
s 4
f 1559/1571/1133 1561/1577/1133 1562/1578/1133 1558/1569/1133 
s 8
f 1558/1569/1134 1562/1578/1134 1563/1579/1134 1478/1566/1134 
s 16
f 1478/1566/1135 1563/1579/1135 1556/1561/1135 1557/1563/1135 
s 1
f 1511/1575/1058 1513/1580/1060 1560/1576/1130 
s 4
f 1560/1576/1136 1513/1580/1137 1515/1520/1108 1547/1581/1111 
s 2
f 1560/1576/1138 1547/1581/1112 1549/1582/1112 1561/1577/1138 
s 1
f 1561/1577/1139 1549/1582/1114 1551/1583/1114 1562/1578/1139 
s 2
f 1562/1578/1140 1551/1583/1116 1553/1584/1116 1563/1579/1141 
s 4
f 1563/1579/1142 1553/1584/1118 1555/1559/1118 1556/1561/1142 
s 1
f 1446/1585/979 1448/1586/981 1493/1587/1027 1564/1588/1143 
f 1564/1588/1143 1493/1587/1027 1565/1589/1144 
f 1565/1589/1144 1493/1587/1027 1495/1590/1029 
s 8
f 1565/1589/1145 1495/1590/1146 1497/1550/1122 1554/1423/1121 
s 4
f 1565/1589/1147 1554/1423/1119 1552/1416/1119 1566/1591/1147 
s 2
f 1566/1591/1148 1552/1416/1117 1550/1414/1117 1567/1592/1148 
s 1
f 1567/1592/1149 1550/1414/1115 1548/1593/1115 1568/1594/1149 
s 2
f 1568/1594/1150 1548/1593/1113 1546/1546/1113 1569/1595/1150 
s 4
f 1569/1595/1151 1546/1546/1110 1480/1543/1109 1483/1596/1152 
s 1
f 1483/1596/1016 1484/1597/1018 1569/1595/1153 
f 1569/1595/1153 1484/1597/1018 1570/1598/1154 
s 8
f 1569/1595/1155 1570/1598/1155 1571/1599/1155 1568/1594/1155 
s 4
f 1568/1594/1156 1571/1599/1156 1572/1600/1157 1567/1592/1157 
s 8
f 1567/1592/1158 1572/1600/1158 1573/1601/1158 1566/1591/1158 
s 16
f 1566/1591/1159 1573/1601/1159 1564/1588/1159 1565/1589/1159 
s 1
f 1484/1597/1018 1487/1602/1021 1544/1603/1106 1570/1598/1154 
f 1570/1598/1154 1544/1603/1106 1545/1604/1107 1571/1599/1160 
f 1571/1599/1160 1545/1604/1107 1441/1605/974 1572/1600/1161 
f 1572/1600/1161 1441/1605/974 1444/1606/977 1573/1601/1162 
f 1573/1601/1162 1444/1606/977 1446/1585/979 1564/1588/1143 
f 1574/1607/1163 1575/1608/1164 1576/1609/1165 1577/1610/1166 
f 1577/1610/1166 1576/1609/1165 1578/1611/1167 1579/1612/1168 
f 1579/1612/1168 1578/1611/1167 1580/1613/1169 1581/1614/1170 
f 1581/1614/1170 1580/1613/1169 1582/1615/1171 1583/1616/1172 
f 1582/1615/1171 1580/1613/1169 1578/1611/1167 1584/1617/758 
f 1575/1608/1164 1585/1618/1173 1584/1617/758 1576/1609/1165 
f 1586/1619/1174 1587/1620/1175 1588/1621/1176 1589/1622/1177 
f 1589/1622/1177 1588/1621/1176 1582/1615/1171 1584/1617/758 
f 1587/1620/1175 1583/1616/1172 1582/1615/1171 1588/1621/1176 
f 1576/1609/1165 1584/1617/758 1578/1611/1167 
f 1590/1623/1178 1591/1624/1179 1592/1625/1180 1593/1626/1181 
f 1593/1626/1181 1592/1625/1180 1594/1627/1182 1595/1628/1183 
f 1595/1628/1183 1594/1627/1182 1596/1629/1184 
f 1591/1624/1179 1590/1623/1178 1597/1630/1185 1598/1631/1186 
f 1597/1630/1185 1590/1623/1178 1599/1632/1187 1600/1633/1188 
f 1597/1630/1185 1600/1633/1188 1601/1634/1189 
f 1601/1634/1189 1600/1633/1188 1602/1635/1190 
f 1603/1636/1191 1604/1637/1192 1601/1634/1189 
f 1601/1634/1189 1604/1637/1192 1597/1630/1185 
f 1604/1637/1192 1598/1631/1186 1597/1630/1185 
f 1598/1631/1186 1594/1627/1182 1592/1625/1180 1591/1624/1179 
f 1595/1628/1183 1596/1629/1184 1605/1638/1193 1606/1639/1194 
f 1606/1639/1194 1605/1638/1193 1607/1640/1195 
f 1607/1640/1195 1605/1638/1193 1608/1641/1196 
f 1609/1642/1197 1610/1643/1198 1607/1640/1195 
f 1607/1640/1195 1610/1643/1198 1606/1639/1194 
f 1610/1643/1198 1611/1644/1199 1612/1645/1200 1606/1639/1194 
f 1606/1639/1194 1612/1645/1200 1595/1628/1183 
f 1612/1645/1200 1593/1626/1181 1595/1628/1183 
s 2
f 1613/1619/1201 1614/1620/1202 1615/1646/1203 1616/1647/1204 
s 1
f 1616/1647/1205 1615/1646/1206 1617/1648/1207 
f 1617/1648/1207 1615/1646/1206 1618/1649/1208 
f 1617/1648/1207 1618/1649/1208 1619/1650/1209 1620/1651/1210 
f 1619/1650/1209 1618/1649/1208 1621/1652/1211 1622/1653/1212 
f 1622/1653/1212 1621/1652/1211 1623/1654/1213 1586/1655/1174 
f 1586/1655/1174 1623/1654/1213 1624/1656/1214 1587/1657/1175 
f 1587/1657/1175 1624/1656/1214 1625/1658/1215 1583/1659/1172 
f 1583/1659/1172 1625/1658/1215 1626/1660/1216 1581/1661/1170 
f 1626/1660/1216 1625/1658/1215 1627/1662/1217 
f 1626/1660/1216 1627/1662/1217 1628/1663/1218 
s 2
f 1628/1663/1219 1627/1662/1220 1629/1664/1221 1630/1665/1222 
s 4
f 1615/1646/1223 1614/1620/1224 1631/1616/1224 1632/1666/1223 
s 1
f 1632/1666/1225 1631/1616/1226 1633/1667/1227 1634/1668/1228 
s 2
f 1634/1668/1229 1633/1667/1230 1635/1669/1230 1636/1670/1229 
s 4
f 1636/1670/1231 1635/1669/1232 1629/1664/1232 1627/1662/1231 
s 8
f 1621/1652/1233 1618/1649/1233 1615/1646/1233 1632/1666/1233 
s 16
f 1623/1654/1234 1621/1652/1234 1632/1666/1234 1634/1668/1234 
s 8
f 1624/1656/1235 1623/1654/1236 1634/1668/1236 1636/1670/1235 
s 16
f 1625/1658/1237 1624/1656/1237 1636/1670/1237 1627/1662/1237 
s 1
f 1600/1671/1188 1637/1672/1238 1638/1673/1239 1602/1674/1190 
f 1602/1674/1190 1638/1673/1239 1639/1675/1240 1640/1676/1241 
f 1640/1676/1241 1639/1675/1240 1641/1677/1242 1642/1678/1243 
f 1642/1678/1243 1641/1677/1242 1643/1679/1244 
f 1643/1679/1244 1641/1677/1242 1644/1680/1245 
f 1644/1680/1245 1641/1677/1242 1645/1681/1246 
f 1644/1680/1245 1645/1681/1246 1646/1682/1247 
s 2
f 1646/1682/1248 1645/1681/1249 1647/1683/1250 1648/1635/1251 
f 1649/1684/1252 1650/1685/1253 1651/1686/1254 1652/1687/1255 
s 1
f 1652/1687/1256 1651/1686/1257 1653/1688/1258 
f 1653/1688/1258 1651/1686/1257 1599/1689/1187 
f 1653/1688/1258 1599/1689/1187 1593/1690/1181 
f 1593/1690/1181 1599/1689/1187 1590/1691/1178 
f 1600/1671/1188 1599/1689/1187 1637/1672/1238 
s 8
f 1637/1672/1259 1654/1692/1259 1655/1693/1260 1638/1673/1260 
s 16
f 1638/1673/1261 1655/1693/1261 1656/1694/1262 1639/1675/1262 
s 8
f 1639/1675/1263 1656/1694/1263 1645/1681/1264 1641/1677/1264 
s 2
f 1654/1692/1265 1657/1695/1266 1658/1696/1266 1655/1693/1265 
s 1
f 1655/1693/1267 1658/1696/1268 1659/1697/1268 1656/1694/1269 
s 4
f 1656/1694/1270 1659/1697/1271 1647/1683/1271 1645/1681/1272 
s 16
f 1599/1689/1273 1651/1686/1273 1654/1692/1274 1637/1672/1274 
s 4
f 1651/1686/1275 1650/1685/1276 1657/1695/1276 1654/1692/1275 
s 2
f 1649/1665/1252 1630/1698/1222 1629/1699/1221 1650/1664/1253 
s 4
f 1650/1664/1276 1629/1699/1232 1635/1700/1232 1657/1669/1276 
s 2
f 1657/1669/1266 1635/1700/1230 1633/1701/1230 1658/1614/1266 
s 1
f 1658/1614/1268 1633/1701/1227 1631/1702/1226 1659/1616/1268 
s 4
f 1659/1616/1271 1631/1702/1224 1614/1703/1224 1647/1620/1271 
s 2
f 1647/1620/1250 1614/1703/1202 1613/1704/1201 1648/1619/1251 
s 1
f 1603/1705/1191 1601/1706/1189 1660/1707/1277 
f 1660/1707/1277 1601/1706/1189 1661/1708/1278 
f 1660/1707/1277 1661/1708/1278 1662/1709/1279 1663/1710/1280 
f 1663/1710/1280 1662/1709/1279 1664/1711/1281 1665/1712/1282 
f 1665/1712/1282 1664/1711/1281 1643/1713/1244 1666/1714/1283 
f 1666/1714/1283 1643/1713/1244 1667/1715/1284 
f 1602/1684/1190 1640/1716/1241 1601/1706/1189 
f 1601/1706/1189 1640/1716/1241 1661/1708/1278 
f 1640/1716/1241 1642/1717/1243 1661/1708/1278 
f 1661/1708/1278 1642/1717/1243 1662/1709/1279 
f 1642/1717/1243 1643/1713/1244 1664/1711/1281 1662/1709/1279 
f 1666/1714/1283 1667/1715/1284 1668/1718/1285 1669/1719/1286 
f 1668/1718/1285 1667/1715/1284 1670/1720/1287 1671/1721/1288 
f 1668/1718/1285 1671/1721/1288 1607/1722/1195 
f 1607/1722/1195 1671/1721/1288 1609/1723/1197 
f 1608/1724/1196 1672/1725/1289 1607/1722/1195 
f 1607/1722/1195 1672/1725/1289 1668/1718/1285 
f 1672/1725/1289 1669/1719/1286 1668/1718/1285 
f 1669/1719/1286 1665/1712/1282 1666/1714/1283 
f 1608/1726/1196 1605/1727/1193 1669/1728/1286 1672/1729/1289 
f 1669/1728/1286 1605/1727/1193 1596/1730/1184 1665/1731/1282 
f 1665/1731/1282 1596/1730/1184 1594/1732/1182 1663/1733/1280 
f 1663/1733/1280 1594/1732/1182 1598/1734/1186 1660/1735/1277 
f 1660/1735/1277 1598/1734/1186 1604/1736/1192 1603/1737/1191 
f 1586/1665/1174 1589/1738/1177 1673/1739/1290 1622/1664/1212 
f 1622/1664/1212 1673/1739/1290 1674/1740/1291 1619/1669/1209 
f 1619/1669/1209 1674/1740/1291 1675/1741/1292 1620/1742/1210 
f 1620/1742/1210 1675/1741/1292 1676/1743/1293 1677/1744/1294 
f 1676/1743/1293 1675/1741/1292 1674/1740/1291 1584/1745/758 
f 1589/1738/1177 1584/1745/758 1674/1740/1291 1673/1739/1290 
f 1574/1746/1163 1678/1747/1295 1585/1748/1173 1575/1749/1164 
f 1678/1747/1295 1677/1744/1294 1676/1743/1293 1585/1748/1173 
f 1585/1748/1173 1676/1743/1293 1584/1745/758 
s 4
f 1648/1607/1296 1613/1750/1297 1679/1751/1298 1680/1610/1299 
s 2
f 1680/1610/1300 1679/1751/1301 1681/1752/1301 1682/1612/1300 
s 1
f 1682/1612/1302 1681/1752/1303 1683/1753/1304 1684/1742/1302 
s 2
f 1684/1742/1305 1683/1753/1306 1685/1754/1306 1686/1744/1305 
s 4
f 1686/1744/1307 1685/1754/1308 1687/1755/1309 1688/1747/1310 
s 8
f 1688/1747/1311 1687/1755/1312 1630/1756/1313 1649/1746/1314 
f 1688/1757/1311 1649/1723/1314 1652/1758/1315 1689/1759/1316 
s 1
f 1689/1759/1317 1652/1758/1256 1653/1760/1258 
f 1689/1759/1317 1653/1760/1258 1690/1761/1318 
f 1690/1761/1318 1653/1760/1258 1593/1762/1181 
f 1690/1761/1318 1593/1762/1181 1612/1763/1200 
f 1690/1761/1318 1612/1763/1200 1611/1764/1199 
f 1611/1764/1199 1610/1765/1198 1609/1766/1197 1691/1767/1319 
f 1691/1767/1319 1609/1766/1197 1671/1768/1288 1692/1769/1320 
f 1692/1769/1320 1671/1768/1288 1670/1770/1287 
f 1670/1770/1287 1667/1771/1284 1643/1772/1244 
f 1643/1772/1244 1644/1773/1245 1670/1770/1287 
f 1670/1770/1287 1644/1773/1245 1693/1774/1321 
s 8
f 1670/1770/1322 1693/1774/1322 1694/1775/1323 1692/1769/1323 
s 4
f 1692/1769/1324 1694/1775/1324 1695/1776/1325 1691/1767/1325 
s 8
f 1691/1767/1326 1695/1776/1326 1696/1777/1327 1611/1764/1327 
s 16
f 1611/1764/1328 1696/1777/1328 1689/1759/1329 1690/1761/1329 
s 1
f 1644/1773/1245 1646/1778/1247 1693/1774/1321 
s 4
f 1693/1774/1330 1646/1778/1331 1648/1642/1296 1680/1779/1299 
s 2
f 1693/1774/1332 1680/1779/1300 1682/1780/1300 1694/1775/1333 
s 1
f 1694/1775/1334 1682/1780/1302 1684/1781/1302 1695/1776/1334 
s 2
f 1695/1776/1335 1684/1781/1305 1686/1782/1305 1696/1777/1335 
s 4
f 1696/1777/1336 1686/1782/1307 1688/1757/1310 1689/1759/1337 
s 1
f 1579/1783/1168 1581/1784/1170 1626/1785/1216 1697/1786/1338 
f 1697/1786/1338 1626/1785/1216 1698/1787/1339 
f 1698/1787/1339 1626/1785/1216 1628/1788/1218 
s 8
f 1698/1787/1340 1628/1788/1341 1630/1746/1313 1687/1747/1312 
s 4
f 1698/1787/1342 1687/1747/1309 1685/1744/1308 1699/1789/1343 
s 2
f 1699/1789/1344 1685/1744/1306 1683/1790/1306 1700/1791/1344 
s 1
f 1700/1791/1345 1683/1790/1304 1681/1612/1303 1701/1792/1346 
s 2
f 1701/1792/1347 1681/1612/1301 1679/1610/1301 1702/1793/1347 
s 4
f 1702/1793/1348 1679/1610/1298 1613/1607/1297 1616/1794/1349 
s 1
f 1616/1794/1205 1617/1795/1207 1702/1793/1350 
f 1702/1793/1350 1617/1795/1207 1703/1796/1351 
s 8
f 1702/1793/1352 1703/1796/1352 1704/1797/1352 1701/1792/1352 
s 4
f 1701/1792/1353 1704/1797/1353 1705/1798/1354 1700/1791/1354 
s 8
f 1700/1791/1355 1705/1798/1355 1706/1799/1355 1699/1789/1355 
s 16
f 1699/1789/1356 1706/1799/1356 1697/1786/1356 1698/1787/1356 
s 1
f 1617/1795/1207 1620/1800/1210 1677/1801/1294 1703/1796/1351 
f 1703/1796/1351 1677/1801/1294 1678/1802/1295 1704/1797/1357 
f 1704/1797/1357 1678/1802/1295 1574/1803/1163 1705/1798/1358 
f 1705/1798/1358 1574/1803/1163 1577/1804/1166 1706/1799/1359 
f 1706/1799/1359 1577/1804/1166 1579/1783/1168 1697/1786/1338 
f 1257/1805/218 1098/1806/218 1096/667/218 1255/666/218 
s 2
f 1255/666/217 1096/667/217 1094/1807/217 1253/1808/217 
s 1
f 1253/1808/216 1094/1807/216 1092/1809/216 1251/1810/216 
s 2
f 1251/1810/215 1092/1809/215 1090/667/215 1707/666/215 
s 1
f 1707/666/214 1090/667/214 1088/1811/214 1247/1812/214 
s 2
f 1247/1812/213 1088/1811/213 1086/1813/213 1245/1814/213 
s 1
f 1245/1814/212 1086/1813/212 1061/679/212 1243/678/212 
s 2
f 1243/678/223 1061/679/223 1084/1815/223 1241/1816/223 
s 1
f 1241/1816/222 1084/1815/222 1082/1813/222 1239/1814/222 
s 2
f 1239/1814/221 1082/1813/221 1081/679/221 1708/678/221 
s 1
f 1708/678/220 1081/679/220 1100/1817/220 1259/1818/220 
s 2
f 1259/1818/219 1100/1817/219 1098/1806/219 1257/1805/219 
s 4
f 1253/688/208 1247/689/208 1245/687/208 1255/686/208 
f 1255/686/208 1245/687/208 1243/685/208 1257/684/208 
f 1257/684/208 1243/685/208 1241/682/208 1259/683/208 
f 1259/683/208 1241/682/208 1239/691/208 1708/679/208 
f 1247/689/208 1253/688/208 1251/690/208 1707/678/208 
f 1098/682/210 1082/683/210 1084/684/210 1096/685/210 
f 1096/685/210 1084/684/210 1061/686/210 1094/687/210 
f 1094/687/210 1061/686/210 1086/688/210 1092/689/210 
f 1092/689/210 1086/688/210 1088/690/210 1090/678/210 
f 1082/683/210 1098/682/210 1100/691/210 1081/679/210 
s 1
f 1709/1805/218 445/1806/218 443/667/218 1710/666/218 
s 2
f 1710/666/217 443/667/217 441/1807/217 1711/1808/217 
s 1
f 1711/1808/216 441/1807/216 439/1809/216 1712/1810/216 
s 2
f 1712/1810/215 439/1809/215 437/667/215 1713/666/215 
s 1
f 1713/666/214 437/667/214 435/1811/214 1714/1812/214 
s 2
f 1714/1812/213 435/1811/213 433/1813/213 1715/1814/213 
s 1
f 1715/1814/212 433/1813/212 408/679/212 1716/678/212 
s 2
f 1716/678/223 408/679/223 431/1815/223 1717/1816/223 
s 1
f 1717/1816/222 431/1815/222 429/1813/222 1718/1814/222 
s 2
f 1718/1814/221 429/1813/221 428/679/221 1719/678/221 
s 1
f 1719/678/220 428/679/220 447/1817/220 1720/1818/220 
s 2
f 1720/1818/219 447/1817/219 445/1806/219 1709/1805/219 
s 4
f 1711/688/208 1714/689/208 1715/687/208 1710/686/208 
f 1710/686/208 1715/687/208 1716/685/208 1709/684/208 
f 1709/684/208 1716/685/208 1717/682/208 1720/683/208 
f 1720/683/208 1717/682/208 1718/691/208 1719/679/208 
f 1714/689/208 1711/688/208 1712/690/208 1713/678/208 
f 445/682/210 429/683/210 431/684/210 443/685/210 
f 443/685/210 431/684/210 408/686/210 441/687/210 
f 441/687/210 408/686/210 433/688/210 439/689/210 
f 439/689/210 433/688/210 435/690/210 437/678/210 
f 429/683/210 445/682/210 447/691/210 428/679/210 
s 1
f 446/1805/218 1721/1806/218 1722/667/218 444/666/218 
s 2
f 444/666/217 1722/667/217 1723/1807/217 442/1808/217 
s 1
f 442/1808/216 1723/1807/216 1724/1809/216 440/1810/216 
s 2
f 440/1810/215 1724/1809/215 1725/667/215 438/666/215 
s 1
f 438/666/214 1725/667/214 1726/1811/214 436/1812/214 
s 2
f 436/1812/213 1726/1811/213 1727/1813/213 434/1814/213 
s 1
f 434/1814/212 1727/1813/212 1728/679/212 407/678/212 
s 2
f 407/678/223 1728/679/223 1729/1815/223 432/1816/223 
s 1
f 432/1816/222 1729/1815/222 1730/1813/222 430/1814/222 
s 2
f 430/1814/221 1730/1813/221 1731/679/221 427/678/221 
s 1
f 427/678/220 1731/679/220 1732/1817/220 448/1818/220 
s 2
f 448/1818/219 1732/1817/219 1721/1806/219 446/1805/219 
s 4
f 442/688/208 436/689/208 434/687/208 444/686/208 
f 444/686/208 434/687/208 407/685/208 446/684/208 
f 446/684/208 407/685/208 432/682/208 448/683/208 
f 448/683/208 432/682/208 430/691/208 427/679/208 
f 436/689/208 442/688/208 440/690/208 438/678/208 
f 1721/682/210 1730/683/210 1729/684/210 1722/685/210 
f 1722/685/210 1729/684/210 1728/686/210 1723/687/210 
f 1723/687/210 1728/686/210 1727/688/210 1724/689/210 
f 1724/689/210 1727/688/210 1726/690/210 1725/678/210 
f 1730/683/210 1721/682/210 1732/691/210 1731/679/210 
s 1
f 1733/674/215 1734/675/215 1735/670/215 1736/671/215 
s 2
f 1736/671/216 1735/670/216 1737/664/216 1738/665/216 
s 1
f 1738/665/217 1737/664/217 1739/666/217 1740/667/217 
s 2
f 1740/667/218 1739/666/218 1741/680/218 1742/681/218 
s 1
f 1742/681/219 1741/680/219 1743/662/219 1744/663/219 
s 2
f 1744/663/220 1743/662/220 1745/649/220 1746/650/220 
f 1734/672/214 1733/673/214 1747/671/214 1748/670/214 
s 1
f 1748/670/213 1747/671/213 1749/1174/213 1750/1175/213 
s 2
f 1750/1175/212 1749/1174/212 1751/679/212 1752/678/212 
s 1
f 1752/678/223 1751/679/223 1753/1176/223 1754/1177/223 
s 2
f 1754/1177/222 1753/1176/222 1755/663/222 1756/662/222 
s 1
f 1756/662/221 1755/663/221 1746/647/221 1745/648/221 
s 4
f 1755/683/210 1749/688/210 1747/690/210 1746/679/210 
f 1746/679/210 1747/690/210 1733/678/210 1744/691/210 
f 1744/691/210 1733/678/210 1736/689/210 1742/682/210 
f 1742/682/210 1736/689/210 1738/687/210 1740/685/210 
f 1749/688/210 1755/683/210 1753/684/210 1751/686/210 
f 1743/683/208 1737/688/208 1735/690/208 1745/679/208 
f 1745/679/208 1735/690/208 1734/678/208 1756/691/208 
f 1756/691/208 1734/678/208 1748/689/208 1754/682/208 
f 1754/682/208 1748/689/208 1750/687/208 1752/685/208 
f 1737/688/208 1743/683/208 1741/684/208 1739/686/208 
s 1
f 1757/1819/1360 1758/1820/1361 1759/1821/1362 1760/1822/1363 
s 2
f 1760/1822/1364 1759/1821/1365 1761/1823/1366 1762/1824/1364 
s 1
f 1762/1824/1367 1761/1823/1368 1763/1825/1368 1764/1826/1369 
s 2
f 1764/1826/1370 1763/1825/1371 1765/1827/1371 1766/1828/1372 
s 1
f 1766/1828/1373 1765/1827/1374 1767/1829/1374 1768/1830/1375 
s 2
f 1768/1830/1376 1767/1829/1377 1769/672/1378 1770/1831/1379 
s 4
f 1770/1831/1380 1771/1832/1380 1772/1833/1380 1768/1830/1380 
s 8
f 1768/1830/1381 1772/1833/1381 1773/1834/1381 1766/1828/1381 
s 4
f 1766/1828/1382 1773/1834/1382 1774/1835/1383 1764/1826/1383 
s 8
f 1764/1826/1384 1774/1835/1384 1775/1836/1384 1762/1824/1384 
s 4
f 1762/1824/1385 1775/1836/1385 1776/1837/1385 1760/1822/1385 
s 8
f 1760/1822/1386 1776/1837/1386 1777/1838/1386 1757/1819/1386 
s 1
f 1777/1838/1387 1776/1837/1388 1778/1839/1389 1779/1840/1390 
f 1771/1832/1391 1780/1841/1392 1781/1842/1393 1772/1833/1394 
f 1772/1833/1394 1781/1842/1393 1782/1843/1395 1773/1834/1396 
f 1773/1834/1396 1782/1843/1395 1783/1844/1397 1774/1835/1398 
f 1774/1835/1398 1783/1844/1397 1784/1845/1399 1775/1836/1400 
f 1775/1836/1400 1784/1845/1399 1778/1839/1389 1776/1837/1388 
s 2
f 1785/649/1401 1758/650/1402 1786/1846/1403 1787/1847/1401 
s 1
f 1787/1847/1404 1786/1846/1405 1788/1848/1406 1789/1849/1404 
s 2
f 1789/1849/1407 1788/1848/1408 1790/1038/1409 1791/995/1407 
s 1
f 1791/995/1410 1790/1038/1411 1792/1850/1412 1793/1851/1410 
s 2
f 1793/1851/1413 1792/1850/1414 1794/1852/1414 1795/1853/1413 
s 1
f 1795/1853/1415 1794/1852/1416 1769/1854/1417 1796/1855/1415 
s 4
f 1787/1028/208 1793/1029/208 1795/1030/208 1785/1031/208 
f 1785/1031/208 1795/1030/208 1796/1032/208 1797/1033/208 
f 1797/1033/208 1796/1032/208 1798/1034/208 1799/1035/208 
f 1799/1035/208 1798/1034/208 1800/1036/208 1801/981/208 
f 1793/1029/208 1787/1028/208 1789/1037/208 1791/1038/208 
s 1
f 1758/1856/1361 1785/1820/1418 1797/1821/1418 1759/1857/1362 
s 2
f 1759/1857/1365 1797/1821/1419 1799/1823/1419 1761/1858/1366 
s 1
f 1761/1858/1368 1799/1823/1420 1801/1825/1420 1763/1859/1368 
s 2
f 1763/1859/1371 1801/1825/1421 1800/1827/1421 1765/1860/1371 
s 1
f 1765/1860/1374 1800/1827/1422 1798/1829/1422 1767/1861/1374 
s 2
f 1767/1861/1377 1798/1829/1423 1796/672/1423 1769/673/1378 
f 1758/649/1402 1757/1862/1424 1802/1863/1425 1786/1847/1403 
s 1
f 1786/1847/1405 1802/1863/1426 1803/1864/1426 1788/1849/1406 
s 2
f 1788/1849/1408 1803/1864/1427 1804/1865/1427 1790/995/1409 
s 1
f 1790/995/1411 1804/1865/1428 1805/1866/1429 1792/1851/1412 
s 2
f 1792/1851/1414 1805/1866/1430 1806/1867/1431 1794/1853/1414 
s 1
f 1794/1853/1416 1806/1867/1432 1770/1868/1433 1769/1855/1417 
s 8
f 1770/1868/1434 1806/1867/1434 1807/1869/1434 1771/1870/1434 
s 1
f 1771/1870/1391 1807/1869/1435 1808/1871/1436 1780/1872/1392 
s 4
f 1757/1862/1437 1777/1873/1437 1809/1874/1437 1802/1863/1437 
s 8
f 1802/1863/1438 1809/1874/1438 1810/1875/1438 1803/1864/1438 
s 4
f 1803/1864/1439 1810/1875/1439 1811/1876/1440 1804/1865/1440 
s 8
f 1804/1865/1441 1811/1876/1441 1812/1877/1441 1805/1866/1441 
s 4
f 1805/1866/1442 1812/1877/1442 1807/1869/1442 1806/1867/1442 
s 1
f 1777/1873/1387 1779/1878/1390 1813/1879/1443 1809/1874/1444 
f 1809/1874/1444 1813/1879/1443 1814/1880/1445 1810/1875/1446 
f 1810/1875/1446 1814/1880/1445 1815/1881/1447 1811/1876/1448 
f 1811/1876/1448 1815/1881/1447 1816/1882/1449 1812/1877/1450 
f 1812/1877/1450 1816/1882/1449 1808/1871/1436 1807/1869/1435 
f 1808/986/1436 1814/987/1445 1813/988/1443 1780/989/1392 
f 1780/989/1392 1813/988/1443 1779/990/1390 1781/991/1393 
f 1781/991/1393 1779/990/1390 1778/992/1389 1782/993/1395 
f 1782/993/1395 1778/992/1389 1784/994/1399 1783/995/1397 
f 1814/987/1445 1808/986/1436 1816/996/1449 1815/980/1447 
f 1817/1883/1451 1818/1820/1452 1819/1821/1453 1820/1884/1454 
s 2
f 1820/1884/1455 1819/1821/1456 1821/1823/1456 1822/1885/1455 
s 4
f 1822/1885/1457 1821/1823/1458 1823/1825/1458 1824/1886/1457 
s 2
f 1824/1886/1459 1823/1825/1460 1825/1827/1460 1826/1887/1459 
s 4
f 1826/1887/1461 1825/1827/1462 1827/1829/1462 1828/1888/1461 
s 1
f 1828/1888/1463 1827/1829/1464 1829/672/1465 1830/1889/1466 
s 2
f 1828/1888/1467 1830/1889/1468 1831/1890/1469 1832/1891/1470 
s 8
f 1828/1888/1381 1832/1891/1381 1833/1892/1381 1826/1887/1381 
s 1
f 1826/1887/1383 1833/1892/1383 1834/1893/1383 1824/1886/1383 
s 8
f 1824/1886/1471 1834/1893/1384 1835/1894/1384 1822/1885/1384 
s 16
f 1822/1885/1472 1835/1894/1472 1836/1895/1385 1820/1884/1385 
s 4
f 1820/1884/1473 1836/1895/1474 1837/1896/1475 1817/1883/1476 
s 32
f 1837/1896/1477 1836/1895/1478 1838/1897/1479 1839/1898/1480 
f 1832/1891/1481 1831/1890/1482 1840/1899/1483 1841/1900/1484 
f 1832/1891/1481 1841/1900/1484 1842/1901/1395 1833/1892/1396 
f 1833/1892/1396 1842/1901/1395 1843/1902/1397 1834/1893/1398 
f 1834/1893/1398 1843/1902/1397 1844/1903/1399 1835/1894/1400 
f 1835/1894/1400 1844/1903/1399 1838/1897/1479 1836/1895/1478 
s 1
f 1845/1904/1485 1846/1905/1486 1847/1906/1487 
f 1847/1906/1487 1846/1905/1486 1848/1907/1488 
f 1847/1906/1487 1848/1907/1488 1849/1908/1489 
f 1849/1908/1489 1848/1907/1488 1850/1857/1490 1851/1856/1491 
f 1848/1907/1488 1846/1905/1486 1852/1909/1492 1853/1910/1493 
f 1853/1910/1493 1852/1909/1492 1854/1911/1494 1855/1912/1495 
f 1855/1912/1495 1854/1911/1494 1856/1913/1496 1857/1914/1497 
f 1857/1914/1497 1856/1913/1496 1858/1915/1498 1859/1916/1499 
f 1859/1916/1499 1858/1915/1498 1860/1917/1500 
f 1860/1917/1500 1858/1915/1498 1861/1918/1501 
f 1860/1917/1500 1862/1919/1502 1859/1916/1499 
f 1859/1916/1499 1862/1919/1502 1863/673/1503 1864/1861/1504 
s 4
f 1859/1916/1505 1864/1861/1506 1865/1920/1507 1857/1914/1508 
s 2
f 1857/1914/1509 1865/1920/1510 1866/1859/1511 1855/1912/1509 
s 4
f 1855/1912/1512 1866/1859/1513 1867/1921/1513 1853/1910/1512 
s 2
f 1853/1910/1514 1867/1921/1515 1850/1857/1515 1848/1907/1516 
s 1
f 1851/649/1491 1818/1922/1452 1868/1923/1517 1869/1847/1518 
s 2
f 1869/1847/1519 1868/1923/1520 1870/1924/1520 1871/1849/1521 
s 4
f 1871/1849/1522 1870/1924/1523 1872/1925/1523 1873/995/1524 
s 2
f 1873/995/1525 1872/1925/1526 1874/1926/1526 1875/1851/1525 
s 4
f 1875/1851/1527 1874/1926/1528 1876/1927/1528 1877/1853/1529 
s 1
f 1877/1853/1530 1876/1927/1531 1829/1928/1465 1863/1855/1503 
f 1845/1929/1485 1847/1930/1487 1878/1931/1532 
f 1878/1931/1532 1847/1930/1487 1879/1932/1533 
f 1878/1931/1532 1879/1932/1533 1880/1933/1534 1881/1934/1535 
f 1881/1934/1535 1880/1933/1534 1882/1935/1536 1883/1936/1537 
f 1883/1936/1537 1882/1935/1536 1884/1937/1538 1885/1938/1539 
f 1885/1938/1539 1884/1937/1538 1886/1939/1540 1887/1940/1541 
f 1887/1940/1541 1886/1939/1540 1860/1941/1500 
f 1860/1941/1500 1886/1939/1540 1862/1942/1502 
f 1862/1942/1502 1886/1939/1540 1877/1852/1530 1863/1854/1503 
f 1847/1930/1487 1849/1943/1489 1879/1932/1533 
f 1879/1932/1533 1849/1943/1489 1851/650/1491 1869/1846/1518 
s 2
f 1879/1932/1542 1869/1846/1519 1871/1848/1521 1880/1933/1543 
s 4
f 1880/1933/1544 1871/1848/1522 1873/1038/1524 1882/1935/1545 
s 2
f 1882/1935/1546 1873/1038/1525 1875/1850/1525 1884/1937/1547 
s 4
f 1884/1937/1548 1875/1850/1527 1877/1852/1529 1886/1939/1549 
s 1
f 1860/1941/1500 1861/1944/1501 1887/1940/1541 
s 32
f 1888/986/1550 1889/987/1445 1890/988/1551 1840/989/1483 
f 1840/989/1483 1890/988/1551 1839/990/1480 1841/991/1484 
f 1841/991/1484 1839/990/1480 1838/992/1479 1842/993/1395 
f 1842/993/1395 1838/992/1479 1844/994/1399 1843/995/1397 
f 1889/987/1445 1888/986/1550 1891/996/1449 1892/980/1447 
s 1
f 1868/1847/1517 1818/649/1452 1817/1945/1451 1893/1946/1552 
s 8
f 1893/1946/1553 1817/1945/1554 1837/1947/1555 1894/1948/1556 
s 32
f 1894/1948/1557 1837/1947/1477 1839/1949/1480 1890/1950/1551 
f 1894/1948/1557 1890/1950/1551 1889/1951/1445 1895/1952/1446 
f 1895/1952/1446 1889/1951/1445 1892/1953/1447 1896/1954/1448 
f 1896/1954/1448 1892/1953/1447 1891/1955/1449 1897/1956/1450 
f 1897/1956/1450 1891/1955/1449 1888/1957/1550 1898/1958/1558 
f 1898/1958/1558 1888/1957/1550 1840/1959/1483 1831/1960/1482 
s 8
f 1831/1960/1559 1830/1961/1560 1899/1962/1561 1898/1958/1562 
s 16
f 1898/1958/1442 1899/1962/1442 1900/1963/1563 1897/1956/1563 
s 1
f 1897/1956/1441 1900/1963/1441 1901/1964/1564 1896/1954/1441 
s 8
f 1896/1954/1440 1901/1964/1440 1902/1965/1440 1895/1952/1440 
s 16
f 1895/1952/1438 1902/1965/1438 1893/1946/1438 1894/1948/1438 
s 1
f 1830/1961/1466 1829/1855/1465 1876/1853/1531 1899/1962/1565 
s 4
f 1899/1962/1566 1876/1853/1528 1874/1966/1528 1900/1963/1566 
s 2
f 1900/1963/1567 1874/1966/1526 1872/995/1526 1901/1964/1567 
s 4
f 1901/1964/1568 1872/995/1523 1870/1967/1523 1902/1965/1568 
s 2
f 1902/1965/1569 1870/1967/1520 1868/1847/1520 1893/1946/1569 
s 1
f 1818/1968/1452 1851/1820/1491 1850/1821/1490 1819/1969/1453 
s 2
f 1819/1969/1456 1850/1821/1515 1867/1823/1515 1821/1970/1456 
s 4
f 1821/1970/1458 1867/1823/1513 1866/1825/1513 1823/1971/1458 
s 2
f 1823/1971/1460 1866/1825/1511 1865/1827/1510 1825/1972/1460 
s 4
f 1825/1972/1462 1865/1827/1507 1864/1829/1506 1827/1973/1462 
s 1
f 1827/1973/1464 1864/1829/1504 1863/672/1503 1829/1974/1465 
f 1846/1857/1486 1845/1856/1485 1903/1975/1570 1904/1976/1571 
f 1904/1976/1571 1903/1975/1570 1905/1977/1572 1906/1978/1573 
f 1906/1978/1573 1907/1979/1574 1908/1980/1575 1904/1976/1571 
f 1904/1976/1571 1908/1980/1575 1909/1981/1576 
f 1909/1981/1576 1908/1980/1575 1910/1982/1577 1911/1983/1578 
f 1911/1983/1578 1910/1982/1577 1912/1984/1579 1913/1985/1580 
f 1913/1985/1580 1912/1984/1579 1914/1986/1581 1915/1987/1582 
f 1913/1985/1580 1915/1987/1582 1856/1860/1496 1854/1859/1494 
f 1856/1860/1496 1915/1987/1582 1916/1988/1583 1858/1861/1498 
f 1858/1861/1498 1916/1988/1583 1917/1989/1584 
f 1858/1861/1498 1917/1989/1584 1918/1990/1585 1861/673/1501 
f 1918/1990/1585 1917/1989/1584 1919/1991/1586 1920/1992/1587 
f 1919/1991/1586 1917/1989/1584 1916/1988/1583 1921/1993/1588 
f 1921/1993/1588 1916/1988/1583 1915/1987/1582 1914/1986/1581 
f 1913/1985/1580 1854/1859/1494 1852/1921/1492 1911/1983/1578 
f 1911/1983/1578 1852/1921/1492 1846/1857/1486 1909/1981/1576 
f 1909/1981/1576 1846/1857/1486 1904/1976/1571 
f 1920/1994/1587 1919/1995/1586 1922/1996/1589 1923/1997/1590 
f 1923/1997/1590 1922/1996/1589 1924/1998/1591 
f 1924/1998/1591 1922/1996/1589 1925/1999/1592 1926/2000/1593 
f 1926/2000/1593 1925/1999/1592 1927/2001/1594 1928/2002/1595 
f 1928/2002/1595 1927/2001/1594 1929/2003/1596 1930/2004/1597 
f 1928/2002/1595 1930/2004/1597 1881/2005/1535 1883/1038/1537 
f 1881/2005/1535 1930/2004/1597 1931/2006/1598 1878/1846/1532 
f 1878/1846/1532 1931/2006/1598 1905/2007/1572 
f 1878/1846/1532 1905/2007/1572 1903/2008/1570 1845/650/1485 
f 1906/2009/1573 1905/2007/1572 1932/2010/1599 1907/2011/1574 
f 1932/2010/1599 1905/2007/1572 1931/2006/1598 
f 1932/2010/1599 1931/2006/1598 1930/2004/1597 1929/2003/1596 
f 1928/2002/1595 1883/1038/1537 1885/1850/1539 1926/2000/1593 
f 1926/2000/1593 1885/1850/1539 1887/1852/1541 1924/1998/1591 
f 1924/1998/1591 1887/1852/1541 1923/1997/1590 
f 1923/1997/1590 1887/1852/1541 1861/1854/1501 1918/2012/1585 
f 1918/2012/1585 1920/1994/1587 1923/1997/1590 
f 1932/1028/1599 1925/1029/1592 1922/1030/1589 1907/1031/1574 
f 1907/1031/1574 1922/1030/1589 1919/1032/1586 1908/1033/1575 
f 1908/1033/1575 1919/1032/1586 1921/1034/1588 1910/1035/1577 
f 1910/1035/1577 1921/1034/1588 1914/1036/1581 1912/981/1579 
f 1925/1029/1592 1932/1028/1599 1929/1037/1596 1927/1038/1594 
f 1933/2013/1600 1934/2014/1600 1935/2015/1600 1936/2016/1600 
s 2
f 1936/2016/1601 1935/2015/1601 1937/2017/1601 1938/2018/1601 
s 1
f 1938/2018/1602 1937/2017/1602 1939/1203/1602 1940/1190/1602 
s 2
f 1940/1190/1603 1939/1203/1603 1941/2015/1603 1942/2016/1603 
s 1
f 1942/2016/1604 1941/2015/1604 1943/2017/1604 1944/2018/1604 
s 2
f 1944/2018/1605 1943/2017/1605 1945/1203/1605 1946/1190/1605 
s 1
f 1946/1190/1606 1945/1203/1606 1947/2019/1606 1948/2020/1606 
s 2
f 1948/2020/1607 1947/2019/1607 1949/2021/1607 1950/2022/1607 
s 1
f 1950/2022/1608 1949/2021/1608 1951/2014/1608 1952/2013/1608 
s 2
f 1952/2013/1609 1951/2014/1609 1953/2019/1609 1954/2020/1609 
s 1
f 1954/2020/1610 1953/2019/1610 1955/2021/1610 1956/2022/1610 
s 2
f 1956/2022/1611 1955/2021/1611 1934/2014/1611 1933/2013/1611 
s 4
f 1938/1201/208 1944/1202/208 1946/1203/208 1936/1204/208 
f 1936/1204/208 1946/1203/208 1948/1205/208 1933/1187/208 
f 1933/1187/208 1948/1205/208 1950/1206/208 1956/1207/208 
f 1956/1207/208 1950/1206/208 1952/1208/208 1954/1209/208 
f 1944/1202/208 1938/1201/208 1940/1210/208 1942/1211/208 
f 1934/1190/210 1951/1191/210 1949/1192/210 1935/1193/210 
f 1935/1193/210 1949/1192/210 1947/1194/210 1937/1195/210 
f 1937/1195/210 1947/1194/210 1945/1186/210 1939/1196/210 
f 1939/1196/210 1945/1186/210 1943/1197/210 1941/1198/210 
f 1951/1191/210 1934/1190/210 1955/1199/210 1953/1200/210 
s 1
f 1957/2023/1612 1958/2024/1613 1959/2025/1614 1960/2026/1615 
f 1960/2026/1615 1959/2025/1614 1961/2027/1616 1962/1225/758 
f 1958/2024/1613 1963/2028/1617 1961/2027/1616 1959/2025/1614 
f 1963/2028/1617 1964/1342/1618 1965/2029/1619 1961/2027/1616 
f 1961/2027/1616 1965/2029/1619 1966/2030/1620 1962/1225/758 
f 1965/2029/1619 1964/1342/1618 1967/2031/1621 1966/2030/1620 
f 1966/2030/1620 1967/2031/1621 1968/2032/1622 1969/2033/1623 
f 1969/2033/1623 1968/2032/1622 1970/647/1624 1971/2034/1625 
f 1971/2035/1625 1972/2036/1626 1962/1222/758 1969/2037/1623 
f 1969/2033/1623 1962/1225/758 1966/2030/1620 
f 1973/648/1627 1974/2038/1628 1975/2039/1629 
f 1975/2039/1629 1974/2038/1628 1976/2040/1630 
f 1975/2039/1629 1976/2040/1630 1977/2041/1631 
f 1977/2041/1631 1976/2040/1630 1978/2042/1632 1979/2043/1633 
f 1979/2043/1633 1978/2042/1632 1980/2044/1634 1981/2045/1635 
f 1981/2045/1635 1980/2044/1634 1982/2046/1636 1983/2047/1637 
f 1983/2047/1637 1982/2046/1636 1984/2048/1638 
f 1974/2038/1628 1985/2049/1639 1986/2050/1640 1976/2040/1630 
f 1976/2040/1630 1986/2050/1640 1978/2042/1632 
f 1986/2050/1640 1982/2046/1636 1980/2044/1634 1978/2042/1632 
f 1983/2047/1637 1984/2048/1638 1987/2051/1641 1988/2052/1642 
f 1987/2051/1641 1984/2048/1638 1989/2053/1643 1990/2054/1644 
f 1987/2051/1641 1990/2054/1644 1991/2055/1645 
f 1991/2055/1645 1990/2054/1644 1992/2056/1646 
f 1993/2057/1647 1994/2058/1648 1991/2055/1645 
f 1991/2055/1645 1994/2058/1648 1987/2051/1641 
f 1994/2058/1648 1988/2052/1642 1987/2051/1641 
f 1988/2052/1642 1981/2045/1635 1983/2047/1637 
f 1977/2041/1631 1995/2059/1649 1975/2039/1629 
s 2
f 1996/2060/1650 1997/2061/1651 1998/2062/1652 1999/2063/1653 
s 1
f 1999/2063/1654 1998/2062/1655 2000/2064/1656 
f 2000/2064/1656 1998/2062/1655 2001/2065/1657 
f 2000/2064/1656 2001/2065/1657 1967/2066/1621 1964/2067/1618 
f 1967/2066/1621 2001/2065/1657 2002/2068/1658 1968/2069/1622 
f 1968/2069/1622 2002/2068/1658 2003/2070/1659 1970/2071/1624 
f 1970/2071/1624 2003/2070/1659 2004/2072/1660 2005/2073/1661 
f 2005/2073/1661 2004/2072/1660 2006/2074/1662 2007/2075/1663 
f 2007/2075/1663 2006/2074/1662 2008/2076/1664 2009/2077/1665 
f 2008/2076/1664 2006/2074/1662 2010/2078/1666 
f 2008/2076/1664 2010/2078/1666 2011/2079/1667 
s 2
f 2011/2079/1668 2010/2078/1669 2012/2080/1670 2013/674/1671 
s 4
f 1998/2062/1672 1997/2061/1673 2014/2028/1674 2015/2081/1675 
s 1
f 2015/2081/1676 2014/2028/1677 2016/1342/1678 2017/2082/1679 
s 2
f 2017/2082/1680 2016/1342/1681 2018/2083/1682 2019/2084/1680 
s 4
f 2019/2084/1683 2018/2083/1684 2012/2080/1684 2010/2078/1685 
s 8
f 2002/2068/1686 2001/2065/1686 1998/2062/1686 2015/2081/1686 
s 16
f 2003/2070/1687 2002/2068/1687 2015/2081/1687 2017/2082/1687 
s 8
f 2004/2072/1688 2003/2070/1688 2017/2082/1688 2019/2084/1688 
s 16
f 2006/2074/1689 2004/2072/1689 2019/2084/1689 2010/2078/1689 
s 1
f 2020/2085/1690 1982/2086/1636 2021/2087/1691 
f 2021/2087/1691 1982/2086/1636 1986/2088/1640 
f 2021/2087/1691 1986/2088/1640 1985/2089/1639 
f 1985/2089/1639 1974/2090/1628 1973/2091/1627 2022/2092/1692 
f 2022/2092/1692 1973/2091/1627 2023/2093/1693 2024/2094/1694 
f 2024/2094/1694 2023/2093/1693 2025/2095/1695 2026/2096/1696 
f 2026/2096/1696 2025/2095/1695 2027/2097/1697 
f 2027/2097/1697 2028/2098/1698 2026/2096/1696 
f 2026/2096/1696 2028/2098/1698 2029/2099/1699 
s 8
f 2026/2096/1700 2029/2099/1700 2030/2100/1701 2024/2094/1701 
s 16
f 2024/2094/1702 2030/2100/1702 2031/2101/1703 2022/2092/1703 
s 8
f 2022/2092/1704 2031/2101/1704 2032/2102/1704 1985/2089/1704 
s 16
f 1985/2089/1705 2032/2102/1705 2033/2103/1706 2021/2087/1706 
s 1
f 2021/2087/1691 2033/2103/1707 2020/2085/1690 
f 2020/2085/1690 2033/2103/1707 2034/2104/1708 
s 2
f 2034/2104/1709 2033/2103/1710 2035/2105/1711 2036/2106/1712 
f 2037/675/1713 2038/2107/1714 2029/2099/1715 2039/2108/1716 
s 1
f 2039/2108/1717 2029/2099/1699 2028/2098/1698 
s 4
f 2040/2109/1718 2035/2105/1718 2033/2103/1719 2032/2102/1720 
s 1
f 2041/2110/1721 2040/2109/1721 2032/2102/1722 2031/2101/1722 
s 2
f 2042/2111/1723 2041/2110/1723 2031/2101/1724 2030/2100/1725 
s 4
f 2038/2107/1726 2042/2111/1727 2030/2100/1728 2029/2099/1729 
s 2
f 2037/674/1713 2013/2112/1671 2012/2113/1670 2038/2080/1714 
s 4
f 2038/2080/1726 2012/2113/1684 2018/2114/1684 2042/2115/1727 
s 2
f 2042/2115/1723 2018/2114/1682 2016/2116/1681 2041/1342/1723 
s 1
f 2041/1342/1721 2016/2116/1678 2014/2117/1677 2040/2118/1721 
s 4
f 2040/2118/1718 2014/2117/1674 1997/2119/1673 2035/2061/1718 
s 2
f 2035/2061/1711 1997/2119/1651 1996/2120/1650 2036/2060/1712 
s 1
f 1973/2106/1627 1975/2121/1629 2023/2122/1693 
f 2023/2122/1693 1975/2121/1629 2043/2123/1730 
f 2023/2122/1693 2043/2123/1730 2025/2124/1695 
f 2025/2124/1695 2043/2123/1730 2044/2125/1731 2045/2126/1732 
f 2025/2124/1695 2045/2126/1732 2046/2127/1733 2027/2128/1697 
f 2027/2128/1697 2046/2127/1733 2047/2129/1734 2048/2130/1735 
f 2048/2130/1735 2047/2129/1734 2049/2131/1736 
f 1995/2132/1649 2050/2133/1737 1975/2121/1629 
f 1975/2121/1629 2050/2133/1737 2043/2123/1730 
f 2050/2133/1737 2044/2125/1731 2043/2123/1730 
f 2044/2125/1731 2047/2129/1734 2046/2127/1733 2045/2126/1732 
f 2048/2130/1735 2049/2131/1736 2051/2134/1738 2052/2135/1739 
f 2052/2135/1739 2051/2134/1738 1991/2136/1645 
f 1991/2136/1645 2051/2134/1738 1993/2137/1647 
f 1992/675/1646 2053/2138/1740 1991/2136/1645 
f 1991/2136/1645 2053/2138/1740 2052/2135/1739 
f 2053/2138/1740 2054/2139/1741 2055/2140/1742 2052/2135/1739 
f 2052/2135/1739 2055/2140/1742 2048/2130/1735 
f 2055/2140/1742 2027/2128/1697 2048/2130/1735 
f 1995/1272/1649 1977/2141/1631 2044/2142/1731 2050/2143/1737 
f 2044/2142/1731 1977/2141/1631 1979/2144/1633 2047/2145/1734 
f 2047/2145/1734 1979/2144/1633 1981/2146/1635 2049/2147/1736 
f 2049/2147/1736 1981/2146/1635 1988/2148/1642 2051/2149/1738 
f 2051/2149/1738 1988/2148/1642 1994/2150/1648 1993/2046/1647 
f 1970/2060/1624 2005/2061/1661 1972/2036/1626 1971/2035/1625 
f 2005/2061/1661 2007/2151/1663 2056/2152/1743 1972/2036/1626 
f 1972/2036/1626 2056/2152/1743 2057/2153/1744 1962/1222/758 
f 2007/2151/1663 2009/2154/1665 2057/2153/1744 2056/2152/1743 
f 2057/2153/1744 2009/2154/1665 2058/2083/1745 2059/2155/1746 
f 2059/2155/1746 2058/2083/1745 2060/2080/1747 2061/2156/1748 
f 2061/2156/1748 2060/2080/1747 1957/674/1612 1960/2157/1615 
f 1960/2157/1615 1962/1222/758 2059/2155/1746 2061/2156/1748 
f 2059/2155/1746 1962/1222/758 2057/2153/1744 
s 4
f 2013/2158/1749 2037/2023/1750 2062/2024/1751 2063/2159/1752 
s 2
f 2063/2159/1753 2062/2024/1754 2064/2151/1755 2065/2160/1756 
s 1
f 2065/2160/1757 2064/2151/1758 2066/2154/1758 2067/2161/1757 
s 2
f 2067/2161/1759 2066/2154/1760 2068/2031/1760 2069/2162/1759 
s 4
f 2069/2162/1761 2068/2031/1762 2070/2032/1763 2071/2163/1761 
s 8
f 2071/2163/1764 2070/2032/1765 2036/647/1766 1996/2164/1767 
s 1
f 1984/2165/1638 1982/2166/1636 1989/2167/1643 
f 1989/2167/1643 1982/2166/1636 2020/2168/1690 
f 1989/2167/1643 2020/2168/1690 2072/2169/1768 
f 2072/2169/1768 2020/2168/1690 2034/2170/1708 
s 8
f 2072/2169/1769 2034/2170/1770 2036/648/1766 2070/2171/1765 
s 4
f 2037/2056/1750 2039/2172/1771 2073/2173/1772 2062/2174/1751 
s 2
f 2062/2174/1754 2073/2173/1773 2074/2175/1774 2064/2176/1755 
s 1
f 2064/2176/1758 2074/2175/1775 2075/2177/1776 2066/2178/1758 
s 2
f 2066/2178/1760 2075/2177/1777 2076/2179/1778 2068/2180/1760 
s 4
f 2068/2180/1762 2076/2179/1779 2072/2169/1780 2070/2171/1763 
s 1
f 2039/2172/1717 2028/2181/1698 2073/2173/1781 
f 2073/2173/1781 2028/2181/1698 2077/2182/1782 
s 8
f 2073/2173/1783 2077/2182/1783 2054/2183/1784 2074/2175/1784 
s 4
f 2074/2175/1785 2054/2183/1785 2078/2184/1785 2075/2177/1785 
s 8
f 2075/2177/1786 2078/2184/1786 2079/2185/1787 2076/2179/1787 
s 16
f 2076/2179/1788 2079/2185/1788 1989/2167/1789 2072/2169/1789 
s 1
f 2028/2181/1698 2027/2186/1697 2077/2182/1782 
f 2077/2182/1782 2027/2186/1697 2055/2187/1742 
f 2077/2182/1782 2055/2187/1742 2054/2183/1741 
f 2054/2183/1741 2053/2188/1740 1992/2189/1646 2078/2184/1790 
f 2078/2184/1790 1992/2189/1646 1990/2190/1644 2079/2185/1791 
f 2079/2185/1791 1990/2190/1644 1989/2167/1643 
s 8
f 1996/647/1767 1999/2191/1792 2080/2192/1793 2071/2032/1764 
s 4
f 2071/2032/1761 2080/2192/1794 2081/2193/1794 2069/2194/1761 
s 2
f 2069/2194/1759 2081/2193/1795 2082/2195/1795 2067/2154/1759 
s 1
f 2067/2154/1757 2082/2195/1796 2083/2196/1797 2065/2197/1757 
s 2
f 2065/2197/1756 2083/2196/1798 2084/2198/1799 2063/2024/1753 
s 4
f 2063/2024/1752 2084/2198/1800 2011/2199/1801 2013/2023/1749 
s 1
f 2011/2199/1667 2084/2198/1802 2008/2200/1664 
f 2008/2200/1664 2084/2198/1802 2085/2201/1803 
f 2008/2200/1664 2085/2201/1803 2058/2202/1745 2009/2203/1665 
f 2058/2202/1745 2085/2201/1803 2086/2204/1804 2060/2205/1747 
f 2060/2205/1747 2086/2204/1804 2087/2206/1805 1957/2207/1612 
f 1957/2207/1612 2087/2206/1805 2088/2208/1806 1958/2209/1613 
f 1958/2209/1613 2088/2208/1806 2089/2210/1807 1963/2211/1617 
f 1963/2211/1617 2089/2210/1807 2000/2212/1656 1964/2213/1618 
f 2000/2212/1656 2089/2210/1807 2080/2192/1808 
f 2000/2212/1656 2080/2192/1808 1999/2191/1654 
s 16
f 2081/2193/1809 2080/2192/1809 2089/2210/1809 2088/2208/1809 
s 8
f 2082/2195/1810 2081/2193/1810 2088/2208/1810 2087/2206/1810 
s 4
f 2083/2196/1811 2082/2195/1811 2087/2206/1811 2086/2204/1811 
s 8
f 2084/2198/1812 2083/2196/1812 2086/2204/1812 2085/2201/1812 
s 1
f 1276/2214/212 1119/2215/212 2090/679/212 2091/678/212 
s 2
f 2091/678/223 2090/679/223 1123/1815/223 1280/1816/223 
s 1
f 1280/1816/222 1123/1815/222 2092/1813/222 2093/1814/222 
s 2
f 2093/1814/221 2092/1813/221 2094/679/221 2095/678/221 
s 1
f 2095/678/220 2094/679/220 2096/1817/220 2097/1818/220 
s 2
f 2097/1818/219 2096/1817/219 1107/1809/219 1264/1810/219 
s 1
f 1264/1810/218 1107/1809/218 2098/667/218 2099/666/218 
s 2
f 2099/666/217 2098/667/217 1111/1807/217 1268/1808/217 
s 1
f 1268/1808/216 1111/1807/216 2100/1809/216 2101/1810/216 
s 2
f 2101/1810/215 2100/1809/215 2102/667/215 2103/666/215 
s 1
f 2103/666/214 2102/667/214 2104/1811/214 2105/1812/214 
s 2
f 2105/1812/213 2104/1811/213 1119/2215/213 1276/2214/213 
s 4
f 1280/682/208 2097/683/208 1264/684/208 2091/685/208 
f 2091/685/208 1264/684/208 2099/686/208 1276/687/208 
f 1276/687/208 2099/686/208 1268/688/208 2105/689/208 
f 2105/689/208 1268/688/208 2101/690/208 2103/678/208 
f 2097/683/208 1280/682/208 2093/691/208 2095/679/208 
f 1119/688/210 2100/689/210 1111/687/210 2090/686/210 
f 2090/686/210 1111/687/210 2098/685/210 1123/684/210 
f 1123/684/210 2098/685/210 1107/682/210 2092/683/210 
f 2092/683/210 1107/682/210 2096/691/210 2094/679/210 
f 2100/689/210 1119/688/210 2104/690/210 2102/678/210 
s 1
f 2106/2214/212 1750/2215/212 1752/679/212 2107/678/212 
s 2
f 2107/678/223 1752/679/223 1754/1815/223 2108/1816/223 
s 1
f 2108/1816/222 1754/1815/222 1756/1813/222 2109/1814/222 
s 2
f 2109/1814/221 1756/1813/221 1745/679/221 2110/678/221 
s 1
f 2110/678/220 1745/679/220 1743/1817/220 2111/1818/220 
s 2
f 2111/1818/219 1743/1817/219 1741/1809/219 2112/1810/219 
s 1
f 2112/1810/218 1741/1809/218 1739/667/218 2113/666/218 
s 2
f 2113/666/217 1739/667/217 1737/1807/217 2114/1808/217 
s 1
f 2114/1808/216 1737/1807/216 1735/1809/216 2115/1810/216 
s 2
f 2115/1810/215 1735/1809/215 1734/667/215 2116/666/215 
s 1
f 2116/666/214 1734/667/214 1748/1811/214 2117/1812/214 
s 2
f 2117/1812/213 1748/1811/213 1750/2215/213 2106/2214/213 
s 4
f 2108/682/208 2111/683/208 2112/684/208 2107/685/208 
f 2107/685/208 2112/684/208 2113/686/208 2106/687/208 
f 2106/687/208 2113/686/208 2114/688/208 2117/689/208 
f 2117/689/208 2114/688/208 2115/690/208 2116/678/208 
f 2111/683/208 2108/682/208 2109/691/208 2110/679/208 
f 1750/688/210 1735/689/210 1737/687/210 1752/686/210 
f 1752/686/210 1737/687/210 1739/685/210 1754/684/210 
f 1754/684/210 1739/685/210 1741/682/210 1756/683/210 
f 1756/683/210 1741/682/210 1743/691/210 1745/679/210 
f 1735/689/210 1750/688/210 1748/690/210 1734/678/210 
s 1
f 1749/2214/212 2118/2215/212 2119/679/212 1751/678/212 
s 2
f 1751/678/223 2119/679/223 2120/1815/223 1753/1816/223 
s 1
f 1753/1816/222 2120/1815/222 2121/1813/222 1755/1814/222 
s 2
f 1755/1814/221 2121/1813/221 2122/679/221 1746/678/221 
s 1
f 1746/678/220 2122/679/220 2123/1817/220 1744/1818/220 
s 2
f 1744/1818/219 2123/1817/219 2124/1809/219 1742/1810/219 
s 1
f 1742/1810/218 2124/1809/218 2125/667/218 1740/666/218 
s 2
f 1740/666/217 2125/667/217 2126/1807/217 1738/1808/217 
s 1
f 1738/1808/216 2126/1807/216 2127/1809/216 1736/1810/216 
s 2
f 1736/1810/215 2127/1809/215 2128/667/215 1733/666/215 
s 1
f 1733/666/214 2128/667/214 2129/1811/214 1747/1812/214 
s 2
f 1747/1812/213 2129/1811/213 2118/2215/213 1749/2214/213 
s 4
f 1753/682/208 1744/683/208 1742/684/208 1751/685/208 
f 1751/685/208 1742/684/208 1740/686/208 1749/687/208 
f 1749/687/208 1740/686/208 1738/688/208 1747/689/208 
f 1747/689/208 1738/688/208 1736/690/208 1733/678/208 
f 1744/683/208 1753/682/208 1755/691/208 1746/679/208 
f 2118/688/210 2127/689/210 2126/687/210 2119/686/210 
f 2119/686/210 2126/687/210 2125/685/210 2120/684/210 
f 2120/684/210 2125/685/210 2124/682/210 2121/683/210 
f 2121/683/210 2124/682/210 2123/691/210 2122/679/210 
f 2127/689/210 2118/688/210 2129/690/210 2128/678/210 
s 1
f 2130/2013/1600 2131/2014/1600 2132/2015/1600 2133/2016/1600 
s 2
f 2133/2016/1601 2132/2015/1601 2134/2017/1601 2135/2018/1601 
s 1
f 2135/2018/1602 2134/2017/1602 2136/1203/1602 2137/1190/1602 
s 2
f 2137/1190/1603 2136/1203/1603 2138/2015/1603 2139/2016/1603 
s 1
f 2139/2016/1604 2138/2015/1604 2140/2017/1604 2141/2018/1604 
s 2
f 2141/2018/1605 2140/2017/1605 2142/1203/1605 2143/1190/1605 
s 1
f 2143/1190/1606 2142/1203/1606 2144/2019/1606 2145/2020/1606 
s 2
f 2145/2020/1607 2144/2019/1607 2146/2021/1607 2147/2022/1607 
s 1
f 2147/2022/1608 2146/2021/1608 2148/2014/1608 2149/2013/1608 
s 2
f 2149/2013/1609 2148/2014/1609 2150/2019/1609 2151/2020/1609 
s 1
f 2151/2020/1610 2150/2019/1610 2152/2021/1610 2153/2022/1610 
s 2
f 2153/2022/1611 2152/2021/1611 2131/2014/1611 2130/2013/1611 
s 4
f 2135/1201/208 2141/1202/208 2143/1203/208 2133/1204/208 
f 2133/1204/208 2143/1203/208 2145/1205/208 2130/1187/208 
f 2130/1187/208 2145/1205/208 2147/1206/208 2153/1207/208 
f 2153/1207/208 2147/1206/208 2149/1208/208 2151/1209/208 
f 2141/1202/208 2135/1201/208 2137/1210/208 2139/1211/208 
f 2131/1190/210 2148/1191/210 2146/1192/210 2132/1193/210 
f 2132/1193/210 2146/1192/210 2144/1194/210 2134/1195/210 
f 2134/1195/210 2144/1194/210 2142/1186/210 2136/1196/210 
f 2136/1196/210 2142/1186/210 2140/1197/210 2138/1198/210 
f 2148/1191/210 2131/1190/210 2152/1199/210 2150/1200/210 
s 1
f 1171/1814/212 994/1813/212 993/679/212 2154/678/212 
s 2
f 2154/678/223 993/679/223 1012/1817/223 1191/1818/223 
s 1
f 1191/1818/222 1012/1817/222 1010/1813/222 1189/1814/222 
s 2
f 1189/1814/221 1010/1813/221 981/679/221 1187/678/221 
s 1
f 1187/678/220 981/679/220 1008/1807/220 1185/1808/220 
s 2
f 1185/1808/219 1008/1807/219 1006/1809/219 1183/1810/219 
s 1
f 1183/1810/218 1006/1809/218 1004/667/218 2155/666/218 
s 2
f 2155/666/217 1004/667/217 1002/1811/217 1179/1812/217 
s 1
f 1179/1812/216 1002/1811/216 1000/1809/216 1177/1810/216 
s 2
f 1177/1810/215 1000/1809/215 998/667/215 1175/666/215 
s 1
f 1175/666/214 998/667/214 996/1815/214 1173/1816/214 
s 2
f 1173/1816/213 996/1815/213 994/1813/213 1171/1814/213 
s 4
f 1191/682/208 1185/683/208 1183/684/208 2154/685/208 
f 2154/685/208 1183/684/208 2155/686/208 1171/687/208 
f 1171/687/208 2155/686/208 1179/688/208 1173/689/208 
f 1173/689/208 1179/688/208 1177/690/208 1175/678/208 
f 1185/683/208 1191/682/208 1189/691/208 1187/679/208 
f 994/688/210 1000/689/210 1002/687/210 993/686/210 
f 993/686/210 1002/687/210 1004/685/210 1012/684/210 
f 1012/684/210 1004/685/210 1006/682/210 1010/683/210 
f 1010/683/210 1006/682/210 1008/691/210 981/679/210 
f 1000/689/210 994/688/210 996/690/210 998/678/210 
s 1
f 2156/1814/212 341/1813/212 340/679/212 2157/678/212 
s 2
f 2157/678/223 340/679/223 359/1817/223 2158/1818/223 
s 1
f 2158/1818/222 359/1817/222 357/1813/222 2159/1814/222 
s 2
f 2159/1814/221 357/1813/221 328/679/221 2160/678/221 
s 1
f 2160/678/220 328/679/220 355/1807/220 2161/1808/220 
s 2
f 2161/1808/219 355/1807/219 353/1809/219 2162/1810/219 
s 1
f 2162/1810/218 353/1809/218 351/667/218 2163/666/218 
s 2
f 2163/666/217 351/667/217 349/1811/217 2164/1812/217 
s 1
f 2164/1812/216 349/1811/216 347/1809/216 2165/1810/216 
s 2
f 2165/1810/215 347/1809/215 345/667/215 2166/666/215 
s 1
f 2166/666/214 345/667/214 343/1815/214 2167/1816/214 
s 2
f 2167/1816/213 343/1815/213 341/1813/213 2156/1814/213 
s 4
f 2158/682/208 2161/683/208 2162/684/208 2157/685/208 
f 2157/685/208 2162/684/208 2163/686/208 2156/687/208 
f 2156/687/208 2163/686/208 2164/688/208 2167/689/208 
f 2167/689/208 2164/688/208 2165/690/208 2166/678/208 
f 2161/683/208 2158/682/208 2159/691/208 2160/679/208 
f 341/688/210 347/689/210 349/687/210 340/686/210 
f 340/686/210 349/687/210 351/685/210 359/684/210 
f 359/684/210 351/685/210 353/682/210 357/683/210 
f 357/683/210 353/682/210 355/691/210 328/679/210 
f 347/689/210 341/688/210 343/690/210 345/678/210 
s 1
f 342/1814/212 2168/1813/212 2169/679/212 339/678/212 
s 2
f 339/678/223 2169/679/223 2170/1817/223 360/1818/223 
s 1
f 360/1818/222 2170/1817/222 2171/1813/222 358/1814/222 
s 2
f 358/1814/221 2171/1813/221 2172/679/221 327/678/221 
s 1
f 327/678/220 2172/679/220 2173/1807/220 356/1808/220 
s 2
f 356/1808/219 2173/1807/219 2174/1809/219 354/1810/219 
s 1
f 354/1810/218 2174/1809/218 2175/667/218 352/666/218 
s 2
f 352/666/217 2175/667/217 2176/1811/217 350/1812/217 
s 1
f 350/1812/216 2176/1811/216 2177/1809/216 348/1810/216 
s 2
f 348/1810/215 2177/1809/215 2178/667/215 346/666/215 
s 1
f 346/666/214 2178/667/214 2179/1815/214 344/1816/214 
s 2
f 344/1816/213 2179/1815/213 2168/1813/213 342/1814/213 
s 4
f 360/682/208 356/683/208 354/684/208 339/685/208 
f 339/685/208 354/684/208 352/686/208 342/687/208 
f 342/687/208 352/686/208 350/688/208 344/689/208 
f 344/689/208 350/688/208 348/690/208 346/678/208 
f 356/683/208 360/682/208 358/691/208 327/679/208 
f 2168/688/210 2177/689/210 2176/687/210 2169/686/210 
f 2169/686/210 2176/687/210 2175/685/210 2170/684/210 
f 2170/684/210 2175/685/210 2174/682/210 2171/683/210 
f 2171/683/210 2174/682/210 2173/691/210 2172/679/210 
f 2177/689/210 2168/688/210 2179/690/210 2178/678/210 
s 1
f 2180/2013/1600 2181/2014/1600 2182/2015/1600 2183/2016/1600 
s 2
f 2183/2016/1601 2182/2015/1601 2184/2017/1601 2185/2018/1601 
s 1
f 2185/2018/1602 2184/2017/1602 2186/1203/1602 2187/1190/1602 
s 2
f 2187/1190/1603 2186/1203/1603 2188/2015/1603 2189/2016/1603 
s 1
f 2189/2016/1604 2188/2015/1604 2190/2017/1604 2191/2018/1604 
s 2
f 2191/2018/1605 2190/2017/1605 2192/1203/1605 2193/1190/1605 
s 1
f 2193/1190/1606 2192/1203/1606 2194/2019/1606 2195/2020/1606 
s 2
f 2195/2020/1607 2194/2019/1607 2196/2021/1607 2197/2022/1607 
s 1
f 2197/2022/1608 2196/2021/1608 2198/2014/1608 2199/2013/1608 
s 2
f 2199/2013/1609 2198/2014/1609 2200/2019/1609 2201/2020/1609 
s 1
f 2201/2020/1610 2200/2019/1610 2202/2021/1610 2203/2022/1610 
s 2
f 2203/2022/1611 2202/2021/1611 2181/2014/1611 2180/2013/1611 
s 4
f 2185/1201/208 2191/1202/208 2193/1203/208 2183/1204/208 
f 2183/1204/208 2193/1203/208 2195/1205/208 2180/1187/208 
f 2180/1187/208 2195/1205/208 2197/1206/208 2203/1207/208 
f 2203/1207/208 2197/1206/208 2199/1208/208 2201/1209/208 
f 2191/1202/208 2185/1201/208 2187/1210/208 2189/1211/208 
f 2181/1190/210 2198/1191/210 2196/1192/210 2182/1193/210 
f 2182/1193/210 2196/1192/210 2194/1194/210 2184/1195/210 
f 2184/1195/210 2194/1194/210 2192/1186/210 2186/1196/210 
f 2186/1196/210 2192/1186/210 2190/1197/210 2188/1198/210 
f 2198/1191/210 2181/1190/210 2202/1199/210 2200/1200/210 
s 1
f 1147/1814/212 1034/1813/212 1033/679/212 2204/678/212 
s 2
f 2204/678/223 1033/679/223 1052/1817/223 1167/1818/223 
s 1
f 1167/1818/222 1052/1817/222 1050/1813/222 1165/1814/222 
s 2
f 1165/1814/221 1050/1813/221 1021/679/221 1163/678/221 
s 1
f 1163/678/220 1021/679/220 1048/1807/220 1161/1808/220 
s 2
f 1161/1808/219 1048/1807/219 1046/1809/219 1159/1810/219 
s 1
f 1159/1810/218 1046/1809/218 1044/667/218 2205/666/218 
s 2
f 2205/666/217 1044/667/217 1042/1811/217 1155/1812/217 
s 1
f 1155/1812/216 1042/1811/216 1040/1809/216 1153/1810/216 
s 2
f 1153/1810/215 1040/1809/215 1038/667/215 1151/666/215 
s 1
f 1151/666/214 1038/667/214 1036/1815/214 1149/1816/214 
s 2
f 1149/1816/213 1036/1815/213 1034/1813/213 1147/1814/213 
s 4
f 1167/682/208 1161/683/208 1159/684/208 2204/685/208 
f 2204/685/208 1159/684/208 2205/686/208 1147/687/208 
f 1147/687/208 2205/686/208 1155/688/208 1149/689/208 
f 1149/689/208 1155/688/208 1153/690/208 1151/678/208 
f 1161/683/208 1167/682/208 1165/691/208 1163/679/208 
f 1034/688/210 1040/689/210 1042/687/210 1033/686/210 
f 1033/686/210 1042/687/210 1044/685/210 1052/684/210 
f 1052/684/210 1044/685/210 1046/682/210 1050/683/210 
f 1050/683/210 1046/682/210 1048/691/210 1021/679/210 
f 1040/689/210 1034/688/210 1036/690/210 1038/678/210 
s 1
f 2206/1814/212 381/1813/212 380/679/212 2207/678/212 
s 2
f 2207/678/223 380/679/223 399/1817/223 2208/1818/223 
s 1
f 2208/1818/222 399/1817/222 397/1813/222 2209/1814/222 
s 2
f 2209/1814/221 397/1813/221 368/679/221 2210/678/221 
s 1
f 2210/678/220 368/679/220 395/1807/220 2211/1808/220 
s 2
f 2211/1808/219 395/1807/219 393/1809/219 2212/1810/219 
s 1
f 2212/1810/218 393/1809/218 391/667/218 2213/666/218 
s 2
f 2213/666/217 391/667/217 389/1811/217 2214/1812/217 
s 1
f 2214/1812/216 389/1811/216 387/1809/216 2215/1810/216 
s 2
f 2215/1810/215 387/1809/215 385/667/215 2216/666/215 
s 1
f 2216/666/214 385/667/214 383/1815/214 2217/1816/214 
s 2
f 2217/1816/213 383/1815/213 381/1813/213 2206/1814/213 
s 4
f 2208/682/208 2211/683/208 2212/684/208 2207/685/208 
f 2207/685/208 2212/684/208 2213/686/208 2206/687/208 
f 2206/687/208 2213/686/208 2214/688/208 2217/689/208 
f 2217/689/208 2214/688/208 2215/690/208 2216/678/208 
f 2211/683/208 2208/682/208 2209/691/208 2210/679/208 
f 381/688/210 387/689/210 389/687/210 380/686/210 
f 380/686/210 389/687/210 391/685/210 399/684/210 
f 399/684/210 391/685/210 393/682/210 397/683/210 
f 397/683/210 393/682/210 395/691/210 368/679/210 
f 387/689/210 381/688/210 383/690/210 385/678/210 
s 1
f 382/1814/212 2218/1813/212 2219/679/212 379/678/212 
s 2
f 379/678/223 2219/679/223 2220/1817/223 400/1818/223 
s 1
f 400/1818/222 2220/1817/222 2221/1813/222 398/1814/222 
s 2
f 398/1814/221 2221/1813/221 2222/679/221 367/678/221 
s 1
f 367/678/220 2222/679/220 2223/1807/220 396/1808/220 
s 2
f 396/1808/219 2223/1807/219 2224/1809/219 394/1810/219 
s 1
f 394/1810/218 2224/1809/218 2225/667/218 392/666/218 
s 2
f 392/666/217 2225/667/217 2226/1811/217 390/1812/217 
s 1
f 390/1812/216 2226/1811/216 2227/1809/216 388/1810/216 
s 2
f 388/1810/215 2227/1809/215 2228/667/215 386/666/215 
s 1
f 386/666/214 2228/667/214 2229/1815/214 384/1816/214 
s 2
f 384/1816/213 2229/1815/213 2218/1813/213 382/1814/213 
s 4
f 400/682/208 396/683/208 394/684/208 379/685/208 
f 379/685/208 394/684/208 392/686/208 382/687/208 
f 382/687/208 392/686/208 390/688/208 384/689/208 
f 384/689/208 390/688/208 388/690/208 386/678/208 
f 396/683/208 400/682/208 398/691/208 367/679/208 
f 2218/688/210 2227/689/210 2226/687/210 2219/686/210 
f 2219/686/210 2226/687/210 2225/685/210 2220/684/210 
f 2220/684/210 2225/685/210 2224/682/210 2221/683/210 
f 2221/683/210 2224/682/210 2223/691/210 2222/679/210 
f 2227/689/210 2218/688/210 2229/690/210 2228/678/210 
s 1
f 2230/641/201 2231/642/201 2232/643/201 2233/644/201 
s 2
f 2232/643/202 2231/642/202 2234/645/202 2235/646/202 
s 1
f 2235/646/203 2234/645/203 2236/647/203 2237/648/203 
s 2
f 2233/648/204 2238/649/204 2239/650/204 2230/647/204 
f 2237/649/205 2236/650/205 2240/651/205 2241/652/205 
s 1
f 2241/652/206 2240/651/206 2242/653/206 2243/654/206 
s 2
f 2243/654/207 2242/653/207 2244/647/207 2245/648/207 
s 4
f 2233/648/208 2232/655/208 2235/656/208 2238/647/208 
f 2238/647/208 2235/656/208 2237/657/208 2246/650/208 
f 2246/650/208 2237/657/208 2241/658/208 2243/659/208 
f 2243/659/208 2245/649/208 2246/650/208 
s 1
f 2238/648/209 2246/649/209 2247/650/209 2239/647/209 
s 4
f 2244/648/210 2242/655/210 2240/656/210 2247/647/210 
f 2247/647/210 2240/656/210 2236/657/210 2239/650/210 
f 2239/650/210 2236/657/210 2234/658/210 2231/659/210 
f 2231/659/210 2230/649/210 2239/650/210 
s 8
f 2244/660/211 2247/647/211 2246/648/211 2245/661/211 
s 1
f 2248/647/212 2249/648/212 2250/662/212 2251/663/212 
s 2
f 2251/663/213 2250/662/213 2252/664/213 2253/665/213 
s 1
f 2253/665/214 2252/664/214 2254/666/214 2255/667/214 
s 2
f 2255/667/215 2254/666/215 2256/668/215 2257/669/215 
s 1
f 2257/669/216 2256/668/216 2258/670/216 2259/671/216 
s 2
f 2259/671/217 2258/670/217 2260/672/217 2261/673/217 
s 1
f 2261/674/218 2260/675/218 2262/670/218 2263/671/218 
s 2
f 2263/671/219 2262/670/219 2264/676/219 2265/677/219 
s 1
f 2265/677/220 2264/676/220 2237/678/220 2236/679/220 
s 2
f 2236/679/221 2237/678/221 2266/680/221 2267/681/221 
s 1
f 2267/681/222 2266/680/222 2268/662/222 2269/663/222 
s 2
f 2269/663/223 2268/662/223 2249/649/223 2248/650/223 
s 4
f 2263/682/210 2267/683/210 2269/684/210 2261/685/210 
f 2261/685/210 2269/684/210 2248/686/210 2259/687/210 
f 2259/687/210 2248/686/210 2251/688/210 2257/689/210 
f 2257/689/210 2251/688/210 2253/690/210 2255/678/210 
f 2267/683/210 2263/682/210 2265/691/210 2236/679/210 
f 2258/688/208 2252/689/208 2250/687/208 2260/686/208 
f 2260/686/208 2250/687/208 2249/685/208 2262/684/208 
f 2262/684/208 2249/685/208 2268/682/208 2264/683/208 
f 2264/683/208 2268/682/208 2266/691/208 2237/679/208 
f 2252/689/208 2258/688/208 2256/690/208 2254/678/208 
s 1
f 2270/641/201 2271/642/201 2272/643/201 2273/644/201 
s 2
f 2272/643/202 2271/642/202 2274/645/202 2275/646/202 
s 1
f 2275/646/203 2274/645/203 2276/647/203 2277/648/203 
s 2
f 2273/648/204 2278/649/204 2279/650/204 2270/647/204 
f 2277/649/205 2276/650/205 2280/651/205 2281/652/205 
s 1
f 2281/652/206 2280/651/206 2282/653/206 2283/654/206 
s 2
f 2283/654/207 2282/653/207 2284/647/207 2285/648/207 
s 4
f 2273/648/208 2272/655/208 2275/656/208 2278/647/208 
f 2278/647/208 2275/656/208 2277/657/208 2286/650/208 
f 2286/650/208 2277/657/208 2281/658/208 2283/659/208 
f 2283/659/208 2285/649/208 2286/650/208 
s 1
f 2278/648/209 2286/649/209 2287/650/209 2279/647/209 
s 4
f 2284/648/210 2282/655/210 2280/656/210 2287/647/210 
f 2287/647/210 2280/656/210 2276/657/210 2279/650/210 
f 2279/650/210 2276/657/210 2274/658/210 2271/659/210 
f 2271/659/210 2270/649/210 2279/650/210 
s 8
f 2284/660/211 2287/647/211 2286/648/211 2285/661/211 
s 1
f 2288/647/212 2289/648/212 2290/662/212 2291/663/212 
s 2
f 2291/663/213 2290/662/213 2292/664/213 2293/665/213 
s 1
f 2293/665/214 2292/664/214 2294/666/214 2295/667/214 
s 2
f 2295/667/215 2294/666/215 2296/668/215 2297/669/215 
s 1
f 2297/669/216 2296/668/216 2298/670/216 2299/671/216 
s 2
f 2299/671/217 2298/670/217 2300/672/217 2301/673/217 
s 1
f 2301/674/218 2300/675/218 2302/670/218 2303/671/218 
s 2
f 2303/671/219 2302/670/219 2304/676/219 2305/677/219 
s 1
f 2305/677/220 2304/676/220 2277/678/220 2276/679/220 
s 2
f 2276/679/221 2277/678/221 2306/680/221 2307/681/221 
s 1
f 2307/681/222 2306/680/222 2308/662/222 2309/663/222 
s 2
f 2309/663/223 2308/662/223 2289/649/223 2288/650/223 
s 4
f 2303/682/210 2307/683/210 2309/684/210 2301/685/210 
f 2301/685/210 2309/684/210 2288/686/210 2299/687/210 
f 2299/687/210 2288/686/210 2291/688/210 2297/689/210 
f 2297/689/210 2291/688/210 2293/690/210 2295/678/210 
f 2307/683/210 2303/682/210 2305/691/210 2276/679/210 
f 2298/688/208 2292/689/208 2290/687/208 2300/686/208 
f 2300/686/208 2290/687/208 2289/685/208 2302/684/208 
f 2302/684/208 2289/685/208 2308/682/208 2304/683/208 
f 2304/683/208 2308/682/208 2306/691/208 2277/679/208 
f 2292/689/208 2298/688/208 2296/690/208 2294/678/208 
s 1
f 2310/650/224 2311/692/224 2312/693/224 2313/649/224 
s 2
f 2312/693/225 2311/692/225 2314/645/225 2315/646/225 
s 1
f 2315/646/226 2314/645/226 2316/647/226 2317/648/226 
f 2318/650/227 2319/647/227 2320/648/227 2321/649/227 
s 4
f 2310/650/210 2322/647/210 2323/694/210 2311/695/210 
f 2311/695/210 2323/694/210 2324/696/210 2314/697/210 
f 2314/697/210 2324/696/210 2325/698/210 2316/699/210 
f 2316/699/210 2325/698/210 2326/700/210 2327/701/210 
f 2327/701/210 2326/700/210 2319/648/210 2328/702/210 
f 2328/702/210 2319/648/210 2318/649/210 
s 2
f 2317/649/228 2316/650/228 2327/703/228 2329/704/228 
s 1
f 2329/704/229 2327/703/229 2328/705/229 2330/706/229 
s 2
f 2330/706/230 2328/705/230 2318/674/230 2321/675/230 
s 4
f 2313/647/208 2312/707/208 2331/708/208 2332/650/208 
f 2331/708/208 2312/707/208 2315/709/208 2333/710/208 
f 2333/710/208 2315/709/208 2317/711/208 2334/712/208 
f 2334/712/208 2317/711/208 2329/713/208 2335/714/208 
f 2335/714/208 2329/713/208 2330/715/208 2320/649/208 
f 2320/649/208 2330/715/208 2321/648/208 
s 2
f 2319/673/231 2326/716/231 2335/717/231 2320/672/231 
s 1
f 2335/717/232 2326/716/232 2325/718/232 2334/719/232 
s 2
f 2334/719/211 2325/718/211 2324/720/211 2333/721/211 
s 1
f 2333/721/233 2324/720/233 2323/722/233 2331/723/233 
s 2
f 2331/723/234 2323/722/234 2322/647/234 2332/648/234 
s 8
f 2310/647/209 2313/648/209 2332/649/209 2322/650/209 
s 1
f 2336/647/221 2337/648/221 2338/662/221 2339/663/221 
s 2
f 2339/663/222 2338/662/222 2340/676/222 2341/677/222 
s 1
f 2341/677/223 2340/676/223 2317/678/223 2316/679/223 
s 2
f 2316/679/212 2317/678/212 2342/668/212 2343/669/212 
s 1
f 2343/669/213 2342/668/213 2344/670/213 2345/671/213 
s 2
f 2345/671/214 2344/670/214 2346/672/214 2347/673/214 
s 1
f 2347/674/215 2346/675/215 2348/670/215 2349/671/215 
s 2
f 2349/671/216 2348/670/216 2350/664/216 2351/665/216 
s 1
f 2351/665/217 2350/664/217 2352/666/217 2353/667/217 
s 2
f 2353/667/218 2352/666/218 2354/680/218 2355/681/218 
s 1
f 2355/681/219 2354/680/219 2356/662/219 2357/663/219 
s 2
f 2357/663/220 2356/662/220 2337/649/220 2336/650/220 
s 4
f 2349/689/210 2355/682/210 2357/691/210 2347/678/210 
f 2347/678/210 2357/691/210 2336/679/210 2345/690/210 
f 2345/690/210 2336/679/210 2339/683/210 2343/688/210 
f 2343/688/210 2339/683/210 2341/684/210 2316/686/210 
f 2355/682/210 2349/689/210 2351/687/210 2353/685/210 
f 2344/689/208 2340/682/208 2338/691/208 2346/678/208 
f 2346/678/208 2338/691/208 2337/679/208 2348/690/208 
f 2348/690/208 2337/679/208 2356/683/208 2350/688/208 
f 2350/688/208 2356/683/208 2354/684/208 2352/686/208 
f 2340/682/208 2344/689/208 2342/687/208 2317/685/208 
s 1
f 2358/649/220 2359/650/220 2360/663/220 2361/662/220 
s 2
f 2361/662/219 2360/663/219 2362/1170/219 2363/1171/219 
s 1
f 2363/1171/218 2362/1170/218 2364/667/218 2365/666/218 
s 2
f 2365/666/217 2364/667/217 2366/1172/217 2367/1173/217 
s 1
f 2367/1173/216 2366/1172/216 2368/671/216 2369/670/216 
s 2
f 2369/670/215 2368/671/215 2370/674/215 2371/675/215 
s 1
f 2371/672/214 2370/673/214 2372/671/214 2373/670/214 
s 2
f 2373/670/213 2372/671/213 2374/1174/213 2375/1175/213 
s 1
f 2375/1175/212 2374/1174/212 2376/679/212 2377/678/212 
s 2
f 2377/678/223 2376/679/223 2378/1176/223 2379/1177/223 
s 1
f 2379/1177/222 2378/1176/222 2380/663/222 2381/662/222 
s 2
f 2381/662/221 2380/663/221 2359/647/221 2358/648/221 
s 4
f 2373/689/208 2379/682/208 2381/691/208 2371/678/208 
f 2371/678/208 2381/691/208 2358/679/208 2369/690/208 
f 2369/690/208 2358/679/208 2361/683/208 2367/688/208 
f 2367/688/208 2361/683/208 2363/684/208 2365/686/208 
f 2379/682/208 2373/689/208 2375/687/208 2377/685/208 
f 2368/689/210 2362/682/210 2360/691/210 2370/678/210 
f 2370/678/210 2360/691/210 2359/679/210 2372/690/210 
f 2372/690/210 2359/679/210 2380/683/210 2374/688/210 
f 2374/688/210 2380/683/210 2378/684/210 2376/686/210 
f 2362/682/210 2368/689/210 2366/687/210 2364/685/210 
s 1
f 2382/1805/218 1256/1806/218 1254/667/218 2383/666/218 
s 2
f 2383/666/217 1254/667/217 1252/1807/217 2384/1808/217 
s 1
f 2384/1808/216 1252/1807/216 1250/1809/216 2385/1810/216 
s 2
f 2385/1810/215 1250/1809/215 2386/667/215 2387/666/215 
s 1
f 2387/666/214 2386/667/214 1246/1811/214 2388/1812/214 
s 2
f 2388/1812/213 1246/1811/213 1244/1813/213 2389/1814/213 
s 1
f 2389/1814/212 1244/1813/212 1242/679/212 2390/678/212 
s 2
f 2390/678/223 1242/679/223 1240/1815/223 2391/1816/223 
s 1
f 2391/1816/222 1240/1815/222 1238/1813/222 2392/1814/222 
s 2
f 2392/1814/221 1238/1813/221 2393/679/221 2394/678/221 
s 1
f 2394/678/220 2393/679/220 1258/1817/220 2395/1818/220 
s 2
f 2395/1818/219 1258/1817/219 1256/1806/219 2382/1805/219 
s 4
f 2384/688/208 2388/689/208 2389/687/208 2383/686/208 
f 2383/686/208 2389/687/208 2390/685/208 2382/684/208 
f 2382/684/208 2390/685/208 2391/682/208 2395/683/208 
f 2395/683/208 2391/682/208 2392/691/208 2394/679/208 
f 2388/689/208 2384/688/208 2385/690/208 2387/678/208 
f 1256/682/210 1238/683/210 1240/684/210 1254/685/210 
f 1254/685/210 1240/684/210 1242/686/210 1252/687/210 
f 1252/687/210 1242/686/210 1244/688/210 1250/689/210 
f 1250/689/210 1244/688/210 1246/690/210 2386/678/210 
f 1238/683/210 1256/682/210 1258/691/210 2393/679/210 
s 1
f 2396/2214/212 1277/2215/212 2397/679/212 2398/678/212 
s 2
f 2398/678/223 2397/679/223 1281/1815/223 2399/1816/223 
s 1
f 2399/1816/222 1281/1815/222 2400/1813/222 2401/1814/222 
s 2
f 2401/1814/221 2400/1813/221 2402/679/221 2403/678/221 
s 1
f 2403/678/220 2402/679/220 2404/1817/220 2405/1818/220 
s 2
f 2405/1818/219 2404/1817/219 1265/1809/219 2406/1810/219 
s 1
f 2406/1810/218 1265/1809/218 2407/667/218 2408/666/218 
s 2
f 2408/666/217 2407/667/217 1269/1807/217 2409/1808/217 
s 1
f 2409/1808/216 1269/1807/216 2410/1809/216 2411/1810/216 
s 2
f 2411/1810/215 2410/1809/215 2412/667/215 2413/666/215 
s 1
f 2413/666/214 2412/667/214 2414/1811/214 2415/1812/214 
s 2
f 2415/1812/213 2414/1811/213 1277/2215/213 2396/2214/213 
s 4
f 2399/682/208 2405/683/208 2406/684/208 2398/685/208 
f 2398/685/208 2406/684/208 2408/686/208 2396/687/208 
f 2396/687/208 2408/686/208 2409/688/208 2415/689/208 
f 2415/689/208 2409/688/208 2411/690/208 2413/678/208 
f 2405/683/208 2399/682/208 2401/691/208 2403/679/208 
f 1277/688/210 2410/689/210 1269/687/210 2397/686/210 
f 2397/686/210 1269/687/210 2407/685/210 1281/684/210 
f 1281/684/210 2407/685/210 1265/682/210 2400/683/210 
f 2400/683/210 1265/682/210 2404/691/210 2402/679/210 
f 2410/689/210 1277/688/210 2414/690/210 2412/678/210 
s 1
f 2416/1814/212 1170/1813/212 2417/679/212 2418/678/212 
s 2
f 2418/678/223 2417/679/223 1190/1817/223 2419/1818/223 
s 1
f 2419/1818/222 1190/1817/222 1188/1813/222 2420/1814/222 
s 2
f 2420/1814/221 1188/1813/221 1186/679/221 2421/678/221 
s 1
f 2421/678/220 1186/679/220 1184/1807/220 2422/1808/220 
s 2
f 2422/1808/219 1184/1807/219 1182/1809/219 2423/1810/219 
s 1
f 2423/1810/218 1182/1809/218 2424/667/218 2425/666/218 
s 2
f 2425/666/217 2424/667/217 1178/1811/217 2426/1812/217 
s 1
f 2426/1812/216 1178/1811/216 1176/1809/216 2427/1810/216 
s 2
f 2427/1810/215 1176/1809/215 1174/667/215 2428/666/215 
s 1
f 2428/666/214 1174/667/214 1172/1815/214 2429/1816/214 
s 2
f 2429/1816/213 1172/1815/213 1170/1813/213 2416/1814/213 
s 4
f 2419/682/208 2422/683/208 2423/684/208 2418/685/208 
f 2418/685/208 2423/684/208 2425/686/208 2416/687/208 
f 2416/687/208 2425/686/208 2426/688/208 2429/689/208 
f 2429/689/208 2426/688/208 2427/690/208 2428/678/208 
f 2422/683/208 2419/682/208 2420/691/208 2421/679/208 
f 1170/688/210 1176/689/210 1178/687/210 2417/686/210 
f 2417/686/210 1178/687/210 2424/685/210 1190/684/210 
f 1190/684/210 2424/685/210 1182/682/210 1188/683/210 
f 1188/683/210 1182/682/210 1184/691/210 1186/679/210 
f 1176/689/210 1170/688/210 1172/690/210 1174/678/210 
s 1
f 2430/1814/212 1146/1813/212 2431/679/212 2432/678/212 
s 2
f 2432/678/223 2431/679/223 1166/1817/223 2433/1818/223 
s 1
f 2433/1818/222 1166/1817/222 1164/1813/222 2434/1814/222 
s 2
f 2434/1814/221 1164/1813/221 1162/679/221 2435/678/221 
s 1
f 2435/678/220 1162/679/220 1160/1807/220 2436/1808/220 
s 2
f 2436/1808/219 1160/1807/219 1158/1809/219 2437/1810/219 
s 1
f 2437/1810/218 1158/1809/218 2438/667/218 2439/666/218 
s 2
f 2439/666/217 2438/667/217 1154/1811/217 2440/1812/217 
s 1
f 2440/1812/216 1154/1811/216 1152/1809/216 2441/1810/216 
s 2
f 2441/1810/215 1152/1809/215 1150/667/215 2442/666/215 
s 1
f 2442/666/214 1150/667/214 1148/1815/214 2443/1816/214 
s 2
f 2443/1816/213 1148/1815/213 1146/1813/213 2430/1814/213 
s 4
f 2433/682/208 2436/683/208 2437/684/208 2432/685/208 
f 2432/685/208 2437/684/208 2439/686/208 2430/687/208 
f 2430/687/208 2439/686/208 2440/688/208 2443/689/208 
f 2443/689/208 2440/688/208 2441/690/208 2442/678/208 
f 2436/683/208 2433/682/208 2434/691/208 2435/679/208 
f 1146/688/210 1152/689/210 1154/687/210 2431/686/210 
f 2431/686/210 1154/687/210 2438/685/210 1166/684/210 
f 1166/684/210 2438/685/210 1158/682/210 1164/683/210 
f 1164/683/210 1158/682/210 1160/691/210 1162/679/210 
f 1152/689/210 1146/688/210 1148/690/210 1150/678/210 
s 1
f 2444/641/201 2445/642/201 2446/643/201 2447/644/201 
s 2
f 2446/643/202 2445/642/202 2448/645/202 2449/646/202 
s 1
f 2449/646/203 2448/645/203 2450/647/203 2451/648/203 
s 2
f 2447/648/204 2452/649/204 2453/650/204 2444/647/204 
f 2451/649/205 2450/650/205 2454/651/205 2455/652/205 
s 1
f 2455/652/206 2454/651/206 2456/653/206 2457/654/206 
s 2
f 2457/654/207 2456/653/207 2458/647/207 2459/648/207 
s 4
f 2447/648/208 2446/655/208 2449/656/208 2452/647/208 
f 2452/647/208 2449/656/208 2451/657/208 2460/650/208 
f 2460/650/208 2451/657/208 2455/658/208 2457/659/208 
f 2457/659/208 2459/649/208 2460/650/208 
s 1
f 2452/648/209 2460/649/209 2461/650/209 2453/647/209 
s 4
f 2458/648/210 2456/655/210 2454/656/210 2461/647/210 
f 2461/647/210 2454/656/210 2450/657/210 2453/650/210 
f 2453/650/210 2450/657/210 2448/658/210 2445/659/210 
f 2445/659/210 2444/649/210 2453/650/210 
s 8
f 2458/660/211 2461/647/211 2460/648/211 2459/661/211 
s 1
f 2462/647/212 2463/648/212 2464/662/212 2465/663/212 
s 2
f 2465/663/213 2464/662/213 2466/664/213 2467/665/213 
s 1
f 2467/665/214 2466/664/214 2468/666/214 2469/667/214 
s 2
f 2469/667/215 2468/666/215 2470/668/215 2471/669/215 
s 1
f 2471/669/216 2470/668/216 2472/670/216 2473/671/216 
s 2
f 2473/671/217 2472/670/217 2474/672/217 2475/673/217 
s 1
f 2475/674/218 2474/675/218 2476/670/218 2477/671/218 
s 2
f 2477/671/219 2476/670/219 2478/676/219 2479/677/219 
s 1
f 2479/677/220 2478/676/220 2451/678/220 2450/679/220 
s 2
f 2450/679/221 2451/678/221 2480/680/221 2481/681/221 
s 1
f 2481/681/222 2480/680/222 2482/662/222 2483/663/222 
s 2
f 2483/663/223 2482/662/223 2463/649/223 2462/650/223 
s 4
f 2477/682/210 2481/683/210 2483/684/210 2475/685/210 
f 2475/685/210 2483/684/210 2462/686/210 2473/687/210 
f 2473/687/210 2462/686/210 2465/688/210 2471/689/210 
f 2471/689/210 2465/688/210 2467/690/210 2469/678/210 
f 2481/683/210 2477/682/210 2479/691/210 2450/679/210 
f 2472/688/208 2466/689/208 2464/687/208 2474/686/208 
f 2474/686/208 2464/687/208 2463/685/208 2476/684/208 
f 2476/684/208 2463/685/208 2482/682/208 2478/683/208 
f 2478/683/208 2482/682/208 2480/691/208 2451/679/208 
f 2466/689/208 2472/688/208 2470/690/208 2468/678/208 
s 1
f 2484/641/201 2485/642/201 2486/643/201 2487/644/201 
s 2
f 2486/643/202 2485/642/202 2488/645/202 2489/646/202 
s 1
f 2489/646/203 2488/645/203 2490/647/203 2491/648/203 
s 2
f 2487/648/204 2492/649/204 2493/650/204 2484/647/204 
f 2491/649/205 2490/650/205 2494/651/205 2495/652/205 
s 1
f 2495/652/206 2494/651/206 2496/653/206 2497/654/206 
s 2
f 2497/654/207 2496/653/207 2498/647/207 2499/648/207 
s 4
f 2487/648/208 2486/655/208 2489/656/208 2492/647/208 
f 2492/647/208 2489/656/208 2491/657/208 2500/650/208 
f 2500/650/208 2491/657/208 2495/658/208 2497/659/208 
f 2497/659/208 2499/649/208 2500/650/208 
s 1
f 2492/648/209 2500/649/209 2501/650/209 2493/647/209 
s 4
f 2498/648/210 2496/655/210 2494/656/210 2501/647/210 
f 2501/647/210 2494/656/210 2490/657/210 2493/650/210 
f 2493/650/210 2490/657/210 2488/658/210 2485/659/210 
f 2485/659/210 2484/649/210 2493/650/210 
s 8
f 2498/660/211 2501/647/211 2500/648/211 2499/661/211 
s 1
f 2502/647/212 2503/648/212 2504/662/212 2505/663/212 
s 2
f 2505/663/213 2504/662/213 2506/664/213 2507/665/213 
s 1
f 2507/665/214 2506/664/214 2508/666/214 2509/667/214 
s 2
f 2509/667/215 2508/666/215 2510/668/215 2511/669/215 
s 1
f 2511/669/216 2510/668/216 2512/670/216 2513/671/216 
s 2
f 2513/671/217 2512/670/217 2514/672/217 2515/673/217 
s 1
f 2515/674/218 2514/675/218 2516/670/218 2517/671/218 
s 2
f 2517/671/219 2516/670/219 2518/676/219 2519/677/219 
s 1
f 2519/677/220 2518/676/220 2491/678/220 2490/679/220 
s 2
f 2490/679/221 2491/678/221 2520/680/221 2521/681/221 
s 1
f 2521/681/222 2520/680/222 2522/662/222 2523/663/222 
s 2
f 2523/663/223 2522/662/223 2503/649/223 2502/650/223 
s 4
f 2517/682/210 2521/683/210 2523/684/210 2515/685/210 
f 2515/685/210 2523/684/210 2502/686/210 2513/687/210 
f 2513/687/210 2502/686/210 2505/688/210 2511/689/210 
f 2511/689/210 2505/688/210 2507/690/210 2509/678/210 
f 2521/683/210 2517/682/210 2519/691/210 2490/679/210 
f 2512/688/208 2506/689/208 2504/687/208 2514/686/208 
f 2514/686/208 2504/687/208 2503/685/208 2516/684/208 
f 2516/684/208 2503/685/208 2522/682/208 2518/683/208 
f 2518/683/208 2522/682/208 2520/691/208 2491/679/208 
f 2506/689/208 2512/688/208 2510/690/208 2508/678/208 
s 1
f 2524/650/224 2525/692/224 2526/693/224 2527/649/224 
s 2
f 2526/693/225 2525/692/225 2528/645/225 2529/646/225 
s 1
f 2529/646/226 2528/645/226 2530/647/226 2531/648/226 
f 2532/650/227 2533/647/227 2534/648/227 2535/649/227 
s 4
f 2524/650/210 2536/647/210 2537/694/210 2525/695/210 
f 2525/695/210 2537/694/210 2538/696/210 2528/697/210 
f 2528/697/210 2538/696/210 2539/698/210 2530/699/210 
f 2530/699/210 2539/698/210 2540/700/210 2541/701/210 
f 2541/701/210 2540/700/210 2533/648/210 2542/702/210 
f 2542/702/210 2533/648/210 2532/649/210 
s 2
f 2531/649/228 2530/650/228 2541/703/228 2543/704/228 
s 1
f 2543/704/229 2541/703/229 2542/705/229 2544/706/229 
s 2
f 2544/706/230 2542/705/230 2532/674/230 2535/675/230 
s 4
f 2527/647/208 2526/707/208 2545/708/208 2546/650/208 
f 2545/708/208 2526/707/208 2529/709/208 2547/710/208 
f 2547/710/208 2529/709/208 2531/711/208 2548/712/208 
f 2548/712/208 2531/711/208 2543/713/208 2549/714/208 
f 2549/714/208 2543/713/208 2544/715/208 2534/649/208 
f 2534/649/208 2544/715/208 2535/648/208 
s 2
f 2533/673/231 2540/716/231 2549/717/231 2534/672/231 
s 1
f 2549/717/232 2540/716/232 2539/718/232 2548/719/232 
s 2
f 2548/719/211 2539/718/211 2538/720/211 2547/721/211 
s 1
f 2547/721/233 2538/720/233 2537/722/233 2545/723/233 
s 2
f 2545/723/234 2537/722/234 2536/647/234 2546/648/234 
s 8
f 2524/647/209 2527/648/209 2546/649/209 2536/650/209 
s 1
f 2550/647/221 2551/648/221 2552/662/221 2553/663/221 
s 2
f 2553/663/222 2552/662/222 2554/676/222 2555/677/222 
s 1
f 2555/677/223 2554/676/223 2531/678/223 2530/679/223 
s 2
f 2530/679/212 2531/678/212 2556/668/212 2557/669/212 
s 1
f 2557/669/213 2556/668/213 2558/670/213 2559/671/213 
s 2
f 2559/671/214 2558/670/214 2560/672/214 2561/673/214 
s 1
f 2561/674/215 2560/675/215 2562/670/215 2563/671/215 
s 2
f 2563/671/216 2562/670/216 2564/664/216 2565/665/216 
s 1
f 2565/665/217 2564/664/217 2566/666/217 2567/667/217 
s 2
f 2567/667/218 2566/666/218 2568/680/218 2569/681/218 
s 1
f 2569/681/219 2568/680/219 2570/662/219 2571/663/219 
s 2
f 2571/663/220 2570/662/220 2551/649/220 2550/650/220 
s 4
f 2563/689/210 2569/682/210 2571/691/210 2561/678/210 
f 2561/678/210 2571/691/210 2550/679/210 2559/690/210 
f 2559/690/210 2550/679/210 2553/683/210 2557/688/210 
f 2557/688/210 2553/683/210 2555/684/210 2530/686/210 
f 2569/682/210 2563/689/210 2565/687/210 2567/685/210 
f 2558/689/208 2554/682/208 2552/691/208 2560/678/208 
f 2560/678/208 2552/691/208 2551/679/208 2562/690/208 
f 2562/690/208 2551/679/208 2570/683/208 2564/688/208 
f 2564/688/208 2570/683/208 2568/684/208 2566/686/208 
f 2554/682/208 2558/689/208 2556/687/208 2531/685/208 
s 1
f 2572/649/220 2573/650/220 2574/663/220 2575/662/220 
s 2
f 2575/662/219 2574/663/219 2576/1170/219 2577/1171/219 
s 1
f 2577/1171/218 2576/1170/218 2578/667/218 2579/666/218 
s 2
f 2579/666/217 2578/667/217 2580/1172/217 2581/1173/217 
s 1
f 2581/1173/216 2580/1172/216 2582/671/216 2583/670/216 
s 2
f 2583/670/215 2582/671/215 2584/674/215 2585/675/215 
s 1
f 2585/672/214 2584/673/214 2586/671/214 2587/670/214 
s 2
f 2587/670/213 2586/671/213 2588/1174/213 2589/1175/213 
s 1
f 2589/1175/212 2588/1174/212 2590/679/212 2591/678/212 
s 2
f 2591/678/223 2590/679/223 2592/1176/223 2593/1177/223 
s 1
f 2593/1177/222 2592/1176/222 2594/663/222 2595/662/222 
s 2
f 2595/662/221 2594/663/221 2573/647/221 2572/648/221 
s 4
f 2587/689/208 2593/682/208 2595/691/208 2585/678/208 
f 2585/678/208 2595/691/208 2572/679/208 2583/690/208 
f 2583/690/208 2572/679/208 2575/683/208 2581/688/208 
f 2581/688/208 2575/683/208 2577/684/208 2579/686/208 
f 2593/682/208 2587/689/208 2589/687/208 2591/685/208 
f 2582/689/210 2576/682/210 2574/691/210 2584/678/210 
f 2584/678/210 2574/691/210 2573/679/210 2586/690/210 
f 2586/690/210 2573/679/210 2594/683/210 2588/688/210 
f 2588/688/210 2594/683/210 2592/684/210 2590/686/210 
f 2576/682/210 2582/689/210 2580/687/210 2578/685/210 
s 1
f 2596/1805/218 2597/1806/218 2598/667/218 2599/666/218 
s 2
f 2599/666/217 2598/667/217 2600/1807/217 2601/1808/217 
s 1
f 2601/1808/216 2600/1807/216 2602/1809/216 2603/1810/216 
s 2
f 2603/1810/215 2602/1809/215 2604/667/215 2605/666/215 
s 1
f 2605/666/214 2604/667/214 2606/1811/214 2607/1812/214 
s 2
f 2607/1812/213 2606/1811/213 2608/1813/213 2609/1814/213 
s 1
f 2609/1814/212 2608/1813/212 2610/679/212 2611/678/212 
s 2
f 2611/678/223 2610/679/223 2612/1815/223 2613/1816/223 
s 1
f 2613/1816/222 2612/1815/222 2614/1813/222 2615/1814/222 
s 2
f 2615/1814/221 2614/1813/221 2616/679/221 2617/678/221 
s 1
f 2617/678/220 2616/679/220 2618/1817/220 2619/1818/220 
s 2
f 2619/1818/219 2618/1817/219 2597/1806/219 2596/1805/219 
s 4
f 2601/688/208 2607/689/208 2609/687/208 2599/686/208 
f 2599/686/208 2609/687/208 2611/685/208 2596/684/208 
f 2596/684/208 2611/685/208 2613/682/208 2619/683/208 
f 2619/683/208 2613/682/208 2615/691/208 2617/679/208 
f 2607/689/208 2601/688/208 2603/690/208 2605/678/208 
f 2597/682/210 2614/683/210 2612/684/210 2598/685/210 
f 2598/685/210 2612/684/210 2610/686/210 2600/687/210 
f 2600/687/210 2610/686/210 2608/688/210 2602/689/210 
f 2602/689/210 2608/688/210 2606/690/210 2604/678/210 
f 2614/683/210 2597/682/210 2618/691/210 2616/679/210 
s 1
f 2620/2214/212 2621/2215/212 2622/679/212 2623/678/212 
s 2
f 2623/678/223 2622/679/223 2624/1815/223 2625/1816/223 
s 1
f 2625/1816/222 2624/1815/222 2626/1813/222 2627/1814/222 
s 2
f 2627/1814/221 2626/1813/221 2628/679/221 2629/678/221 
s 1
f 2629/678/220 2628/679/220 2630/1817/220 2631/1818/220 
s 2
f 2631/1818/219 2630/1817/219 2632/1809/219 2633/1810/219 
s 1
f 2633/1810/218 2632/1809/218 2634/667/218 2635/666/218 
s 2
f 2635/666/217 2634/667/217 2636/1807/217 2637/1808/217 
s 1
f 2637/1808/216 2636/1807/216 2638/1809/216 2639/1810/216 
s 2
f 2639/1810/215 2638/1809/215 2640/667/215 2641/666/215 
s 1
f 2641/666/214 2640/667/214 2642/1811/214 2643/1812/214 
s 2
f 2643/1812/213 2642/1811/213 2621/2215/213 2620/2214/213 
s 4
f 2625/682/208 2631/683/208 2633/684/208 2623/685/208 
f 2623/685/208 2633/684/208 2635/686/208 2620/687/208 
f 2620/687/208 2635/686/208 2637/688/208 2643/689/208 
f 2643/689/208 2637/688/208 2639/690/208 2641/678/208 
f 2631/683/208 2625/682/208 2627/691/208 2629/679/208 
f 2621/688/210 2638/689/210 2636/687/210 2622/686/210 
f 2622/686/210 2636/687/210 2634/685/210 2624/684/210 
f 2624/684/210 2634/685/210 2632/682/210 2626/683/210 
f 2626/683/210 2632/682/210 2630/691/210 2628/679/210 
f 2638/689/210 2621/688/210 2642/690/210 2640/678/210 
s 1
f 2644/1814/212 2645/1813/212 2646/679/212 2647/678/212 
s 2
f 2647/678/223 2646/679/223 2648/1817/223 2649/1818/223 
s 1
f 2649/1818/222 2648/1817/222 2650/1813/222 2651/1814/222 
s 2
f 2651/1814/221 2650/1813/221 2652/679/221 2653/678/221 
s 1
f 2653/678/220 2652/679/220 2654/1807/220 2655/1808/220 
s 2
f 2655/1808/219 2654/1807/219 2656/1809/219 2657/1810/219 
s 1
f 2657/1810/218 2656/1809/218 2658/667/218 2659/666/218 
s 2
f 2659/666/217 2658/667/217 2660/1811/217 2661/1812/217 
s 1
f 2661/1812/216 2660/1811/216 2662/1809/216 2663/1810/216 
s 2
f 2663/1810/215 2662/1809/215 2664/667/215 2665/666/215 
s 1
f 2665/666/214 2664/667/214 2666/1815/214 2667/1816/214 
s 2
f 2667/1816/213 2666/1815/213 2645/1813/213 2644/1814/213 
s 4
f 2649/682/208 2655/683/208 2657/684/208 2647/685/208 
f 2647/685/208 2657/684/208 2659/686/208 2644/687/208 
f 2644/687/208 2659/686/208 2661/688/208 2667/689/208 
f 2667/689/208 2661/688/208 2663/690/208 2665/678/208 
f 2655/683/208 2649/682/208 2651/691/208 2653/679/208 
f 2645/688/210 2662/689/210 2660/687/210 2646/686/210 
f 2646/686/210 2660/687/210 2658/685/210 2648/684/210 
f 2648/684/210 2658/685/210 2656/682/210 2650/683/210 
f 2650/683/210 2656/682/210 2654/691/210 2652/679/210 
f 2662/689/210 2645/688/210 2666/690/210 2664/678/210 
s 1
f 2668/1814/212 2669/1813/212 2670/679/212 2671/678/212 
s 2
f 2671/678/223 2670/679/223 2672/1817/223 2673/1818/223 
s 1
f 2673/1818/222 2672/1817/222 2674/1813/222 2675/1814/222 
s 2
f 2675/1814/221 2674/1813/221 2676/679/221 2677/678/221 
s 1
f 2677/678/220 2676/679/220 2678/1807/220 2679/1808/220 
s 2
f 2679/1808/219 2678/1807/219 2680/1809/219 2681/1810/219 
s 1
f 2681/1810/218 2680/1809/218 2682/667/218 2683/666/218 
s 2
f 2683/666/217 2682/667/217 2684/1811/217 2685/1812/217 
s 1
f 2685/1812/216 2684/1811/216 2686/1809/216 2687/1810/216 
s 2
f 2687/1810/215 2686/1809/215 2688/667/215 2689/666/215 
s 1
f 2689/666/214 2688/667/214 2690/1815/214 2691/1816/214 
s 2
f 2691/1816/213 2690/1815/213 2669/1813/213 2668/1814/213 
s 4
f 2673/682/208 2679/683/208 2681/684/208 2671/685/208 
f 2671/685/208 2681/684/208 2683/686/208 2668/687/208 
f 2668/687/208 2683/686/208 2685/688/208 2691/689/208 
f 2691/689/208 2685/688/208 2687/690/208 2689/678/208 
f 2679/683/208 2673/682/208 2675/691/208 2677/679/208 
f 2669/688/210 2686/689/210 2684/687/210 2670/686/210 
f 2670/686/210 2684/687/210 2682/685/210 2672/684/210 
f 2672/684/210 2682/685/210 2680/682/210 2674/683/210 
f 2674/683/210 2680/682/210 2678/691/210 2676/679/210 
f 2686/689/210 2669/688/210 2690/690/210 2688/678/210 
# 2294 polygons - 326 triangles

