# 3ds Max Wavefront OBJ Exporter v0.97b - (c)2007 guruware
# File Created: 29.12.2016 14:30:08

mtllib Compile Shelving System_V2.mtl

#
# object Block_Compile_Shelving_System___Shelve
#

v  575.0000 671.2098 31.4962
v  575.0000 671.2098 397.4962
v  -575.0000 671.2098 397.4962
v  -575.0000 671.2098 31.4962
v  545.0000 671.2098 427.4962
v  -545.0000 671.2098 427.4962
v  -569.2705 671.2098 415.1298
v  -573.5317 671.2098 406.7668
v  -554.2705 671.2098 426.0280
v  -562.6335 671.2098 421.7668
v  573.5317 671.2098 406.7668
v  569.2705 671.2098 415.1298
v  562.6335 671.2098 421.7668
v  554.2705 671.2098 426.0280
v  575.0000 673.2098 397.4962
v  573.5317 673.2098 406.7668
v  569.2705 673.2098 415.1298
v  562.6335 673.2098 421.7668
v  554.2705 673.2098 426.0280
v  545.0000 673.2098 427.4962
v  575.0000 673.2098 31.4962
v  575.0000 671.7457 29.4962
v  575.0000 673.2098 28.0321
v  575.0000 674.2098 29.7642
v  575.0000 673.4778 30.4962
v  575.0000 675.2098 27.4962
v  575.0000 675.2098 29.4962
v  575.0000 711.2098 27.4962
v  575.0000 711.2098 29.4962
v  -575.0000 675.2098 27.4962
v  -575.0000 673.2098 28.0321
v  -575.0000 671.7457 29.4962
v  -575.0000 673.2098 397.4962
v  -575.0000 673.2098 31.4962
v  -575.0000 673.4778 30.4962
v  -575.0000 674.2098 29.7642
v  -575.0000 675.2098 29.4962
v  -575.0000 711.2098 29.4962
v  -575.0000 711.2098 27.4962
v  -545.0000 673.2098 427.4962
v  -554.2705 673.2098 426.0280
v  -562.6335 673.2098 421.7668
v  -569.2705 673.2098 415.1298
v  -573.5317 673.2098 406.7668
v  -573.5317 720.4803 27.4962
v  -569.2705 728.8434 27.4962
v  573.5317 720.4803 27.4962
v  -562.6335 735.4803 27.4962
v  569.2705 728.8434 27.4962
v  -545.0000 741.2098 27.4962
v  562.6335 735.4803 27.4962
v  545.0000 741.2098 27.4962
v  554.2705 739.7415 27.4962
v  -554.2705 739.7415 27.4962
v  -573.5317 720.4803 29.4962
v  -569.2705 728.8434 29.4962
v  -562.6335 735.4803 29.4962
v  -554.2705 739.7415 29.4962
v  -545.0000 741.2098 29.4962
v  545.0000 741.2098 29.4962
v  554.2705 739.7415 29.4962
v  562.6335 735.4803 29.4962
v  569.2705 728.8434 29.4962
v  573.5317 720.4803 29.4962
# 64 vertices

vn 0.0000 -0.9914 -0.1305
vn 0.0000 -1.0000 -0.0000
vn 0.9969 0.0000 0.0785
vn 0.9511 0.0000 0.3090
vn 0.8090 0.0000 0.5878
vn 0.5878 0.0000 0.8090
vn 0.3090 0.0000 0.9511
vn 0.0785 0.0000 0.9969
vn 1.0000 0.0000 -0.0000
vn 0.9969 0.0785 -0.0000
vn 0.0000 -0.1305 -0.9914
vn 0.0000 -0.2588 -0.9659
vn 0.0000 -0.7071 -0.7071
vn 0.0000 -0.9659 -0.2588
vn -0.9969 0.0000 0.0785
vn -1.0000 0.0000 -0.0000
vn -0.9969 0.0785 -0.0000
vn -0.0785 0.0000 0.9969
vn -0.3090 0.0000 0.9511
vn -0.5878 0.0000 0.8090
vn -0.8090 0.0000 0.5878
vn -0.9511 0.0000 0.3090
vn 0.0000 1.0000 -0.0000
vn 0.0000 0.9914 0.1305
vn 0.0000 0.0000 -1.0000
vn 0.0000 0.9659 0.2588
vn 0.0000 0.7071 0.7071
vn 0.0000 0.2588 0.9659
vn 0.0000 0.1305 0.9914
vn -0.9511 0.3090 -0.0000
vn -0.8090 0.5878 -0.0000
vn -0.5878 0.8090 -0.0000
vn -0.3090 0.9511 -0.0000
vn -0.0785 0.9969 -0.0000
vn 0.0785 0.9969 -0.0000
vn 0.3090 0.9511 -0.0000
vn 0.5878 0.8090 -0.0000
vn 0.8090 0.5878 -0.0000
vn 0.9511 0.3090 -0.0000
vn 0.0000 0.0000 1.0000
# 40 vertex normals

vt 0.0000 1.0000 0.0000
vt 0.0000 0.0758 0.0000
vt 1.0000 0.0758 0.0000
vt 1.0000 1.0000 0.0000
vt 0.0261 0.0000 0.0000
vt 0.9739 0.0000 0.0000
vt 0.9950 0.0312 0.0000
vt 0.9987 0.0523 0.0000
vt 0.9820 0.0037 0.0000
vt 0.9892 0.0145 0.0000
vt 0.0013 0.0523 0.0000
vt 0.0050 0.0312 0.0000
vt 0.0108 0.0145 0.0000
vt 0.0180 0.0037 0.0000
vt 1.0000 1.0000 1.0000
vt 0.6910 1.0000 0.9511
vt 0.6910 0.0000 0.9511
vt 1.0000 0.0000 1.0000
vt 0.4122 1.0000 0.8090
vt 0.4122 0.0000 0.8090
vt 0.5878 1.0000 0.1910
vt 0.5878 0.0000 0.1910
vt 0.3090 1.0000 0.0489
vt 0.3090 0.0000 0.0489
vt 0.0000 0.0000 0.0000
vt 0.0000 0.0500 0.0000
vt 0.9892 0.0000 0.0000
vt 0.9892 0.0500 0.0000
vt 0.9946 0.0134 0.0000
vt 0.9986 0.0500 0.0000
vt 0.9939 0.0750 0.0000
vt 0.9919 0.0567 0.0000
vt 1.0000 0.1000 0.0000
vt 0.9946 0.1000 0.0000
vt 0.9946 1.0000 0.0000
vt 0.0000 1.0000 1.0000
vt 0.0000 0.5000 0.8660
vt 1.0000 0.5000 0.8660
vt 0.0000 0.5000 0.1340
vt 1.0000 0.5000 0.1340
vt 1.0000 0.0000 0.0000
vt 1.0000 0.0500 0.0000
vt 0.0108 0.0500 0.0000
vt 0.0108 0.0000 0.0000
vt 0.0014 0.0500 0.0000
vt 0.0054 0.0134 0.0000
vt 0.0081 0.0567 0.0000
vt 0.0061 0.0750 0.0000
vt 0.0054 0.1000 0.0000
vt 0.0000 0.1000 0.0000
vt 0.0054 1.0000 0.0000
vt 0.6910 1.0000 0.0489
vt 0.6910 0.0000 0.0489
vt 0.8090 1.0000 0.4122
vt 0.8090 0.0000 0.4122
vt 1.0000 0.5455 0.0000
vt 0.9987 0.6859 0.0000
vt 0.0000 0.5455 0.0000
vt 0.9950 0.8126 0.0000
vt 0.0013 0.6859 0.0000
vt 0.9892 0.9132 0.0000
vt 0.0050 0.8126 0.0000
vt 0.9739 1.0000 0.0000
vt 0.0108 0.9132 0.0000
vt 0.0261 1.0000 0.0000
vt 0.0180 0.9778 0.0000
vt 0.9820 0.9778 0.0000
vt 1.0000 0.3090 0.0489
vt 0.0000 0.3090 0.0489
vt 0.1910 0.0000 0.5878
vt 0.1910 1.0000 0.5878
vt 0.0000 0.0000 1.0000
vt 0.3090 0.0000 0.9511
vt 0.3090 1.0000 0.9511
vt 0.5878 0.0000 0.8090
vt 0.5878 1.0000 0.8090
vt 0.0000 0.5878 0.8090
vt 1.0000 0.5878 0.8090
vt 0.0000 0.3090 0.9511
vt 1.0000 0.3090 0.9511
# 80 texture coords

g Block_Compile_Shelving_System___Shelve
usemtl wire_255255255
s 1
f 1/1/1 2/2/2 3/3/2 4/4/1 
f 3/3/2 2/2/2 5/5/2 6/6/2 
f 3/3/2 6/6/2 7/7/2 8/8/2 
f 7/7/2 6/6/2 9/9/2 10/10/2 
f 5/5/2 2/2/2 11/11/2 12/12/2 
f 12/12/2 13/13/2 14/14/2 5/5/2 
s 2
f 15/15/3 16/16/4 11/17/4 2/18/3 
f 11/17/4 16/16/4 17/19/5 12/20/5 
f 12/20/5 17/19/5 18/21/6 13/22/6 
f 13/22/6 18/21/6 19/23/7 14/24/7 
f 14/24/7 19/23/7 20/1/8 5/25/8 
f 15/26/3 2/25/3 1/27/9 21/28/9 
f 21/28/9 1/27/9 22/29/9 23/30/9 
f 21/28/9 23/30/9 24/31/9 25/32/9 
f 24/31/9 23/30/9 26/33/9 27/34/9 
f 27/34/9 26/33/9 28/4/10 29/35/10 
s 1
f 30/15/11 26/36/11 23/37/12 31/38/12 
s 4
f 31/38/13 23/37/13 22/39/13 32/40/13 
s 1
f 32/40/14 22/39/14 1/25/1 4/41/1 
s 2
f 33/42/15 34/43/16 4/44/16 3/41/15 
f 4/44/16 34/43/16 31/45/16 32/46/16 
f 31/45/16 34/43/16 35/47/16 36/48/16 
f 31/45/16 36/48/16 37/49/16 30/50/16 
f 30/50/16 37/49/16 38/51/17 39/1/17 
f 6/41/18 40/4/18 41/52/19 9/53/19 
f 9/53/19 41/52/19 42/54/20 10/55/20 
f 10/55/20 42/54/20 43/21/21 7/22/21 
f 7/22/21 43/21/21 44/23/22 8/24/22 
f 8/24/22 44/23/22 33/1/15 3/25/15 
f 6/25/18 5/41/8 20/4/8 40/1/18 
s 1
f 44/11/23 43/12/23 40/5/23 33/2/23 
f 33/2/23 40/5/23 20/6/23 15/3/23 
f 33/2/23 15/3/23 21/4/24 34/1/24 
f 40/5/23 43/12/23 42/13/23 41/14/23 
f 15/3/23 20/6/23 17/7/23 16/8/23 
f 17/7/23 20/6/23 19/9/23 18/10/23 
f 30/41/11 39/56/25 45/57/25 28/58/25 
f 28/58/25 45/57/25 46/59/25 47/60/25 
f 47/60/25 46/59/25 48/61/25 49/62/25 
f 49/62/25 48/61/25 50/63/25 51/64/25 
f 51/64/25 50/63/25 52/65/25 53/66/25 
f 48/61/25 54/67/25 50/63/25 
f 28/58/25 26/25/11 30/41/11 
f 34/25/24 21/41/24 25/40/26 35/39/26 
s 4
f 35/39/27 25/40/27 24/38/27 36/37/27 
s 1
f 36/37/28 24/38/28 27/15/29 37/36/29 
s 2
f 38/41/17 55/68/30 45/69/30 39/25/17 
f 45/69/30 55/68/30 56/70/31 46/71/31 
f 46/71/31 56/70/31 57/20/32 48/19/32 
f 48/19/32 57/20/32 58/17/33 54/16/33 
f 54/16/33 58/17/33 59/18/34 50/15/34 
f 50/1/34 59/25/34 60/41/35 52/4/35 
f 52/36/35 60/72/35 61/73/36 53/74/36 
f 53/74/36 61/73/36 62/75/37 51/76/37 
f 51/76/37 62/75/37 63/77/38 49/78/38 
f 49/78/38 63/77/38 64/79/39 47/80/39 
f 47/80/39 64/79/39 29/72/10 28/18/10 
s 1
f 27/41/29 29/56/40 38/58/40 37/25/29 
f 38/58/40 29/56/40 64/57/40 55/60/40 
f 55/60/40 64/57/40 63/59/40 56/62/40 
f 56/62/40 63/59/40 62/61/40 57/64/40 
f 57/64/40 62/61/40 60/63/40 59/65/40 
f 60/63/40 62/61/40 61/67/40 
f 59/65/40 58/66/40 57/64/40 
# 60 polygons - 4 triangles

#
# object Block_Compile_Shelving_System___Shelve
#

v  575.0000 461.2098 31.4962
v  575.0000 461.2098 397.4962
v  -575.0000 461.2098 397.4962
v  -575.0000 461.2098 31.4962
v  545.0000 461.2098 427.4962
v  -545.0000 461.2098 427.4962
v  -569.2705 461.2098 415.1298
v  -573.5317 461.2098 406.7668
v  -554.2705 461.2098 426.0280
v  -562.6335 461.2098 421.7668
v  573.5317 461.2098 406.7668
v  569.2705 461.2098 415.1298
v  562.6335 461.2098 421.7668
v  554.2705 461.2098 426.0280
v  575.0000 463.2098 397.4962
v  573.5317 463.2098 406.7668
v  569.2705 463.2098 415.1298
v  562.6335 463.2098 421.7668
v  554.2705 463.2098 426.0280
v  545.0000 463.2098 427.4962
v  575.0000 463.2098 31.4962
v  575.0000 461.7457 29.4962
v  575.0000 463.2098 28.0321
v  575.0000 464.2098 29.7642
v  575.0000 463.4778 30.4962
v  575.0000 465.2098 27.4962
v  575.0000 465.2098 29.4962
v  575.0000 501.2098 27.4962
v  575.0000 501.2098 29.4962
v  -575.0000 465.2098 27.4962
v  -575.0000 463.2098 28.0321
v  -575.0000 461.7457 29.4962
v  -575.0000 463.2098 397.4962
v  -575.0000 463.2098 31.4962
v  -575.0000 463.4778 30.4962
v  -575.0000 464.2098 29.7642
v  -575.0000 465.2098 29.4962
v  -575.0000 501.2098 29.4962
v  -575.0000 501.2098 27.4962
v  -545.0000 463.2098 427.4962
v  -554.2705 463.2098 426.0280
v  -562.6335 463.2098 421.7668
v  -569.2705 463.2098 415.1298
v  -573.5317 463.2098 406.7668
v  -573.5317 510.4803 27.4962
v  -569.2705 518.8434 27.4962
v  573.5317 510.4803 27.4962
v  -562.6335 525.4803 27.4962
v  569.2705 518.8434 27.4962
v  -545.0000 531.2098 27.4962
v  562.6335 525.4803 27.4962
v  545.0000 531.2098 27.4962
v  554.2705 529.7415 27.4962
v  -554.2705 529.7415 27.4962
v  -573.5317 510.4803 29.4962
v  -569.2705 518.8434 29.4962
v  -562.6335 525.4803 29.4962
v  -554.2705 529.7415 29.4962
v  -545.0000 531.2098 29.4962
v  545.0000 531.2098 29.4962
v  554.2705 529.7415 29.4962
v  562.6335 525.4803 29.4962
v  569.2705 518.8434 29.4962
v  573.5317 510.4803 29.4962
# 64 vertices

vn 0.0000 -0.9914 -0.1305
vn 0.0000 -1.0000 -0.0000
vn 0.9969 0.0000 0.0785
vn 0.9511 0.0000 0.3090
vn 0.8090 0.0000 0.5878
vn 0.5878 0.0000 0.8090
vn 0.3090 0.0000 0.9511
vn 0.0785 0.0000 0.9969
vn 1.0000 0.0000 -0.0000
vn 0.9969 0.0785 -0.0000
vn 0.0000 -0.1305 -0.9914
vn 0.0000 -0.2588 -0.9659
vn 0.0000 -0.7071 -0.7071
vn 0.0000 -0.9659 -0.2588
vn -0.9969 0.0000 0.0785
vn -1.0000 0.0000 -0.0000
vn -0.9969 0.0785 -0.0000
vn -0.0785 0.0000 0.9969
vn -0.3090 0.0000 0.9511
vn -0.5878 0.0000 0.8090
vn -0.8090 0.0000 0.5878
vn -0.9511 0.0000 0.3090
vn 0.0000 1.0000 -0.0000
vn 0.0000 0.9914 0.1305
vn 0.0000 0.0000 -1.0000
vn 0.0000 0.9659 0.2588
vn 0.0000 0.7071 0.7071
vn 0.0000 0.2588 0.9659
vn 0.0000 0.1305 0.9914
vn -0.9511 0.3090 -0.0000
vn -0.8090 0.5878 -0.0000
vn -0.5878 0.8090 -0.0000
vn -0.3090 0.9511 -0.0000
vn -0.0785 0.9969 -0.0000
vn 0.0785 0.9969 -0.0000
vn 0.3090 0.9511 -0.0000
vn 0.5878 0.8090 -0.0000
vn 0.8090 0.5878 -0.0000
vn 0.9511 0.3090 -0.0000
vn 0.0000 0.0000 1.0000
# 40 vertex normals

vt 0.0000 1.0000 0.0000
vt 0.0000 0.0758 0.0000
vt 1.0000 0.0758 0.0000
vt 1.0000 1.0000 0.0000
vt 0.0261 0.0000 0.0000
vt 0.9739 0.0000 0.0000
vt 0.9950 0.0312 0.0000
vt 0.9987 0.0523 0.0000
vt 0.9820 0.0037 0.0000
vt 0.9892 0.0145 0.0000
vt 0.0013 0.0523 0.0000
vt 0.0050 0.0312 0.0000
vt 0.0108 0.0145 0.0000
vt 0.0180 0.0037 0.0000
vt 1.0000 1.0000 1.0000
vt 0.6910 1.0000 0.9511
vt 0.6910 0.0000 0.9511
vt 1.0000 0.0000 1.0000
vt 0.4122 1.0000 0.8090
vt 0.4122 0.0000 0.8090
vt 0.5878 1.0000 0.1910
vt 0.5878 0.0000 0.1910
vt 0.3090 1.0000 0.0489
vt 0.3090 0.0000 0.0489
vt 0.0000 0.0000 0.0000
vt 0.0000 0.0500 0.0000
vt 0.9892 0.0000 0.0000
vt 0.9892 0.0500 0.0000
vt 0.9946 0.0134 0.0000
vt 0.9986 0.0500 0.0000
vt 0.9939 0.0750 0.0000
vt 0.9919 0.0567 0.0000
vt 1.0000 0.1000 0.0000
vt 0.9946 0.1000 0.0000
vt 0.9946 1.0000 0.0000
vt 0.0000 1.0000 1.0000
vt 0.0000 0.5000 0.8660
vt 1.0000 0.5000 0.8660
vt 0.0000 0.5000 0.1340
vt 1.0000 0.5000 0.1340
vt 1.0000 0.0000 0.0000
vt 1.0000 0.0500 0.0000
vt 0.0108 0.0500 0.0000
vt 0.0108 0.0000 0.0000
vt 0.0014 0.0500 0.0000
vt 0.0054 0.0134 0.0000
vt 0.0081 0.0567 0.0000
vt 0.0061 0.0750 0.0000
vt 0.0054 0.1000 0.0000
vt 0.0000 0.1000 0.0000
vt 0.0054 1.0000 0.0000
vt 0.6910 1.0000 0.0489
vt 0.6910 0.0000 0.0489
vt 0.8090 1.0000 0.4122
vt 0.8090 0.0000 0.4122
vt 1.0000 0.5455 0.0000
vt 0.9987 0.6859 0.0000
vt 0.0000 0.5455 0.0000
vt 0.9950 0.8126 0.0000
vt 0.0013 0.6859 0.0000
vt 0.9892 0.9132 0.0000
vt 0.0050 0.8126 0.0000
vt 0.9739 1.0000 0.0000
vt 0.0108 0.9132 0.0000
vt 0.0261 1.0000 0.0000
vt 0.0180 0.9778 0.0000
vt 0.9820 0.9778 0.0000
vt 1.0000 0.3090 0.0489
vt 0.0000 0.3090 0.0489
vt 0.1910 0.0000 0.5878
vt 0.1910 1.0000 0.5878
vt 0.0000 0.0000 1.0000
vt 0.3090 0.0000 0.9511
vt 0.3090 1.0000 0.9511
vt 0.5878 0.0000 0.8090
vt 0.5878 1.0000 0.8090
vt 0.0000 0.5878 0.8090
vt 1.0000 0.5878 0.8090
vt 0.0000 0.3090 0.9511
vt 1.0000 0.3090 0.9511
# 80 texture coords

g Block_Compile_Shelving_System___Shelve
usemtl wire_255255255
s 1
f 65/81/41 66/82/42 67/83/42 68/84/41 
f 67/83/42 66/82/42 69/85/42 70/86/42 
f 67/83/42 70/86/42 71/87/42 72/88/42 
f 71/87/42 70/86/42 73/89/42 74/90/42 
f 69/85/42 66/82/42 75/91/42 76/92/42 
f 76/92/42 77/93/42 78/94/42 69/85/42 
s 2
f 79/95/43 80/96/44 75/97/44 66/98/43 
f 75/97/44 80/96/44 81/99/45 76/100/45 
f 76/100/45 81/99/45 82/101/46 77/102/46 
f 77/102/46 82/101/46 83/103/47 78/104/47 
f 78/104/47 83/103/47 84/81/48 69/105/48 
f 79/106/43 66/105/43 65/107/49 85/108/49 
f 85/108/49 65/107/49 86/109/49 87/110/49 
f 85/108/49 87/110/49 88/111/49 89/112/49 
f 88/111/49 87/110/49 90/113/49 91/114/49 
f 91/114/49 90/113/49 92/84/50 93/115/50 
s 1
f 94/95/51 90/116/51 87/117/52 95/118/52 
s 4
f 95/118/53 87/117/53 86/119/53 96/120/53 
s 1
f 96/120/54 86/119/54 65/105/41 68/121/41 
s 2
f 97/122/55 98/123/56 68/124/56 67/121/55 
f 68/124/56 98/123/56 95/125/56 96/126/56 
f 95/125/56 98/123/56 99/127/56 100/128/56 
f 95/125/56 100/128/56 101/129/56 94/130/56 
f 94/130/56 101/129/56 102/131/57 103/81/57 
f 70/121/58 104/84/58 105/132/59 73/133/59 
f 73/133/59 105/132/59 106/134/60 74/135/60 
f 74/135/60 106/134/60 107/101/61 71/102/61 
f 71/102/61 107/101/61 108/103/62 72/104/62 
f 72/104/62 108/103/62 97/81/55 67/105/55 
f 70/105/58 69/121/48 84/84/48 104/81/58 
s 1
f 108/91/63 107/92/63 104/85/63 97/82/63 
f 97/82/63 104/85/63 84/86/63 79/83/63 
f 97/82/63 79/83/63 85/84/64 98/81/64 
f 104/85/63 107/92/63 106/93/63 105/94/63 
f 79/83/63 84/86/63 81/87/63 80/88/63 
f 81/87/63 84/86/63 83/89/63 82/90/63 
f 94/121/51 103/136/65 109/137/65 92/138/65 
f 92/138/65 109/137/65 110/139/65 111/140/65 
f 111/140/65 110/139/65 112/141/65 113/142/65 
f 113/142/65 112/141/65 114/143/65 115/144/65 
f 115/144/65 114/143/65 116/145/65 117/146/65 
f 112/141/65 118/147/65 114/143/65 
f 92/138/65 90/105/51 94/121/51 
f 98/105/64 85/121/64 89/120/66 99/119/66 
s 4
f 99/119/67 89/120/67 88/118/67 100/117/67 
s 1
f 100/117/68 88/118/68 91/95/69 101/116/69 
s 2
f 102/121/57 119/148/70 109/149/70 103/105/57 
f 109/149/70 119/148/70 120/150/71 110/151/71 
f 110/151/71 120/150/71 121/100/72 112/99/72 
f 112/99/72 121/100/72 122/97/73 118/96/73 
f 118/96/73 122/97/73 123/98/74 114/95/74 
f 114/81/74 123/105/74 124/121/75 116/84/75 
f 116/116/75 124/152/75 125/153/76 117/154/76 
f 117/154/76 125/153/76 126/155/77 115/156/77 
f 115/156/77 126/155/77 127/157/78 113/158/78 
f 113/158/78 127/157/78 128/159/79 111/160/79 
f 111/160/79 128/159/79 93/152/50 92/98/50 
s 1
f 91/121/69 93/136/80 102/138/80 101/105/69 
f 102/138/80 93/136/80 128/137/80 119/140/80 
f 119/140/80 128/137/80 127/139/80 120/142/80 
f 120/142/80 127/139/80 126/141/80 121/144/80 
f 121/144/80 126/141/80 124/143/80 123/145/80 
f 124/143/80 126/141/80 125/147/80 
f 123/145/80 122/146/80 121/144/80 
# 60 polygons - 4 triangles

#
# object Block_Compile_Shelving_System___Shelve
#

v  575.0000 146.2098 31.4962
v  575.0000 146.2098 397.4962
v  -575.0000 146.2098 397.4962
v  -575.0000 146.2098 31.4962
v  545.0000 146.2098 427.4962
v  -545.0000 146.2098 427.4962
v  -569.2705 146.2098 415.1298
v  -573.5317 146.2098 406.7668
v  -554.2705 146.2098 426.0280
v  -562.6335 146.2098 421.7668
v  573.5317 146.2098 406.7668
v  569.2705 146.2098 415.1298
v  562.6335 146.2098 421.7668
v  554.2705 146.2098 426.0280
v  575.0000 148.2098 397.4962
v  573.5317 148.2098 406.7668
v  569.2705 148.2098 415.1298
v  562.6335 148.2098 421.7668
v  554.2705 148.2098 426.0280
v  545.0000 148.2098 427.4962
v  575.0000 148.2098 31.4962
v  575.0000 146.7457 29.4962
v  575.0000 148.2098 28.0321
v  575.0000 149.2098 29.7642
v  575.0000 148.4778 30.4962
v  575.0000 150.2098 27.4962
v  575.0000 150.2098 29.4962
v  575.0000 186.2098 27.4962
v  575.0000 186.2098 29.4962
v  -575.0000 150.2098 27.4962
v  -575.0000 148.2098 28.0321
v  -575.0000 146.7457 29.4962
v  -575.0000 148.2098 397.4962
v  -575.0000 148.2098 31.4962
v  -575.0000 148.4778 30.4962
v  -575.0000 149.2098 29.7642
v  -575.0000 150.2098 29.4962
v  -575.0000 186.2098 29.4962
v  -575.0000 186.2098 27.4962
v  -545.0000 148.2098 427.4962
v  -554.2705 148.2098 426.0280
v  -562.6335 148.2098 421.7668
v  -569.2705 148.2098 415.1298
v  -573.5317 148.2098 406.7668
v  -573.5317 195.4803 27.4962
v  -569.2705 203.8434 27.4962
v  573.5317 195.4803 27.4962
v  -562.6335 210.4803 27.4962
v  569.2705 203.8434 27.4962
v  -545.0000 216.2098 27.4962
v  562.6335 210.4803 27.4962
v  545.0000 216.2098 27.4962
v  554.2705 214.7415 27.4962
v  -554.2705 214.7415 27.4962
v  -573.5317 195.4803 29.4962
v  -569.2705 203.8434 29.4962
v  -562.6335 210.4803 29.4962
v  -554.2705 214.7415 29.4962
v  -545.0000 216.2098 29.4962
v  545.0000 216.2098 29.4962
v  554.2705 214.7415 29.4962
v  562.6335 210.4803 29.4962
v  569.2705 203.8434 29.4962
v  573.5317 195.4803 29.4962
# 64 vertices

vn 0.0000 -0.9914 -0.1305
vn 0.0000 -1.0000 -0.0000
vn 0.9969 0.0000 0.0785
vn 0.9511 0.0000 0.3090
vn 0.8090 0.0000 0.5878
vn 0.5878 0.0000 0.8090
vn 0.3090 0.0000 0.9511
vn 0.0785 0.0000 0.9969
vn 1.0000 0.0000 -0.0000
vn 0.9969 0.0785 -0.0000
vn 0.0000 -0.1305 -0.9914
vn 0.0000 -0.2588 -0.9659
vn 0.0000 -0.7071 -0.7071
vn 0.0000 -0.9659 -0.2588
vn -0.9969 0.0000 0.0785
vn -1.0000 0.0000 -0.0000
vn -0.9969 0.0785 -0.0000
vn -0.0785 0.0000 0.9969
vn -0.3090 0.0000 0.9511
vn -0.5878 0.0000 0.8090
vn -0.8090 0.0000 0.5878
vn -0.9511 0.0000 0.3090
vn 0.0000 1.0000 -0.0000
vn 0.0000 0.9914 0.1305
vn 0.0000 0.0000 -1.0000
vn 0.0000 0.9659 0.2588
vn 0.0000 0.7071 0.7071
vn 0.0000 0.2588 0.9659
vn 0.0000 0.1305 0.9914
vn -0.9511 0.3090 -0.0000
vn -0.8090 0.5878 -0.0000
vn -0.5878 0.8090 -0.0000
vn -0.3090 0.9511 -0.0000
vn -0.0785 0.9969 -0.0000
vn 0.0785 0.9969 -0.0000
vn 0.3090 0.9511 -0.0000
vn 0.5878 0.8090 -0.0000
vn 0.8090 0.5878 -0.0000
vn 0.9511 0.3090 -0.0000
vn 0.0000 0.0000 1.0000
# 40 vertex normals

vt 0.0000 1.0000 0.0000
vt 0.0000 0.0758 0.0000
vt 1.0000 0.0758 0.0000
vt 1.0000 1.0000 0.0000
vt 0.0261 0.0000 0.0000
vt 0.9739 0.0000 0.0000
vt 0.9950 0.0312 0.0000
vt 0.9987 0.0523 0.0000
vt 0.9820 0.0037 0.0000
vt 0.9892 0.0145 0.0000
vt 0.0013 0.0523 0.0000
vt 0.0050 0.0312 0.0000
vt 0.0108 0.0145 0.0000
vt 0.0180 0.0037 0.0000
vt 1.0000 1.0000 1.0000
vt 0.6910 1.0000 0.9511
vt 0.6910 0.0000 0.9511
vt 1.0000 0.0000 1.0000
vt 0.4122 1.0000 0.8090
vt 0.4122 0.0000 0.8090
vt 0.5878 1.0000 0.1910
vt 0.5878 0.0000 0.1910
vt 0.3090 1.0000 0.0489
vt 0.3090 0.0000 0.0489
vt 0.0000 0.0000 0.0000
vt 0.0000 0.0500 0.0000
vt 0.9892 0.0000 0.0000
vt 0.9892 0.0500 0.0000
vt 0.9946 0.0134 0.0000
vt 0.9986 0.0500 0.0000
vt 0.9939 0.0750 0.0000
vt 0.9919 0.0567 0.0000
vt 1.0000 0.1000 0.0000
vt 0.9946 0.1000 0.0000
vt 0.9946 1.0000 0.0000
vt 0.0000 1.0000 1.0000
vt 0.0000 0.5000 0.8660
vt 1.0000 0.5000 0.8660
vt 0.0000 0.5000 0.1340
vt 1.0000 0.5000 0.1340
vt 1.0000 0.0000 0.0000
vt 1.0000 0.0500 0.0000
vt 0.0108 0.0500 0.0000
vt 0.0108 0.0000 0.0000
vt 0.0014 0.0500 0.0000
vt 0.0054 0.0134 0.0000
vt 0.0081 0.0567 0.0000
vt 0.0061 0.0750 0.0000
vt 0.0054 0.1000 0.0000
vt 0.0000 0.1000 0.0000
vt 0.0054 1.0000 0.0000
vt 0.6910 1.0000 0.0489
vt 0.6910 0.0000 0.0489
vt 0.8090 1.0000 0.4122
vt 0.8090 0.0000 0.4122
vt 1.0000 0.5455 0.0000
vt 0.9987 0.6859 0.0000
vt 0.0000 0.5455 0.0000
vt 0.9950 0.8126 0.0000
vt 0.0013 0.6859 0.0000
vt 0.9892 0.9132 0.0000
vt 0.0050 0.8126 0.0000
vt 0.9739 1.0000 0.0000
vt 0.0108 0.9132 0.0000
vt 0.0261 1.0000 0.0000
vt 0.0180 0.9778 0.0000
vt 0.9820 0.9778 0.0000
vt 1.0000 0.3090 0.0489
vt 0.0000 0.3090 0.0489
vt 0.1910 0.0000 0.5878
vt 0.1910 1.0000 0.5878
vt 0.0000 0.0000 1.0000
vt 0.3090 0.0000 0.9511
vt 0.3090 1.0000 0.9511
vt 0.5878 0.0000 0.8090
vt 0.5878 1.0000 0.8090
vt 0.0000 0.5878 0.8090
vt 1.0000 0.5878 0.8090
vt 0.0000 0.3090 0.9511
vt 1.0000 0.3090 0.9511
# 80 texture coords

g Block_Compile_Shelving_System___Shelve
usemtl wire_255255255
s 1
f 129/161/81 130/162/82 131/163/82 132/164/81 
f 131/163/82 130/162/82 133/165/82 134/166/82 
f 131/163/82 134/166/82 135/167/82 136/168/82 
f 135/167/82 134/166/82 137/169/82 138/170/82 
f 133/165/82 130/162/82 139/171/82 140/172/82 
f 140/172/82 141/173/82 142/174/82 133/165/82 
s 2
f 143/175/83 144/176/84 139/177/84 130/178/83 
f 139/177/84 144/176/84 145/179/85 140/180/85 
f 140/180/85 145/179/85 146/181/86 141/182/86 
f 141/182/86 146/181/86 147/183/87 142/184/87 
f 142/184/87 147/183/87 148/161/88 133/185/88 
f 143/186/83 130/185/83 129/187/89 149/188/89 
f 149/188/89 129/187/89 150/189/89 151/190/89 
f 149/188/89 151/190/89 152/191/89 153/192/89 
f 152/191/89 151/190/89 154/193/89 155/194/89 
f 155/194/89 154/193/89 156/164/90 157/195/90 
s 1
f 158/175/91 154/196/91 151/197/92 159/198/92 
s 4
f 159/198/93 151/197/93 150/199/93 160/200/93 
s 1
f 160/200/94 150/199/94 129/185/81 132/201/81 
s 2
f 161/202/95 162/203/96 132/204/96 131/201/95 
f 132/204/96 162/203/96 159/205/96 160/206/96 
f 159/205/96 162/203/96 163/207/96 164/208/96 
f 159/205/96 164/208/96 165/209/96 158/210/96 
f 158/210/96 165/209/96 166/211/97 167/161/97 
f 134/201/98 168/164/98 169/212/99 137/213/99 
f 137/213/99 169/212/99 170/214/100 138/215/100 
f 138/215/100 170/214/100 171/181/101 135/182/101 
f 135/182/101 171/181/101 172/183/102 136/184/102 
f 136/184/102 172/183/102 161/161/95 131/185/95 
f 134/185/98 133/201/88 148/164/88 168/161/98 
s 1
f 172/171/103 171/172/103 168/165/103 161/162/103 
f 161/162/103 168/165/103 148/166/103 143/163/103 
f 161/162/103 143/163/103 149/164/104 162/161/104 
f 168/165/103 171/172/103 170/173/103 169/174/103 
f 143/163/103 148/166/103 145/167/103 144/168/103 
f 145/167/103 148/166/103 147/169/103 146/170/103 
f 158/201/91 167/216/105 173/217/105 156/218/105 
f 156/218/105 173/217/105 174/219/105 175/220/105 
f 175/220/105 174/219/105 176/221/105 177/222/105 
f 177/222/105 176/221/105 178/223/105 179/224/105 
f 179/224/105 178/223/105 180/225/105 181/226/105 
f 176/221/105 182/227/105 178/223/105 
f 156/218/105 154/185/91 158/201/91 
f 162/185/104 149/201/104 153/200/106 163/199/106 
s 4
f 163/199/107 153/200/107 152/198/107 164/197/107 
s 1
f 164/197/108 152/198/108 155/175/109 165/196/109 
s 2
f 166/201/97 183/228/110 173/229/110 167/185/97 
f 173/229/110 183/228/110 184/230/111 174/231/111 
f 174/231/111 184/230/111 185/180/112 176/179/112 
f 176/179/112 185/180/112 186/177/113 182/176/113 
f 182/176/113 186/177/113 187/178/114 178/175/114 
f 178/161/114 187/185/114 188/201/115 180/164/115 
f 180/196/115 188/232/115 189/233/116 181/234/116 
f 181/234/116 189/233/116 190/235/117 179/236/117 
f 179/236/117 190/235/117 191/237/118 177/238/118 
f 177/238/118 191/237/118 192/239/119 175/240/119 
f 175/240/119 192/239/119 157/232/90 156/178/90 
s 1
f 155/201/109 157/216/120 166/218/120 165/185/109 
f 166/218/120 157/216/120 192/217/120 183/220/120 
f 183/220/120 192/217/120 191/219/120 184/222/120 
f 184/222/120 191/219/120 190/221/120 185/224/120 
f 185/224/120 190/221/120 188/223/120 187/225/120 
f 188/223/120 190/221/120 189/227/120 
f 187/225/120 186/226/120 185/224/120 
# 60 polygons - 4 triangles

#
# object Block_Compile_Shelving_System_2___Frame
#

v  -459.0000 116.2098 17.2801
v  -460.7043 116.2098 20.0108
v  -460.7043 146.2098 20.0108
v  -459.0000 146.2098 17.2801
v  -463.3469 116.2098 21.8487
v  -463.3469 146.2098 21.8487
v  -466.5000 116.2098 22.4962
v  -466.5000 146.2098 22.4962
v  -459.0000 146.2098 339.4962
v  -459.0000 116.2098 339.4962
v  -469.6531 116.2098 21.8487
v  -469.6531 146.2098 21.8487
v  -472.2957 116.2098 20.0108
v  -472.2957 146.2098 20.0108
v  -474.0000 116.2098 17.2801
v  -474.0000 146.2098 17.2801
v  -474.0000 146.2098 339.4962
v  -474.0000 116.2098 339.4962
v  -474.5000 116.2098 14.4962
v  -474.5000 146.2098 14.4962
v  -473.4282 146.2098 10.4962
v  -473.4282 116.2098 10.4962
v  -470.5000 146.2098 7.5680
v  -470.5000 116.2098 7.5680
v  -466.5000 146.2098 6.4962
v  -466.5000 116.2098 6.4962
v  -462.5000 146.2098 7.5680
v  -462.5000 116.2098 7.5680
v  -459.5718 146.2098 10.4962
v  -459.5718 116.2098 10.4962
v  -458.5000 146.2098 14.4962
v  -458.5000 116.2098 14.4962
v  -459.5718 146.2098 18.4962
v  -459.5718 116.2098 18.4962
v  -462.5000 146.2098 21.4244
v  -462.5000 116.2098 21.4244
v  -470.5000 146.2098 21.4244
v  -470.5000 116.2098 21.4244
v  -473.4282 146.2098 18.4962
v  -473.4282 116.2098 18.4962
v  474.0000 116.2098 17.2801
v  472.2957 116.2098 20.0108
v  472.2957 146.2098 20.0108
v  474.0000 146.2098 17.2801
v  469.6531 116.2098 21.8487
v  469.6531 146.2098 21.8487
v  466.5000 116.2098 22.4962
v  466.5000 146.2098 22.4962
v  474.0000 146.2098 339.4962
v  474.0000 116.2098 339.4962
v  463.3469 116.2098 21.8487
v  463.3469 146.2098 21.8487
v  460.7043 116.2098 20.0108
v  460.7043 146.2098 20.0108
v  459.0000 116.2098 17.2801
v  459.0000 146.2098 17.2801
v  459.0000 146.2098 339.4962
v  459.0000 116.2098 339.4962
v  458.5000 116.2098 14.4962
v  458.5000 146.2098 14.4962
v  459.5718 146.2098 10.4962
v  459.5718 116.2098 10.4962
v  462.5000 146.2098 7.5680
v  462.5000 116.2098 7.5680
v  466.5000 146.2098 6.4962
v  466.5000 116.2098 6.4962
v  470.5000 146.2098 7.5680
v  470.5000 116.2098 7.5680
v  473.4282 146.2098 10.4962
v  473.4282 116.2098 10.4962
v  474.5000 146.2098 14.4962
v  474.5000 116.2098 14.4962
v  473.4282 146.2098 18.4962
v  473.4282 116.2098 18.4962
v  470.5000 146.2098 21.4244
v  470.5000 116.2098 21.4244
v  462.5000 146.2098 21.4244
v  462.5000 116.2098 21.4244
v  459.5718 146.2098 18.4962
v  459.5718 116.2098 18.4962
v  588.2161 116.2098 354.4962
v  585.4855 116.2098 352.7919
v  585.4855 146.2098 352.7919
v  588.2161 146.2098 354.4962
v  583.6476 116.2098 350.1493
v  583.6476 146.2098 350.1493
v  583.0000 116.2098 346.9962
v  583.0000 146.2098 346.9962
v  588.2161 116.2098 339.4962
v  -588.2161 116.2098 339.4962
v  -588.2161 146.2098 339.4962
v  588.2161 146.2098 339.4962
v  -588.2161 116.2098 354.4962
v  -585.0344 116.2098 352.3265
v  -583.2352 116.2098 348.9217
v  -583.2352 116.2098 345.0707
v  -585.0344 116.2098 341.6659
v  583.6476 116.2098 343.8431
v  585.4855 116.2098 341.2005
v  583.6476 146.2098 343.8431
v  585.4855 146.2098 341.2005
v  -585.0344 146.2098 352.3265
v  -588.2161 146.2098 354.4962
v  -583.2352 146.2098 348.9217
v  -583.2352 146.2098 345.0707
v  -585.0344 146.2098 341.6659
v  591.0000 116.2098 354.9962
v  591.0000 146.2098 354.9962
v  587.0000 146.2098 353.9244
v  587.0000 116.2098 353.9244
v  584.0718 146.2098 350.9962
v  584.0718 116.2098 350.9962
v  584.0718 146.2098 342.9962
v  584.0718 116.2098 342.9962
v  587.0000 146.2098 340.0681
v  587.0000 116.2098 340.0681
v  591.0000 146.2098 338.9962
v  591.0000 116.2098 338.9962
v  595.0000 146.2098 340.0681
v  595.0000 116.2098 340.0681
v  597.9282 146.2098 342.9962
v  597.9282 116.2098 342.9962
v  599.0000 146.2098 346.9962
v  599.0000 116.2098 346.9962
v  597.9282 146.2098 350.9962
v  597.9282 116.2098 350.9962
v  595.0000 146.2098 353.9244
v  595.0000 116.2098 353.9244
v  -459.0859 8.7098 11.8686
v  -458.9596 9.2098 11.8238
v  -458.6336 9.2098 15.9521
v  -458.7653 8.7098 15.9277
v  -460.4154 9.2098 19.6902
v  -460.5173 8.7098 19.6033
v  -463.8276 9.2098 22.0367
v  -463.8723 8.7098 21.9104
v  -467.9559 9.2098 22.3627
v  -467.9315 8.7098 22.2309
v  -471.6940 9.2098 20.5808
v  -471.6070 8.7098 20.4789
v  -474.0404 9.2098 17.1686
v  -473.9142 8.7098 17.1239
v  -473.5692 8.3438 17.0016
v  -471.3694 8.3438 20.2005
v  -467.8649 8.3438 21.8710
v  -463.9946 8.3438 21.5654
v  -460.7957 8.3438 19.3656
v  -459.1252 8.3438 15.8611
v  -459.4308 8.3438 11.9909
v  -459.6169 8.2098 15.7701
v  -459.9021 8.2098 12.1579
v  -473.0979 8.2098 16.8346
v  -471.0448 8.2098 19.8203
v  -467.7739 8.2098 21.3793
v  -464.1617 8.2098 21.0941
v  -461.1760 8.2098 19.0410
v  -458.9596 11.2098 11.8238
v  -461.3060 9.2098 8.4116
v  -461.3060 11.2098 8.4116
v  -465.0442 9.2098 6.6298
v  -465.0442 11.2098 6.6298
v  -469.1724 9.2098 6.9558
v  -469.1724 11.2098 6.9558
v  -472.5846 9.2098 9.3022
v  -472.5846 11.2098 9.3022
v  -474.3664 9.2098 13.0404
v  -474.3664 11.2098 13.0404
v  -474.0404 11.2098 17.1686
v  -458.6336 11.2098 15.9521
v  -471.6940 11.2098 20.5808
v  -460.4154 11.2098 19.6902
v  -467.9559 11.2098 22.3627
v  -463.8276 11.2098 22.0367
v  -473.8748 8.3438 13.1314
v  -473.3831 8.2098 13.2224
v  -472.2043 8.3438 9.6268
v  -471.8240 8.2098 9.9515
v  -469.0054 8.3438 7.4271
v  -468.8383 8.2098 7.8983
v  -465.1351 8.3438 7.1215
v  -465.2262 8.2098 7.6131
v  -461.6306 8.3438 8.7919
v  -461.9553 8.2098 9.1722
v  -461.3930 8.7098 8.5135
v  -474.2347 8.7098 13.0648
v  -472.4827 8.7098 9.3892
v  -469.1277 8.7098 7.0821
v  -465.0685 8.7098 6.7616
v  -453.1248 0.9849 9.7559
v  -452.8642 1.9738 9.6635
v  -452.2746 1.9738 17.1289
v  -452.5379 1.0000 17.0802
v  -455.4968 1.9738 23.8889
v  -455.7005 1.0000 23.7151
v  -461.6673 1.9738 28.1321
v  -461.7568 1.0000 27.8797
v  -469.1328 1.9738 28.7216
v  -469.0840 1.0000 28.4583
v  -475.8927 1.9738 25.4994
v  -475.7188 1.0000 25.2957
v  -480.1358 1.9738 19.3289
v  -479.8752 0.9849 19.2365
v  -479.1864 0.2636 18.9924
v  -475.2435 0.2679 24.7390
v  -468.9507 0.2679 27.7385
v  -462.0013 0.2679 27.1897
v  -456.2573 0.2679 23.2398
v  -453.2578 0.2679 16.9470
v  -453.8137 0.2636 10.0001
v  -454.2411 0.0000 16.7650
v  -454.7491 0.0000 10.3316
v  -478.2509 0.0000 18.6609
v  -474.5943 0.0000 23.9784
v  -468.7688 0.0000 26.7552
v  -462.3354 0.0000 26.2472
v  -457.0179 0.0000 22.5905
v  -453.0738 4.6496 9.7379
v  -452.4935 4.6496 17.0885
v  -452.9476 4.5380 9.6931
v  -452.3117 4.4656 17.1221
v  -452.8652 4.3872 9.6639
v  -452.2458 4.2130 17.1343
v  -452.8365 4.2126 9.6538
v  -455.6661 4.6496 23.7444
v  -455.5255 4.4656 23.8644
v  -461.7416 4.6496 27.9224
v  -461.6799 4.4656 28.0966
v  -469.0922 4.6496 28.5028
v  -469.1259 4.4656 28.6845
v  -475.7482 4.6496 25.3302
v  -475.8682 4.4656 25.4707
v  -480.0524 4.5380 19.2993
v  -479.9262 4.6496 19.2546
v  -480.1349 4.3872 19.3286
v  -480.1635 4.2126 19.3387
v  -475.9117 4.2130 25.5217
v  -469.1380 4.2130 28.7504
v  -461.6575 4.2130 28.1597
v  -455.4746 4.2130 23.9079
v  -457.1074 1.9738 3.4931
v  -457.0883 4.2116 3.4708
v  -463.8673 1.9738 0.2709
v  -463.8620 4.2117 0.2421
v  -471.3327 1.9738 0.8604
v  -471.3425 4.2116 0.8328
v  -477.5032 1.9738 5.1036
v  -477.5255 4.2116 5.0845
v  -480.7254 1.9738 11.8635
v  -480.7542 4.2116 11.8582
v  -480.6883 4.4656 11.8704
v  -477.4745 4.4656 5.1280
v  -471.3201 4.4656 0.8959
v  -463.8741 4.4656 0.3079
v  -457.1318 4.4656 3.5217
v  -457.2518 4.6496 3.6623
v  -480.5066 4.6496 11.9040
v  -477.3340 4.6496 5.2480
v  -471.2584 4.6496 1.0701
v  -463.9078 4.6496 0.4897
v  -478.7590 0.0000 12.2275
v  -464.2313 0.0000 2.2373
v  -458.4057 0.0000 5.0141
v  -475.9821 0.0000 6.4019
v  -470.6646 0.0000 2.7453
v  -479.7422 0.2679 12.0455
v  -476.7427 0.2679 5.7527
v  -470.9987 0.2679 1.8027
v  -464.0493 0.2679 1.2540
v  -457.7565 0.2679 4.2535
v  -457.2812 1.0000 3.6967
v  -463.9160 1.0000 0.5342
v  -471.2432 1.0000 1.1127
v  -477.2995 1.0000 5.2774
v  -480.4621 1.0000 11.9123
v  -469.7463 8.2098 18.2991
v  -471.2128 8.2098 16.1665
v  -474.3935 7.1730 17.2938
v  -474.8517 6.4705 20.5141
v  -476.7773 6.4705 15.0807
v  -477.4247 5.9414 18.3681
v  -472.1989 6.4705 23.0687
v  -468.0318 6.4705 24.6756
v  -463.0613 6.4705 24.1988
v  -458.8999 6.4705 21.4391
v  -462.6971 8.2098 17.7425
v  -464.8298 8.2098 19.2090
v  -456.6747 6.4705 17.5668
v  -461.5835 8.2098 15.4061
v  -456.2227 6.4705 13.9118
v  -461.7872 8.2098 12.8260
v  -455.5753 5.9414 10.6244
v  -467.4099 8.2098 19.4128
v  -471.4165 8.2098 13.5863
v  -476.3253 6.4705 11.4256
v  -470.3029 8.2098 11.2500
v  -474.1001 6.4705 7.5533
v  -468.1703 8.2098 9.7835
v  -469.9387 6.4705 4.7936
v  -465.5901 8.2098 9.5797
v  -464.9682 6.4705 4.3169
v  -460.8011 6.4705 5.9237
v  -458.1483 6.4705 8.4784
v  -463.2538 8.2098 10.6934
v  465.6647 11.2098 6.5400
v  465.6647 116.2098 6.5400
v  469.7548 116.2098 7.1882
v  469.7548 11.2098 7.1882
v  472.9727 116.2098 9.7947
v  472.9727 11.2098 9.7947
v  474.4563 116.2098 13.6609
v  474.4563 11.2098 13.6609
v  473.8080 116.2098 17.7510
v  473.8080 11.2098 17.7510
v  471.2016 116.2098 20.9689
v  471.2016 11.2098 20.9689
v  467.3354 116.2098 22.4525
v  467.3354 11.2098 22.4525
v  465.7691 11.2098 7.5345
v  465.7691 116.2098 7.5345
v  462.3862 116.2098 8.8326
v  462.3862 11.2098 8.8326
v  460.1056 116.2098 11.6483
v  460.1056 11.2098 11.6483
v  459.5383 116.2098 15.2271
v  459.5383 11.2098 15.2271
v  460.8365 116.2098 18.6101
v  460.8365 11.2098 18.6101
v  463.6522 116.2098 20.8907
v  463.6522 11.2098 20.8907
v  467.2309 116.2098 21.4580
v  467.2309 11.2098 21.4580
v  463.2453 116.2098 21.8042
v  463.2453 11.2098 21.8042
v  460.0274 116.2098 19.1978
v  460.0274 11.2098 19.1978
v  458.5438 116.2098 15.3316
v  458.5438 11.2098 15.3316
v  459.1921 116.2098 11.2415
v  459.1921 11.2098 11.2415
v  461.7985 116.2098 8.0236
v  461.7985 11.2098 8.0236
v  470.6139 11.2098 20.1598
v  469.3480 11.2098 8.1017
v  472.1637 11.2098 10.3824
v  473.4618 11.2098 13.7653
v  472.8945 11.2098 17.3441
v  472.8945 116.2098 17.3441
v  470.6139 116.2098 20.1598
v  473.4618 116.2098 13.7653
v  472.1637 116.2098 10.3824
v  469.3480 116.2098 8.1017
v  458.6770 8.7098 15.3176
v  458.5438 9.2098 15.3316
v  459.1921 9.2098 11.2415
v  459.3144 8.7098 11.2960
v  461.7985 9.2098 8.0236
v  461.8772 8.7098 8.1320
v  465.6647 9.2098 6.5400
v  465.6787 8.7098 6.6732
v  469.7548 9.2098 7.1882
v  469.7003 8.7098 7.3106
v  472.9727 9.2098 9.7947
v  472.8643 8.7098 9.8734
v  474.4563 9.2098 13.6609
v  474.3231 8.7098 13.6749
v  473.9591 8.3438 13.7131
v  472.5682 8.3438 10.0885
v  469.5513 8.3438 7.6450
v  465.7169 8.3438 7.0372
v  462.0923 8.3438 8.4281
v  459.6488 8.3438 11.4449
v  459.0411 8.3438 15.2793
v  460.1056 8.2098 11.6483
v  459.5383 8.2098 15.2271
v  473.4618 8.2098 13.7653
v  472.1637 8.2098 10.3824
v  469.3480 8.2098 8.1017
v  465.7691 8.2098 7.5345
v  462.3862 8.2098 8.8326
v  460.0274 9.2098 19.1978
v  463.2453 9.2098 21.8042
v  467.3354 9.2098 22.4525
v  471.2016 9.2098 20.9689
v  473.8080 9.2098 17.7510
v  473.3513 8.3438 17.5475
v  472.8945 8.2098 17.3441
v  470.9077 8.3438 20.5644
v  470.6139 8.2098 20.1598
v  467.2831 8.3438 21.9552
v  467.2309 8.2098 21.4580
v  463.4487 8.3438 21.3475
v  463.6522 8.2098 20.8907
v  460.4319 8.3438 18.9039
v  460.8365 8.2098 18.6101
v  460.1358 8.7098 19.1190
v  473.6856 8.7098 17.6965
v  471.1228 8.7098 20.8605
v  467.3214 8.7098 22.3193
v  463.2998 8.7098 21.6818
v  452.3873 0.9849 15.9779
v  452.1122 1.9738 16.0068
v  453.2845 1.9738 8.6105
v  453.5291 1.0000 8.7194
v  457.9979 1.9738 2.7913
v  458.1553 1.0000 3.0079
v  464.9895 1.9738 0.1084
v  465.0174 1.0000 0.3747
v  472.3858 1.9738 1.2807
v  472.2768 1.0000 1.5253
v  478.2050 1.9738 5.9941
v  477.9883 1.0000 6.1515
v  480.8879 1.9738 12.9857
v  480.6129 0.9849 13.0145
v  479.8860 0.2636 13.0909
v  477.3961 0.2679 6.5817
v  471.9790 0.2679 2.1940
v  465.0939 0.2679 1.1028
v  458.5855 0.2679 3.6002
v  454.1978 0.2679 9.0173
v  453.1141 0.2636 15.9016
v  455.1114 0.0000 9.4241
v  454.1011 0.0000 15.7980
v  478.8990 0.0000 13.1945
v  476.5870 0.0000 7.1694
v  471.5722 0.0000 3.1075
v  465.1983 0.0000 2.0973
v  459.1732 0.0000 4.4093
v  452.3335 4.6496 15.9836
v  453.4878 4.6496 8.7010
v  452.2003 4.5380 15.9975
v  453.3189 4.4656 8.6258
v  452.1133 4.3872 16.0067
v  453.2578 4.2130 8.5986
v  452.0831 4.2126 16.0099
v  458.1287 4.6496 2.9713
v  458.0201 4.4656 2.8218
v  465.0127 4.6496 0.3297
v  464.9934 4.4656 0.1459
v  472.2953 4.6496 1.4840
v  472.3705 4.4656 1.3151
v  478.0250 4.6496 6.1249
v  478.1745 4.4656 6.0163
v  480.7998 4.5380 12.9949
v  480.6666 4.6496 13.0089
v  480.8868 4.3872 12.9858
v  480.9171 4.2126 12.9826
v  478.2287 4.2130 5.9769
v  472.3977 4.2130 1.2540
v  464.9864 4.2130 0.0793
v  457.9807 4.2130 2.7676
v  454.7951 1.9738 22.9984
v  454.7714 4.2116 23.0155
v  460.6143 1.9738 27.7118
v  460.6024 4.2116 27.7385
v  468.0106 1.9738 28.8841
v  468.0137 4.2116 28.9132
v  475.0021 1.9738 26.2012
v  475.0194 4.2116 26.2249
v  479.7156 1.9738 20.3820
v  479.7423 4.2116 20.3939
v  479.6812 4.4656 20.3666
v  474.9800 4.4656 26.1707
v  468.0067 4.4656 28.8466
v  460.6296 4.4656 27.6773
v  454.8256 4.4656 22.9762
v  454.9751 4.6496 22.8676
v  479.5123 4.6496 20.2914
v  474.8714 4.6496 26.0212
v  467.9874 4.6496 28.6628
v  460.7048 4.6496 27.5085
v  477.8888 0.0000 19.5684
v  461.4279 0.0000 25.8849
v  456.4131 0.0000 21.8231
v  473.8269 0.0000 24.5832
v  467.8018 0.0000 26.8952
v  478.8022 0.2679 19.9752
v  474.4146 0.2679 25.3923
v  467.9062 0.2679 27.8897
v  461.0211 0.2679 26.7984
v  455.6040 0.2679 22.4108
v  455.0117 1.0000 22.8410
v  460.7232 1.0000 27.4671
v  467.9826 1.0000 28.6178
v  474.8448 1.0000 25.9845
v  479.4709 1.0000 20.2730
v  470.5455 8.2098 11.5578
v  471.4727 8.2098 13.9742
v  474.8288 7.1730 13.6218
v  476.0272 6.4705 10.5978
v  476.6292 6.4705 16.3309
v  478.0273 5.9414 13.2860
v  474.0453 6.4705 7.4938
v  470.3694 6.4705 4.9572
v  465.4252 6.4705 4.2586
v  460.7339 6.4705 5.9688
v  463.5616 8.2098 10.4508
v  465.9780 8.2098 9.5236
v  457.6650 6.4705 9.2135
v  461.9326 8.2098 12.4620
v  456.3709 6.4705 12.6615
v  461.5274 8.2098 15.0183
v  454.9728 5.9414 15.7065
v  468.5343 8.2098 9.9287
v  471.0676 8.2098 16.5304
v  475.3351 6.4705 19.7789
v  469.4385 8.2098 18.5417
v  472.2661 6.4705 23.0237
v  467.0222 8.2098 19.4689
v  467.5749 6.4705 24.7339
v  464.4658 8.2098 19.0637
v  462.6307 6.4705 24.0353
v  458.9548 6.4705 21.4987
v  456.9728 6.4705 18.3946
v  462.4547 8.2098 17.4347
v  583.1770 8.7098 347.8176
v  583.0437 9.2098 347.8315
v  583.6920 9.2098 343.7415
v  583.8144 8.7098 343.7960
v  586.2985 9.2098 340.5235
v  586.3772 8.7098 340.6319
v  590.1647 9.2098 339.0400
v  590.1786 8.7098 339.1732
v  594.2548 9.2098 339.6882
v  594.2002 8.7098 339.8106
v  597.4727 9.2098 342.2947
v  597.3643 8.7098 342.3734
v  598.9563 9.2098 346.1609
v  598.8230 8.7098 346.1749
v  598.4590 8.3438 346.2131
v  597.0681 8.3438 342.5885
v  594.0513 8.3438 340.1450
v  590.2169 8.3438 339.5372
v  586.5923 8.3438 340.9281
v  584.1487 8.3438 343.9449
v  583.5410 8.3438 347.7794
v  584.6056 8.2098 344.1483
v  584.0383 8.2098 347.7271
v  597.9617 8.2098 346.2653
v  596.6636 8.2098 342.8824
v  593.8479 8.2098 340.6017
v  590.2692 8.2098 340.0345
v  586.8862 8.2098 341.3326
v  583.0437 11.2098 347.8315
v  584.5273 9.2098 351.6978
v  584.5273 11.2098 351.6978
v  587.7453 9.2098 354.3042
v  587.7453 11.2098 354.3042
v  591.8353 9.2098 354.9525
v  591.8353 11.2098 354.9525
v  595.7015 9.2098 353.4689
v  595.7015 11.2098 353.4689
v  598.3080 9.2098 350.2509
v  598.3080 11.2098 350.2509
v  598.9563 11.2098 346.1609
v  583.6920 11.2098 343.7415
v  597.4727 11.2098 342.2947
v  586.2985 11.2098 340.5235
v  594.2548 11.2098 339.6882
v  590.1647 11.2098 339.0400
v  597.8513 8.3438 350.0475
v  597.3945 8.2098 349.8441
v  595.4077 8.3438 353.0643
v  595.1139 8.2098 352.6598
v  591.7831 8.3438 354.4552
v  591.7309 8.2098 353.9579
v  587.9487 8.3438 353.8475
v  588.1521 8.2098 353.3907
v  584.9319 8.3438 351.4039
v  585.3364 8.2098 351.1101
v  584.6357 8.7098 351.6190
v  598.1856 8.7098 350.1964
v  595.6228 8.7098 353.3605
v  591.8214 8.7098 354.8192
v  587.7998 8.7098 354.1818
v  576.8872 0.9849 348.4779
v  576.6121 1.9738 348.5068
v  577.7845 1.9738 341.1105
v  578.0291 1.0000 341.2194
v  582.4979 1.9738 335.2913
v  582.6553 1.0000 335.5079
v  589.4894 1.9738 332.6084
v  589.5174 1.0000 332.8747
v  596.8857 1.9738 333.7807
v  596.7768 1.0000 334.0253
v  602.7050 1.9738 338.4941
v  602.4883 1.0000 338.6515
v  605.3879 1.9738 345.4857
v  605.1128 0.9849 345.5145
v  604.3860 0.2636 345.5909
v  601.8960 0.2679 339.0817
v  596.4789 0.2679 334.6940
v  589.5938 0.2679 333.6027
v  583.0854 0.2679 336.1002
v  578.6978 0.2679 341.5172
v  577.6140 0.2636 348.4016
v  579.6113 0.0000 341.9241
v  578.6011 0.0000 348.2980
v  603.3989 0.0000 345.6945
v  601.0869 0.0000 339.6694
v  596.0721 0.0000 335.6075
v  589.6982 0.0000 334.5973
v  583.6732 0.0000 336.9093
v  576.8334 4.6496 348.4836
v  577.9877 4.6496 341.2010
v  576.7003 4.5380 348.4975
v  577.8189 4.4656 341.1258
v  576.6132 4.3872 348.5067
v  577.7578 4.2130 341.0986
v  576.5830 4.2126 348.5098
v  582.6287 4.6496 335.4713
v  582.5200 4.4656 335.3217
v  589.5127 4.6496 332.8297
v  589.4933 4.4656 332.6458
v  596.7953 4.6496 333.9839
v  596.8704 4.4656 333.8151
v  602.5250 4.6496 338.6249
v  602.6745 4.4656 338.5162
v  605.2997 4.5380 345.4949
v  605.1666 4.6496 345.5089
v  605.3868 4.3872 345.4858
v  605.4170 4.2126 345.4826
v  602.7287 4.2130 338.4769
v  596.8976 4.2130 333.7539
v  589.4864 4.2130 332.5792
v  582.4807 4.2130 335.2676
v  579.2950 1.9738 355.4984
v  579.2714 4.2116 355.5156
v  585.1143 1.9738 360.2118
v  585.1024 4.2116 360.2385
v  592.5106 1.9738 361.3841
v  592.5136 4.2116 361.4132
v  599.5021 1.9738 358.7012
v  599.5193 4.2116 358.7249
v  604.2155 1.9738 352.8820
v  604.2423 4.2116 352.8939
v  604.1811 4.4656 352.8666
v  599.4800 4.4656 358.6707
v  592.5067 4.4656 361.3466
v  585.1296 4.4656 360.1773
v  579.3255 4.4656 355.4762
v  579.4750 4.6496 355.3676
v  604.0123 4.6496 352.7914
v  599.3713 4.6496 358.5212
v  592.4873 4.6496 361.1628
v  585.2048 4.6496 360.0085
v  602.3887 0.0000 352.0683
v  585.9279 0.0000 358.3849
v  580.9131 0.0000 354.3231
v  598.3268 0.0000 357.0832
v  592.3018 0.0000 359.3952
v  603.3022 0.2679 352.4752
v  598.9146 0.2679 357.8922
v  592.4062 0.2679 360.3897
v  585.5211 0.2679 359.2984
v  580.1040 0.2679 354.9107
v  579.5117 1.0000 355.3410
v  585.2232 1.0000 359.9671
v  592.4826 1.0000 361.1178
v  599.3447 1.0000 358.4845
v  603.9709 1.0000 352.7730
v  595.0454 8.2098 344.0577
v  595.9727 8.2098 346.4742
v  599.3288 7.1730 346.1218
v  600.5272 6.4705 343.0978
v  601.1291 6.4705 348.8309
v  602.5272 5.9414 345.7860
v  598.5452 6.4705 339.9937
v  594.8693 6.4705 337.4572
v  589.9252 6.4705 336.7586
v  585.2339 6.4705 338.4688
v  588.0615 8.2098 342.9508
v  590.4779 8.2098 342.0236
v  582.1650 6.4705 341.7135
v  586.4325 8.2098 344.9620
v  580.8709 6.4705 345.1615
v  586.0273 8.2098 347.5183
v  579.4728 5.9414 348.2065
v  593.0342 8.2098 342.4287
v  595.5675 8.2098 349.0305
v  599.8350 6.4705 352.2789
v  593.9385 8.2098 351.0416
v  596.7661 6.4705 355.5236
v  591.5221 8.2098 351.9689
v  592.0748 6.4705 357.2339
v  588.9658 8.2098 351.5637
v  587.1307 6.4705 356.5352
v  583.4548 6.4705 353.9987
v  581.4728 6.4705 350.8946
v  586.9546 8.2098 349.9347
v  466.5000 146.2098 7.4962
v  466.5000 431.2098 7.4962
v  463.0000 431.2098 8.4341
v  463.0000 146.2098 8.4341
v  460.4378 431.2098 10.9962
v  460.4378 146.2098 10.9962
v  459.5000 431.2098 14.4962
v  459.5000 146.2098 14.4962
v  460.4378 431.2098 17.9962
v  460.4378 146.2098 17.9962
v  463.0000 431.2098 20.5584
v  463.0000 146.2098 20.5584
v  466.5000 431.2098 21.4962
v  466.5000 146.2098 21.4962
v  466.5000 431.2098 6.4962
v  470.5000 431.2098 7.5680
v  473.4282 431.2098 10.4962
v  474.5000 431.2098 14.4962
v  473.4282 431.2098 18.4962
v  470.5000 431.2098 21.4244
v  466.5000 431.2098 22.4962
v  462.5000 431.2098 7.5680
v  470.0000 431.2098 8.4341
v  459.5718 431.2098 10.4962
v  458.5000 431.2098 14.4962
v  459.5718 431.2098 18.4962
v  462.5000 431.2098 21.4244
v  470.0000 431.2098 20.5584
v  472.5622 431.2098 17.9962
v  473.5000 431.2098 14.4962
v  472.5622 431.2098 10.9962
v  470.0000 146.2098 20.5584
v  470.0000 146.2098 8.4341
v  472.5622 146.2098 10.9962
v  473.5000 146.2098 14.4962
v  472.5622 146.2098 17.9962
v  -459.0000 431.2098 17.2801
v  -460.7043 431.2098 20.0108
v  -460.7043 461.2098 20.0108
v  -459.0000 461.2098 17.2801
v  -463.3469 431.2098 21.8487
v  -463.3469 461.2098 21.8487
v  -466.5000 431.2098 22.4962
v  -466.5000 461.2098 22.4962
v  -459.0000 461.2098 339.4962
v  -459.0000 431.2098 339.4962
v  -469.6531 431.2098 21.8487
v  -469.6531 461.2098 21.8487
v  -472.2957 431.2098 20.0108
v  -472.2957 461.2098 20.0108
v  -474.0000 431.2098 17.2801
v  -474.0000 461.2098 17.2801
v  -474.0000 461.2098 339.4962
v  -474.0000 431.2098 339.4962
v  -474.5000 431.2098 14.4962
v  -474.5000 461.2098 14.4962
v  -473.4282 461.2098 10.4962
v  -473.4282 431.2098 10.4962
v  -470.5000 461.2098 7.5680
v  -470.5000 431.2098 7.5680
v  -466.5000 461.2098 6.4962
v  -466.5000 431.2098 6.4962
v  -462.5000 461.2098 7.5680
v  -462.5000 431.2098 7.5680
v  -459.5718 461.2098 10.4962
v  -459.5718 431.2098 10.4962
v  -458.5000 461.2098 14.4962
v  -458.5000 431.2098 14.4962
v  -459.5718 461.2098 18.4962
v  -459.5718 431.2098 18.4962
v  -462.5000 461.2098 21.4244
v  -462.5000 431.2098 21.4244
v  -470.5000 461.2098 21.4244
v  -470.5000 431.2098 21.4244
v  -473.4282 461.2098 18.4962
v  -473.4282 431.2098 18.4962
v  474.0000 431.2098 17.2801
v  472.2957 431.2098 20.0108
v  472.2957 461.2098 20.0108
v  474.0000 461.2098 17.2801
v  469.6531 431.2098 21.8487
v  469.6531 461.2098 21.8487
v  466.5000 461.2098 22.4962
v  474.0000 461.2098 339.4962
v  474.0000 431.2098 339.4962
v  463.3469 431.2098 21.8487
v  463.3469 461.2098 21.8487
v  460.7043 431.2098 20.0108
v  460.7043 461.2098 20.0108
v  459.0000 431.2098 17.2801
v  459.0000 461.2098 17.2801
v  459.0000 461.2098 339.4962
v  459.0000 431.2098 339.4962
v  458.5000 461.2098 14.4962
v  459.5718 461.2098 10.4962
v  462.5000 461.2098 7.5680
v  466.5000 461.2098 6.4962
v  470.5000 461.2098 7.5680
v  473.4282 461.2098 10.4962
v  474.5000 461.2098 14.4962
v  473.4282 461.2098 18.4962
v  470.5000 461.2098 21.4244
v  462.5000 461.2098 21.4244
v  459.5718 461.2098 18.4962
v  588.2161 431.2098 354.4962
v  585.4855 431.2098 352.7919
v  585.4855 461.2098 352.7919
v  588.2161 461.2098 354.4962
v  583.6476 431.2098 350.1493
v  583.6476 461.2098 350.1493
v  583.0000 431.2098 346.9962
v  583.0000 461.2098 346.9962
v  588.2161 431.2098 339.4962
v  -588.2161 431.2098 339.4962
v  -588.2161 461.2098 339.4962
v  588.2161 461.2098 339.4962
v  -588.2161 431.2098 354.4962
v  -585.0344 431.2098 352.3265
v  -583.2352 431.2098 348.9217
v  -583.2352 431.2098 345.0707
v  -585.0344 431.2098 341.6659
v  583.6476 431.2098 343.8431
v  585.4855 431.2098 341.2005
v  583.6476 461.2098 343.8431
v  585.4855 461.2098 341.2005
v  -585.0344 461.2098 352.3265
v  -588.2161 461.2098 354.4962
v  -583.2352 461.2098 348.9217
v  -583.2352 461.2098 345.0707
v  -585.0344 461.2098 341.6659
v  591.0000 431.2098 354.9962
v  591.0000 461.2098 354.9962
v  587.0000 461.2098 353.9244
v  587.0000 431.2098 353.9244
v  584.0718 461.2098 350.9962
v  584.0718 431.2098 350.9962
v  584.0718 461.2098 342.9962
v  584.0718 431.2098 342.9962
v  587.0000 461.2098 340.0681
v  587.0000 431.2098 340.0681
v  591.0000 461.2098 338.9962
v  591.0000 431.2098 338.9962
v  595.0000 461.2098 340.0681
v  595.0000 431.2098 340.0681
v  597.9282 461.2098 342.9962
v  597.9282 431.2098 342.9962
v  599.0000 461.2098 346.9962
v  599.0000 431.2098 346.9962
v  597.9282 461.2098 350.9962
v  597.9282 431.2098 350.9962
v  595.0000 461.2098 353.9244
v  595.0000 431.2098 353.9244
v  -590.9999 461.2098 354.9962
v  -590.9999 431.2098 354.9962
v  -586.9999 431.2098 353.9244
v  -586.9999 461.2098 353.9244
v  -584.0718 431.2098 350.9962
v  -584.0718 461.2098 350.9962
v  -582.9999 431.2098 346.9962
v  -582.9999 461.2098 346.9962
v  -584.0718 431.2098 342.9962
v  -584.0718 461.2098 342.9962
v  -586.9999 431.2098 340.0681
v  -586.9999 461.2098 340.0681
v  -590.9999 431.2098 338.9962
v  -590.9999 461.2098 338.9962
v  -594.9999 431.2098 340.0681
v  -594.9999 461.2098 340.0681
v  -597.9282 431.2098 342.9962
v  -597.9282 461.2098 342.9962
v  -598.9999 431.2098 346.9962
v  -598.9999 461.2098 346.9962
v  -597.9282 431.2098 350.9962
v  -597.9282 461.2098 350.9962
v  -594.9999 431.2098 353.9244
v  -594.9999 461.2098 353.9244
v  466.5000 461.2098 7.4962
v  466.5000 641.2098 7.4962
v  463.0000 641.2098 8.4341
v  463.0000 461.2098 8.4341
v  460.4378 641.2098 10.9962
v  460.4378 461.2098 10.9962
v  459.5000 641.2098 14.4962
v  459.5000 461.2098 14.4962
v  460.4378 641.2098 17.9962
v  460.4378 461.2098 17.9962
v  463.0000 641.2098 20.5584
v  463.0000 461.2098 20.5584
v  466.5000 641.2098 21.4962
v  466.5000 461.2098 21.4962
v  466.5000 641.2098 6.4962
v  470.5000 641.2098 7.5680
v  473.4282 641.2098 10.4962
v  474.5000 641.2098 14.4962
v  473.4282 641.2098 18.4962
v  470.5000 641.2098 21.4244
v  466.5000 641.2098 22.4962
v  462.5000 641.2098 7.5680
v  470.0000 641.2098 8.4341
v  459.5718 641.2098 10.4962
v  458.5000 641.2098 14.4962
v  459.5718 641.2098 18.4962
v  462.5000 641.2098 21.4244
v  470.0000 641.2098 20.5584
v  472.5622 641.2098 17.9962
v  473.5000 641.2098 14.4962
v  472.5622 641.2098 10.9962
v  470.0000 461.2098 20.5584
v  470.0000 461.2098 8.4341
v  472.5622 461.2098 10.9962
v  473.5000 461.2098 14.4962
v  472.5622 461.2098 17.9962
v  -459.0000 641.2098 17.2801
v  -460.7043 641.2098 20.0108
v  -460.7043 671.2098 20.0108
v  -459.0000 671.2098 17.2801
v  -463.3469 641.2098 21.8487
v  -463.3469 671.2098 21.8487
v  -466.5000 641.2098 22.4962
v  -466.5000 671.2098 22.4962
v  -459.0000 671.2098 339.4962
v  -459.0000 641.2098 339.4962
v  -469.6531 641.2098 21.8487
v  -469.6531 671.2098 21.8487
v  -472.2957 641.2098 20.0108
v  -472.2957 671.2098 20.0108
v  -474.0000 641.2098 17.2801
v  -474.0000 671.2098 17.2801
v  -474.0000 671.2098 339.4962
v  -474.0000 641.2098 339.4962
v  458.5000 671.2098 14.4962
v  459.5718 671.2098 10.4962
v  462.5000 671.2098 7.5680
v  466.5000 671.2098 6.4962
v  470.5000 671.2098 7.5680
v  473.4282 671.2098 10.4962
v  474.5000 671.2098 14.4962
v  473.4282 671.2098 18.4962
v  470.5000 671.2098 21.4244
v  466.5000 671.2098 22.4962
v  462.5000 671.2098 21.4244
v  459.5718 671.2098 18.4962
v  -474.5000 641.2098 14.4962
v  -474.5000 671.2098 14.4962
v  -473.4282 671.2098 10.4962
v  -473.4282 641.2098 10.4962
v  -470.5000 671.2098 7.5680
v  -470.5000 641.2098 7.5680
v  -466.5000 671.2098 6.4962
v  -466.5000 641.2098 6.4962
v  -462.5000 671.2098 7.5680
v  -462.5000 641.2098 7.5680
v  -459.5718 671.2098 10.4962
v  -459.5718 641.2098 10.4962
v  -458.5000 671.2098 14.4962
v  -458.5000 641.2098 14.4962
v  -459.5718 671.2098 18.4962
v  -459.5718 641.2098 18.4962
v  -462.5000 671.2098 21.4244
v  -462.5000 641.2098 21.4244
v  -470.5000 671.2098 21.4244
v  -470.5000 641.2098 21.4244
v  -473.4282 671.2098 18.4962
v  -473.4282 641.2098 18.4962
v  474.0000 641.2098 17.2801
v  472.2957 641.2098 20.0108
v  472.2957 671.2098 20.0108
v  474.0000 671.2098 17.2801
v  469.6531 641.2098 21.8487
v  469.6531 671.2098 21.8487
v  474.0000 671.2098 339.4962
v  474.0000 641.2098 339.4962
v  463.3469 641.2098 21.8487
v  463.3469 671.2098 21.8487
v  460.7043 641.2098 20.0108
v  460.7043 671.2098 20.0108
v  459.0000 641.2098 17.2801
v  459.0000 671.2098 17.2801
v  459.0000 671.2098 339.4962
v  459.0000 641.2098 339.4962
v  588.2161 641.2098 354.4962
v  585.4855 641.2098 352.7919
v  585.4855 671.2098 352.7919
v  588.2161 671.2098 354.4962
v  583.6476 641.2098 350.1493
v  583.6476 671.2098 350.1493
v  583.0000 641.2098 346.9962
v  583.0000 671.2098 346.9962
v  588.2161 641.2098 339.4962
v  -588.2161 641.2098 339.4962
v  -588.2161 671.2098 339.4962
v  588.2161 671.2098 339.4962
v  -588.2161 641.2098 354.4962
v  -585.0344 641.2098 352.3265
v  -583.2352 641.2098 348.9217
v  -583.2352 641.2098 345.0707
v  -585.0344 641.2098 341.6659
v  583.6476 641.2098 343.8431
v  585.4855 641.2098 341.2005
v  583.6476 671.2098 343.8431
v  585.4855 671.2098 341.2005
v  -585.0344 671.2098 352.3265
v  -588.2161 671.2098 354.4962
v  -583.2352 671.2098 348.9217
v  -583.2352 671.2098 345.0707
v  -585.0344 671.2098 341.6659
v  591.0000 641.2098 354.9962
v  591.0000 671.2098 354.9962
v  587.0000 671.2098 353.9244
v  587.0000 641.2098 353.9244
v  584.0718 671.2098 350.9962
v  584.0718 641.2098 350.9962
v  584.0718 671.2098 342.9962
v  584.0718 641.2098 342.9962
v  587.0000 671.2098 340.0681
v  587.0000 641.2098 340.0681
v  591.0000 671.2098 338.9962
v  591.0000 641.2098 338.9962
v  595.0000 671.2098 340.0681
v  595.0000 641.2098 340.0681
v  597.9282 671.2098 342.9962
v  597.9282 641.2098 342.9962
v  599.0000 671.2098 346.9962
v  599.0000 641.2098 346.9962
v  597.9282 671.2098 350.9962
v  597.9282 641.2098 350.9962
v  595.0000 671.2098 353.9244
v  595.0000 641.2098 353.9244
v  -590.9999 671.2098 354.9962
v  -590.9999 641.2098 354.9962
v  -586.9999 641.2098 353.9244
v  -586.9999 671.2098 353.9244
v  -584.0718 641.2098 350.9962
v  -584.0718 671.2098 350.9962
v  -582.9999 641.2098 346.9962
v  -582.9999 671.2098 346.9962
v  -584.0718 641.2098 342.9962
v  -584.0718 671.2098 342.9962
v  -586.9999 641.2098 340.0681
v  -586.9999 671.2098 340.0681
v  -590.9999 641.2098 338.9962
v  -590.9999 671.2098 338.9962
v  -594.9999 641.2098 340.0681
v  -594.9999 671.2098 340.0681
v  -597.9282 641.2098 342.9962
v  -597.9282 671.2098 342.9962
v  -598.9999 641.2098 346.9962
v  -598.9999 671.2098 346.9962
v  -597.9282 641.2098 350.9962
v  -597.9282 671.2098 350.9962
v  -594.9999 641.2098 353.9244
v  -594.9999 671.2098 353.9244
v  598.6337 776.2098 344.6029
v  598.6337 671.2098 344.6029
v  596.4142 671.2098 341.1068
v  596.4142 776.2098 341.1068
v  592.7441 671.2098 339.1887
v  592.7441 776.2098 339.1887
v  588.6067 671.2098 339.3626
v  588.6067 776.2098 339.3626
v  585.1105 671.2098 341.5820
v  585.1105 776.2098 341.5820
v  583.1925 671.2098 345.2521
v  583.1925 776.2098 345.2521
v  583.3664 671.2098 349.3895
v  583.3664 776.2098 349.3895
v  585.5858 671.2098 352.8857
v  585.5858 776.2098 352.8857
v  589.2559 671.2098 354.8038
v  589.2559 776.2098 354.8038
v  593.3933 671.2098 354.6298
v  593.3933 776.2098 354.6298
v  596.8895 671.2098 352.4105
v  596.8895 776.2098 352.4105
v  598.8076 671.2098 348.7404
v  598.8076 776.2098 348.7404
v  592.0096 781.1539 339.2348
v  591.5678 781.7509 342.6312
v  594.0732 781.7509 343.8449
v  595.7551 781.1539 340.7795
v  595.1187 781.7509 345.4431
v  598.2264 781.1539 343.9899
v  595.3650 781.7509 347.5640
v  598.7614 781.1539 348.0059
v  594.5843 781.7509 349.5514
v  597.2167 781.1539 351.7513
v  591.0001 781.9499 346.9962
v  588.8353 781.7509 343.1635
v  589.9904 781.1539 354.7576
v  594.0063 781.1539 354.2226
v  593.1647 781.7509 350.8289
v  590.4323 781.7509 351.3612
v  597.2614 776.4335 351.7854
v  597.0394 776.3144 351.3015
v  598.3549 776.3144 347.9530
v  598.8171 776.4335 348.0131
v  597.8424 776.2098 347.8863
v  597.9398 776.3144 344.3793
v  597.3707 776.2098 344.3459
v  594.6475 776.3144 353.4542
v  596.4806 776.2098 351.1882
v  597.3505 776.4811 351.8536
v  594.0280 776.4335 354.2745
v  590.0433 776.3144 354.3511
v  589.9831 776.4335 354.8133
v  590.1099 776.2098 353.8386
v  593.6503 776.2098 353.3669
v  595.1920 776.2098 341.5156
v  596.1783 776.3144 341.6864
v  591.9567 776.3144 339.6414
v  591.8901 776.2098 340.1539
v  592.0169 776.4335 339.1791
v  595.7892 776.4335 340.7349
v  595.8574 776.4811 340.6457
v  598.2783 776.4335 343.9684
v  582.8725 780.6779 345.9390
v  583.4327 780.6779 350.1444
v  583.4946 780.9213 350.1186
v  582.9206 780.8861 345.9453
v  583.0505 781.0551 345.9621
v  583.6636 781.1043 350.0483
v  583.7736 781.1539 350.0025
v  583.2386 781.1539 345.9866
v  586.1725 781.1043 353.3076
v  586.2450 781.1539 353.2130
v  589.9750 781.1043 354.8758
v  594.0521 781.1043 354.3327
v  597.3115 781.1043 351.8237
v  598.9495 781.0551 348.0304
v  597.4568 780.9213 351.9349
v  599.0795 780.8861 348.0472
v  597.5099 780.6779 351.9756
v  599.1275 780.6779 348.0535
v  586.0206 780.6779 353.5062
v  586.0613 780.9213 353.4530
v  589.9427 780.6779 355.1237
v  589.9514 780.9213 355.0573
v  594.1481 780.6779 354.5634
v  594.1224 780.9213 354.5016
v  594.0710 776.4811 354.3781
v  589.9686 776.4811 354.9246
v  586.1426 776.4811 353.3467
v  586.2108 776.4335 353.2576
v  583.6182 776.4811 350.0672
v  583.7218 776.4335 350.0241
v  583.1829 776.4335 345.9793
v  582.9948 776.5363 345.9549
v  583.4492 776.6641 350.1375
v  582.8672 776.7094 345.9383
v  583.3873 776.9190 350.1632
v  582.8237 776.9207 345.9326
v  599.1763 776.9207 348.0598
v  597.5491 776.9190 352.0055
v  597.4958 776.6641 351.9648
v  599.1328 776.7094 348.0542
v  599.0052 776.5363 348.0376
v  594.1413 776.6641 354.5471
v  589.9450 776.6641 355.1061
v  586.0314 776.6641 353.4921
v  594.1670 776.9190 354.6089
v  589.9364 776.9190 355.1725
v  585.9908 776.9190 353.5453
v  586.8080 776.2098 352.4769
v  585.8217 776.3144 352.3061
v  584.0602 776.3144 349.6131
v  584.6293 776.2098 349.6466
v  583.6451 776.3144 346.0395
v  584.1577 776.2098 346.1061
v  584.9606 776.3144 342.6909
v  584.7386 776.4335 342.2070
v  587.3525 776.3144 340.5383
v  585.5194 776.2098 342.8042
v  584.6495 776.4811 342.1388
v  587.9721 776.4335 339.7180
v  588.3497 776.2098 340.6255
v  587.9268 781.7509 350.1475
v  586.8813 781.7509 348.5493
v  586.6350 781.7509 346.4284
v  587.4157 781.7509 344.4411
v  584.7833 781.1539 342.2411
v  587.9937 781.1539 339.7698
v  584.4901 780.6779 342.0168
v  584.4509 776.9190 341.9869
v  587.8519 780.6779 339.4290
v  587.8330 776.9190 339.3835
v  592.0573 780.6779 338.8687
v  592.0636 776.9190 338.8199
v  595.9794 780.6779 340.4863
v  596.0092 776.9190 340.4472
v  598.5673 780.6779 343.8481
v  598.6127 776.9190 343.8292
v  598.5508 776.6641 343.8549
v  598.3818 776.4811 343.9252
v  592.0314 776.4811 339.0678
v  587.9290 776.4811 339.6143
v  584.5042 776.6641 342.0276
v  587.8587 776.6641 339.4454
v  592.0550 776.6641 338.8864
v  595.9686 776.6641 340.5003
v  598.3364 781.1043 343.9441
v  598.5054 780.9213 343.8738
v  595.9387 780.9213 340.5394
v  592.0486 780.9213 338.9351
v  587.8776 780.9213 339.4908
v  584.5432 780.9213 342.0575
v  584.6885 781.1043 342.1687
v  587.9479 781.1043 339.6598
v  592.0250 781.1043 339.1166
v  595.8275 781.1043 340.6848
v  472.4635 776.2098 9.1636
v  472.4635 671.2098 9.1636
v  468.9982 671.2098 6.8963
v  468.9982 776.2098 6.8963
v  464.8636 671.2098 6.6654
v  464.8636 776.2098 6.6654
v  461.1674 671.2098 8.5327
v  461.1674 776.2098 8.5327
v  458.9001 671.2098 11.9980
v  458.9001 776.2098 11.9980
v  458.6692 671.2098 16.1327
v  458.6692 776.2098 16.1327
v  460.5365 671.2098 19.8289
v  460.5365 776.2098 19.8289
v  464.0018 671.2098 22.0962
v  464.0018 776.2098 22.0962
v  468.1364 671.2098 22.3271
v  468.1364 776.2098 22.3271
v  471.8326 671.2098 20.4597
v  471.8326 776.2098 20.4597
v  474.0999 671.2098 16.9945
v  474.0999 776.2098 16.9945
v  474.3309 671.2098 12.8598
v  474.3309 776.2098 12.8598
v  464.2137 781.1539 7.0108
v  465.2142 781.7509 10.2864
v  467.9972 781.7509 10.3569
v  468.2628 781.1539 6.8705
v  469.6094 781.7509 11.3806
v  471.8394 781.1539 8.7735
v  470.7098 781.7509 13.2104
v  473.9854 781.1539 12.2099
v  470.8196 781.7509 15.3428
v  474.1257 781.1539 16.2590
v  466.5000 781.9499 14.4962
v  462.9455 781.7509 11.8999
v  468.7863 781.1539 21.9817
v  472.2227 781.1539 19.8357
v  470.0545 781.7509 17.0926
v  467.7858 781.7509 18.7060
v  474.1804 776.4335 16.2716
v  473.7784 776.3144 15.9226
v  473.5934 776.3144 12.3297
v  474.0391 776.4335 12.1935
v  473.0991 776.2098 12.4807
v  471.7393 776.3144 9.2465
v  471.2072 776.2098 9.4512
v  472.4892 776.3144 18.8710
v  473.2227 776.2098 16.0502
v  474.2898 776.4811 16.2969
v  472.2638 776.4335 19.8740
v  468.6666 776.3144 21.5896
v  468.8027 776.4335 22.0354
v  468.5156 776.2098 21.0953
v  471.5450 776.2098 19.2034
v  468.0540 776.2098 7.7735
v  469.0228 776.3144 7.5216
v  464.3335 776.3144 7.4029
v  464.4844 776.2098 7.8972
v  464.1973 776.4335 6.9571
v  468.2754 776.4335 6.8158
v  468.3007 776.4811 6.7065
v  471.8777 776.4335 8.7325
v  458.6615 780.6779 16.8904
v  460.9088 780.6779 20.4888
v  460.9544 780.9213 20.4399
v  458.7079 780.8861 16.8762
v  458.8332 781.0551 16.8379
v  461.0793 781.1043 20.3061
v  461.1606 781.1539 20.2189
v  459.0146 781.1539 16.7825
v  464.7104 781.1043 22.2381
v  464.7373 781.1539 22.1220
v  468.8211 781.1043 22.0957
v  472.3098 781.1043 19.9170
v  474.2419 781.1043 16.2858
v  474.1668 781.0551 12.1545
v  474.4202 780.9213 16.3270
v  474.2922 780.8861 12.1163
v  474.4854 780.6779 16.3421
v  474.3385 780.6779 12.1021
v  464.6541 780.6779 22.4816
v  464.6692 780.9213 22.4164
v  468.8941 780.6779 22.3347
v  468.8746 780.9213 22.2707
v  472.4926 780.6779 20.0875
v  472.4437 780.9213 20.0418
v  472.3458 776.4811 19.9505
v  468.8355 776.4811 22.1427
v  464.6993 776.4811 22.2860
v  464.7247 776.4335 22.1767
v  461.0457 776.4811 20.3421
v  461.1223 776.4335 20.2600
v  458.9609 776.4335 16.7989
v  458.7795 776.5363 16.8543
v  460.9208 776.6641 20.4759
v  458.6563 776.7094 16.8919
v  460.8752 776.9190 20.5248
v  458.6145 776.9207 16.9047
v  474.3856 776.9207 12.0877
v  474.5333 776.9190 16.3532
v  474.4681 776.6641 16.3381
v  474.3437 776.7094 12.1005
v  474.2206 776.5363 12.1381
v  472.4796 776.6641 20.0754
v  468.8889 776.6641 22.3177
v  464.6581 776.6641 22.4643
v  472.5286 776.9190 20.1211
v  468.9085 776.9190 22.3818
v  464.6431 776.9190 22.5296
v  464.9460 776.2098 21.2190
v  463.9772 776.3144 21.4708
v  461.2607 776.3144 19.7459
v  461.7928 776.2098 19.5413
v  459.4066 776.3144 16.6628
v  459.9010 776.2098 16.5118
v  459.2216 776.3144 13.0698
v  458.8196 776.4335 12.7209
v  460.5108 776.3144 10.1215
v  459.7773 776.2098 12.9422
v  458.7102 776.4811 12.6956
v  460.7363 776.4335 9.1185
v  461.4550 776.2098 9.7891
v  465.0028 781.7509 18.6356
v  463.3906 781.7509 17.6118
v  462.2902 781.7509 15.7820
v  462.1804 781.7509 13.6497
v  458.8743 781.1539 12.7335
v  460.7773 781.1539 9.1568
v  458.5146 780.6779 12.6504
v  458.4667 776.9190 12.6393
v  460.5074 780.6779 8.9050
v  460.4714 776.9190 8.8714
v  464.1059 780.6779 6.6577
v  464.0915 776.9190 6.6107
v  468.3459 780.6779 6.5108
v  468.3569 776.9190 6.4629
v  472.0913 780.6779 8.5036
v  472.1248 776.9190 8.4677
v  472.0792 776.6641 8.5166
v  471.9543 776.4811 8.6504
v  464.1645 776.4811 6.8498
v  460.6542 776.4811 9.0419
v  458.5319 776.6641 12.6544
v  460.5204 776.6641 8.9171
v  464.1111 776.6641 6.6747
v  468.3419 776.6641 6.5281
v  471.9207 781.1043 8.6864
v  472.0456 780.9213 8.5526
v  468.3308 780.9213 6.5761
v  464.1254 780.9213 6.7218
v  460.5563 780.9213 8.9506
v  458.5798 780.9213 12.6654
v  458.7581 781.1043 12.7066
v  460.6902 781.1043 9.0755
v  464.1789 781.1043 6.8968
v  468.2896 781.1043 6.7544
v  -460.1029 781.1539 9.9867
v  -462.9023 781.7509 11.9601
v  -462.1001 781.7509 14.6260
v  -458.7052 781.1539 13.7895
v  -462.5692 781.7509 16.4772
v  -459.3961 781.1539 17.7816
v  -463.9639 781.7509 18.0940
v  -461.9905 781.1539 20.8934
v  -465.9553 781.7509 18.8642
v  -465.7933 781.1539 22.2911
v  -466.5000 781.9499 14.4962
v  -465.1435 781.7509 10.3087
v  -472.8971 781.1539 19.0057
v  -469.7853 781.1539 21.6001
v  -467.8565 781.7509 18.6838
v  -470.0977 781.7509 17.0324
v  -465.7882 776.4335 22.3470
v  -465.5822 776.3144 21.8561
v  -462.2267 776.3144 20.5583
v  -461.9582 776.4335 20.9393
v  -462.5245 776.2098 20.1359
v  -459.8767 776.3144 17.8342
v  -460.2373 776.2098 17.3925
v  -468.7857 776.3144 21.5521
v  -465.8769 776.2098 21.3680
v  -465.7780 776.4811 22.4588
v  -469.8089 776.4335 21.6511
v  -472.5621 776.3144 18.7695
v  -472.9430 776.4335 19.0381
v  -472.1396 776.2098 18.4717
v  -469.3963 776.2098 20.7589
v  -459.6282 776.2098 13.8732
v  -459.0864 776.3144 14.7148
v  -460.4380 776.3144 10.2229
v  -460.8604 776.2098 10.5207
v  -460.0570 776.4335 9.9544
v  -458.6493 776.4335 13.7844
v  -458.5375 776.4811 13.7743
v  -459.3452 776.4335 17.8051
v  -471.2222 780.6779 7.7974
v  -473.9390 780.6779 11.0559
v  -473.8782 780.9213 11.0840
v  -471.1943 780.8861 7.8370
v  -471.1188 781.0551 7.9441
v  -473.7121 781.1043 11.1609
v  -473.6039 781.1539 11.2109
v  -471.0095 781.1539 8.0991
v  -474.4135 781.1043 15.2138
v  -474.2949 781.1539 15.2030
v  -472.9946 781.1043 19.0744
v  -469.8354 781.1043 21.7083
v  -465.7825 781.1043 22.4098
v  -461.8812 781.0551 21.0484
v  -465.7659 780.9213 22.5920
v  -461.8058 780.8861 21.1555
v  -465.7599 780.6779 22.6587
v  -461.7778 780.6779 21.1951
v  -474.6625 780.6779 15.2363
v  -474.5958 780.9213 15.2303
v  -473.1989 780.6779 19.2184
v  -473.1441 780.9213 19.1799
v  -469.9403 780.6779 21.9352
v  -469.9122 780.9213 21.8744
v  -469.8560 776.4811 21.7530
v  -473.0348 776.4811 19.1027
v  -474.4625 776.4811 15.2182
v  -474.3508 776.4335 15.2081
v  -473.7567 776.4811 11.1402
v  -473.6549 776.4335 11.1873
v  -471.0418 776.4335 8.0532
v  -471.1511 776.5363 7.8982
v  -473.9229 776.6641 11.0634
v  -471.2253 776.7094 7.7930
v  -473.9836 776.9190 11.0353
v  -471.2505 776.9207 7.7572
v  -461.7495 776.9207 21.2353
v  -465.7555 776.9190 22.7077
v  -465.7615 776.6641 22.6410
v  -461.7747 776.7094 21.1995
v  -461.8489 776.5363 21.0943
v  -469.9328 776.6641 21.9191
v  -473.1844 776.6641 19.2082
v  -474.6448 776.6641 15.2347
v  -469.9609 776.9190 21.9798
v  -473.2391 776.9190 19.2468
v  -474.7115 776.9190 15.2408
v  -473.3718 776.2098 15.1193
v  -473.9136 776.3144 14.2776
v  -473.1233 776.3144 11.1583
v  -472.7627 776.2098 11.5999
v  -470.7733 776.3144 8.4342
v  -470.4755 776.2098 8.8566
v  -467.4178 776.3144 7.1364
v  -467.2119 776.4335 6.6455
v  -464.2143 776.3144 7.4404
v  -467.1231 776.2098 7.6244
v  -467.2220 776.4811 6.5337
v  -463.1911 776.4335 7.3414
v  -463.6037 776.2098 8.2335
v  -470.8999 781.7509 14.3665
v  -470.4308 781.7509 12.5152
v  -469.0361 781.7509 10.8985
v  -467.0447 781.7509 10.1283
v  -467.2068 781.1539 6.7014
v  -463.2147 781.1539 7.3923
v  -467.2401 780.6779 6.3338
v  -467.2445 776.9190 6.2848
v  -463.0598 780.6779 7.0573
v  -463.0391 776.9190 7.0126
v  -459.8011 780.6779 9.7740
v  -459.7609 776.9190 9.7457
v  -458.3375 780.6779 13.7561
v  -458.2885 776.9190 13.7517
v  -459.0610 780.6779 17.9365
v  -459.0164 776.9190 17.9572
v  -459.0771 776.6641 17.9291
v  -459.2433 776.4811 17.8522
v  -459.9652 776.4811 9.8897
v  -463.1440 776.4811 7.2395
v  -467.2385 776.6641 6.3514
v  -463.0672 776.6641 7.0734
v  -459.8156 776.6641 9.7843
v  -458.3552 776.6641 13.7577
v  -459.2879 781.1043 17.8316
v  -459.1218 780.9213 17.9084
v  -458.4042 780.9213 13.7622
v  -459.8559 780.9213 9.8126
v  -463.0878 780.9213 7.1180
v  -467.2341 780.9213 6.4004
v  -467.2175 781.1043 6.5827
v  -463.1646 781.1043 7.2841
v  -460.0054 781.1043 9.9181
v  -458.5865 781.1043 13.7787
v  597.9282 0.0000 350.9962
v  599.0000 0.0000 346.9962
v  597.9282 0.0000 342.9962
v  595.0000 0.0000 340.0681
v  591.0000 0.0000 338.9962
v  587.0000 0.0000 340.0681
v  584.0718 0.0000 342.9962
v  583.0000 0.0000 346.9962
v  584.0718 0.0000 350.9962
v  587.0000 0.0000 353.9244
v  591.0000 0.0000 354.9962
v  595.0000 0.0000 353.9244
v  -591.0000 116.2098 338.9962
v  -591.0000 146.2098 338.9962
v  -587.0000 146.2098 340.0681
v  -587.0000 116.2098 340.0681
v  -584.0718 146.2098 342.9962
v  -584.0718 116.2098 342.9962
v  -583.0000 146.2098 346.9962
v  -583.0000 116.2098 346.9962
v  -584.0718 146.2098 350.9962
v  -584.0718 116.2098 350.9962
v  -587.0000 146.2098 353.9244
v  -587.0000 116.2098 353.9244
v  -591.0000 146.2098 354.9962
v  -591.0000 116.2098 354.9962
v  -595.0000 116.2098 340.0681
v  -595.0000 146.2098 340.0681
v  -597.9282 116.2098 342.9962
v  -597.9282 146.2098 342.9962
v  -599.0000 116.2098 346.9962
v  -599.0000 146.2098 346.9962
v  -597.9282 116.2098 350.9962
v  -597.9282 146.2098 350.9962
v  -595.0000 116.2098 353.9244
v  -595.0000 146.2098 353.9244
v  -598.8230 8.7098 346.1749
v  -598.9563 9.2098 346.1609
v  -597.4727 9.2098 342.2947
v  -597.3643 8.7098 342.3734
v  -594.2548 9.2098 339.6882
v  -594.2002 8.7098 339.8106
v  -590.1647 9.2098 339.0400
v  -590.1786 8.7098 339.1732
v  -586.2985 9.2098 340.5235
v  -586.3772 8.7098 340.6319
v  -583.6920 9.2098 343.7415
v  -583.8144 8.7098 343.7960
v  -583.0437 9.2098 347.8315
v  -583.1770 8.7098 347.8176
v  -583.5410 8.3438 347.7794
v  -584.1487 8.3438 343.9449
v  -586.5923 8.3438 340.9281
v  -590.2169 8.3438 339.5372
v  -594.0513 8.3438 340.1450
v  -597.0681 8.3438 342.5885
v  -598.4590 8.3438 346.2131
v  -596.6636 8.2098 342.8824
v  -597.9617 8.2098 346.2653
v  -584.0383 8.2098 347.7271
v  -584.6056 8.2098 344.1483
v  -586.8862 8.2098 341.3326
v  -590.2692 8.2098 340.0345
v  -593.8479 8.2098 340.6017
v  -598.9563 11.2098 346.1609
v  -598.3080 9.2098 350.2509
v  -598.3080 11.2098 350.2509
v  -595.7015 9.2098 353.4689
v  -595.7015 11.2098 353.4689
v  -591.8353 9.2098 354.9525
v  -591.8353 11.2098 354.9525
v  -587.7453 9.2098 354.3042
v  -587.7453 11.2098 354.3042
v  -584.5273 9.2098 351.6978
v  -584.5273 11.2098 351.6978
v  -583.0437 11.2098 347.8315
v  -597.4727 11.2098 342.2947
v  -583.6920 11.2098 343.7415
v  -594.2548 11.2098 339.6882
v  -586.2985 11.2098 340.5235
v  -590.1647 11.2098 339.0400
v  -598.1856 8.7098 350.1964
v  -595.6228 8.7098 353.3605
v  -591.8214 8.7098 354.8192
v  -587.7998 8.7098 354.1818
v  -584.6357 8.7098 351.6190
v  -584.9319 8.3438 351.4039
v  -585.3364 8.2098 351.1101
v  -597.8513 8.3438 350.0475
v  -595.4077 8.3438 353.0643
v  -591.7831 8.3438 354.4552
v  -587.9487 8.3438 353.8475
v  -597.3945 8.2098 349.8441
v  -595.1139 8.2098 352.6598
v  -591.7309 8.2098 353.9579
v  -588.1521 8.2098 353.3907
v  -605.1128 0.9849 345.5145
v  -605.3879 1.9738 345.4857
v  -602.7050 1.9738 338.4941
v  -602.4883 1.0000 338.6515
v  -596.8857 1.9738 333.7807
v  -596.7768 1.0000 334.0253
v  -589.4894 1.9738 332.6084
v  -589.5174 1.0000 332.8747
v  -582.4979 1.9738 335.2913
v  -582.6553 1.0000 335.5079
v  -577.7845 1.9738 341.1105
v  -578.0291 1.0000 341.2194
v  -576.6121 1.9738 348.5068
v  -576.8872 0.9849 348.4779
v  -577.6140 0.2636 348.4016
v  -578.6978 0.2679 341.5172
v  -583.0854 0.2679 336.1002
v  -589.5938 0.2679 333.6027
v  -596.4789 0.2679 334.6940
v  -601.8960 0.2679 339.0817
v  -604.3860 0.2636 345.5909
v  -601.0869 0.0000 339.6694
v  -603.3989 0.0000 345.6945
v  -578.6011 0.0000 348.2980
v  -579.6113 0.0000 341.9241
v  -583.6732 0.0000 336.9093
v  -589.6982 0.0000 334.5973
v  -596.0721 0.0000 335.6075
v  -605.1666 4.6496 345.5089
v  -602.5250 4.6496 338.6249
v  -605.2997 4.5380 345.4949
v  -602.6745 4.4656 338.5162
v  -605.3868 4.3872 345.4858
v  -602.7286 4.2130 338.4769
v  -605.4170 4.2126 345.4826
v  -596.7953 4.6496 333.9839
v  -596.8704 4.4656 333.8151
v  -589.5127 4.6496 332.8297
v  -589.4933 4.4656 332.6458
v  -582.6287 4.6496 335.4713
v  -582.5200 4.4656 335.3217
v  -577.9877 4.6496 341.2010
v  -577.8189 4.4656 341.1258
v  -576.7003 4.5380 348.4975
v  -576.8334 4.6496 348.4836
v  -576.6132 4.3872 348.5067
v  -576.5830 4.2126 348.5098
v  -577.7578 4.2130 341.0986
v  -582.4807 4.2130 335.2675
v  -589.4864 4.2130 332.5792
v  -596.8976 4.2130 333.7539
v  -604.2155 1.9738 352.8820
v  -604.2423 4.2116 352.8939
v  -599.5021 1.9738 358.7012
v  -599.5193 4.2116 358.7249
v  -592.5106 1.9738 361.3841
v  -592.5136 4.2116 361.4132
v  -585.1143 1.9738 360.2118
v  -585.1024 4.2116 360.2385
v  -579.2950 1.9738 355.4984
v  -579.2714 4.2116 355.5156
v  -604.0123 4.6496 352.7914
v  -604.1811 4.4656 352.8666
v  -599.4800 4.4656 358.6707
v  -599.3713 4.6496 358.5212
v  -592.5067 4.4656 361.3466
v  -592.4873 4.6496 361.1628
v  -585.1296 4.4656 360.1773
v  -585.2048 4.6496 360.0085
v  -579.3255 4.4656 355.4762
v  -579.4750 4.6496 355.3676
v  -580.9131 0.0000 354.3231
v  -598.3268 0.0000 357.0832
v  -602.3887 0.0000 352.0683
v  -585.9279 0.0000 358.3849
v  -592.3018 0.0000 359.3952
v  -603.9709 1.0000 352.7730
v  -603.3022 0.2679 352.4752
v  -598.9146 0.2679 357.8922
v  -592.4062 0.2679 360.3897
v  -585.5211 0.2679 359.2984
v  -580.1040 0.2679 354.9107
v  -579.5117 1.0000 355.3410
v  -585.2232 1.0000 359.9671
v  -592.4826 1.0000 361.1178
v  -599.3447 1.0000 358.4845
v  -602.5272 5.9414 345.7860
v  -600.5272 6.4705 343.0978
v  -601.1291 6.4705 348.8309
v  -599.3288 7.1730 346.1218
v  -595.9727 8.2098 346.4742
v  -595.0454 8.2098 344.0577
v  -598.5452 6.4705 339.9937
v  -593.0342 8.2098 342.4287
v  -594.8693 6.4705 337.4572
v  -590.4779 8.2098 342.0236
v  -589.9252 6.4705 336.7586
v  -588.0615 8.2098 342.9508
v  -585.2339 6.4705 338.4688
v  -582.1650 6.4705 341.7135
v  -580.8709 6.4705 345.1615
v  -579.4728 5.9414 348.2065
v  -586.0273 8.2098 347.5183
v  -582.6713 7.1730 347.8707
v  -586.4325 8.2098 344.9620
v  -586.9546 8.2098 349.9347
v  -581.4728 6.4705 350.8946
v  -583.4548 6.4705 353.9987
v  -588.9658 8.2098 351.5637
v  -587.1307 6.4705 356.5352
v  -591.5221 8.2098 351.9689
v  -592.0748 6.4705 357.2339
v  -593.9385 8.2098 351.0416
v  -596.7661 6.4705 355.5236
v  -599.8350 6.4705 352.2789
v  -595.5675 8.2098 349.0305
v  -592.7441 776.2098 339.1887
v  -592.7441 671.2098 339.1887
v  -596.4142 671.2098 341.1068
v  -596.4142 776.2098 341.1068
v  -598.6337 671.2098 344.6029
v  -598.6337 776.2098 344.6029
v  -598.8076 671.2098 348.7404
v  -598.8076 776.2098 348.7404
v  -596.8895 671.2098 352.4105
v  -596.8895 776.2098 352.4105
v  -593.3933 671.2098 354.6298
v  -593.3933 776.2098 354.6298
v  -589.2559 671.2098 354.8038
v  -589.2559 776.2098 354.8038
v  -585.5858 671.2098 352.8857
v  -585.5858 776.2098 352.8857
v  -583.3664 671.2098 349.3895
v  -583.3664 776.2098 349.3895
v  -583.1925 671.2098 345.2521
v  -583.1925 776.2098 345.2521
v  -585.1105 671.2098 341.5820
v  -585.1105 776.2098 341.5820
v  -588.6067 671.2098 339.3626
v  -588.6067 776.2098 339.3626
v  -592.0096 781.1539 339.2348
v  -595.7551 781.1539 340.7795
v  -594.0732 781.7509 343.8449
v  -591.5678 781.7509 342.6312
v  -595.1187 781.7509 345.4431
v  -591.0001 781.9499 346.9962
v  -598.2264 781.1539 343.9899
v  -598.7614 781.1539 348.0059
v  -595.3650 781.7509 347.5640
v  -594.5843 781.7509 349.5514
v  -597.2167 781.1539 351.7513
v  -594.0063 781.1539 354.2226
v  -593.1647 781.7509 350.8289
v  -589.9904 781.1539 354.7576
v  -590.4323 781.7509 351.3612
v  -587.9268 781.7509 350.1475
v  -589.9831 776.4335 354.8133
v  -594.0280 776.4335 354.2745
v  -590.0433 776.3144 354.3511
v  -594.6475 776.3144 353.4542
v  -593.6503 776.2098 353.3669
v  -597.0394 776.3144 351.3015
v  -596.4806 776.2098 351.1882
v  -598.3549 776.3144 347.9530
v  -597.8424 776.2098 347.8863
v  -598.8171 776.4335 348.0131
v  -597.9398 776.3144 344.3793
v  -598.2783 776.4335 343.9684
v  -594.0710 776.4811 354.3781
v  -597.2614 776.4335 351.7854
v  -596.1783 776.3144 341.6864
v  -597.3707 776.2098 344.3459
v  -598.3818 776.4811 343.9252
v  -595.7892 776.4335 340.7349
v  -591.9567 776.3144 339.6414
v  -592.0169 776.4335 339.1791
v  -591.8901 776.2098 340.1539
v  -595.1920 776.2098 341.5156
v  -590.1099 776.2098 353.8386
v  -599.1275 780.6779 348.0535
v  -597.5099 780.6779 351.9756
v  -597.4568 780.9213 351.9349
v  -599.0795 780.8861 348.0472
v  -598.9495 781.0551 348.0304
v  -597.3115 781.1043 351.8237
v  -594.0521 781.1043 354.3327
v  -589.9750 781.1043 354.8758
v  -586.1725 781.1043 353.3076
v  -586.2450 781.1539 353.2130
v  -583.6636 781.1043 350.0483
v  -583.7736 781.1539 350.0025
v  -583.0505 781.0551 345.9621
v  -583.2386 781.1539 345.9866
v  -583.4946 780.9213 350.1186
v  -582.9206 780.8861 345.9453
v  -583.4327 780.6779 350.1444
v  -582.8725 780.6779 345.9390
v  -594.1481 780.6779 354.5634
v  -594.1224 780.9213 354.5016
v  -589.9427 780.6779 355.1237
v  -589.9514 780.9213 355.0573
v  -586.0206 780.6779 353.5062
v  -586.0613 780.9213 353.4530
v  -599.0052 776.5363 348.0376
v  -597.3505 776.4811 351.8536
v  -589.9686 776.4811 354.9246
v  -586.2108 776.4335 353.2576
v  -586.1426 776.4811 353.3467
v  -583.7218 776.4335 350.0241
v  -583.6182 776.4811 350.0672
v  -583.1829 776.4335 345.9793
v  -582.9948 776.5363 345.9549
v  -583.4492 776.6641 350.1375
v  -586.0314 776.6641 353.4921
v  -589.9450 776.6641 355.1061
v  -594.1413 776.6641 354.5471
v  -597.4958 776.6641 351.9648
v  -599.1328 776.7094 348.0542
v  -597.5491 776.9190 352.0055
v  -599.1763 776.9207 348.0598
v  -582.8237 776.9207 345.9326
v  -583.3873 776.9190 350.1632
v  -582.8672 776.7094 345.9383
v  -594.1670 776.9190 354.6089
v  -589.9364 776.9190 355.1725
v  -585.9908 776.9190 353.5453
v  -585.8217 776.3144 352.3061
v  -584.6293 776.2098 349.6466
v  -584.0602 776.3144 349.6131
v  -583.6451 776.3144 346.0395
v  -584.1577 776.2098 346.1061
v  -584.9606 776.3144 342.6909
v  -585.5194 776.2098 342.8042
v  -586.8080 776.2098 352.4769
v  -588.3497 776.2098 340.6255
v  -587.3525 776.3144 340.5383
v  -587.9721 776.4335 339.7180
v  -587.9290 776.4811 339.6143
v  -584.7386 776.4335 342.2070
v  -586.8813 781.7509 348.5493
v  -586.6350 781.7509 346.4284
v  -584.7833 781.1539 342.2411
v  -587.4157 781.7509 344.4411
v  -587.9937 781.1539 339.7698
v  -588.8353 781.7509 343.1635
v  -584.4509 776.9190 341.9870
v  -584.4901 780.6779 342.0168
v  -587.8330 776.9190 339.3836
v  -587.8519 780.6779 339.4290
v  -592.0636 776.9190 338.8199
v  -592.0573 780.6779 338.8687
v  -596.0093 776.9190 340.4471
v  -595.9794 780.6779 340.4863
v  -598.6127 776.9190 343.8292
v  -598.5673 780.6779 343.8481
v  -598.5508 776.6641 343.8549
v  -584.5042 776.6641 342.0276
v  -587.8587 776.6641 339.4454
v  -592.0550 776.6641 338.8864
v  -595.9686 776.6641 340.5003
v  -584.6495 776.4811 342.1388
v  -592.0314 776.4811 339.0678
v  -595.8574 776.4811 340.6457
v  -598.5054 780.9213 343.8738
v  -595.9387 780.9213 340.5394
v  -592.0486 780.9213 338.9351
v  -587.8776 780.9213 339.4908
v  -584.5432 780.9213 342.0575
v  -584.6885 781.1043 342.1687
v  -587.9479 781.1043 339.6598
v  -592.0250 781.1043 339.1166
v  -595.8275 781.1043 340.6848
v  -598.3364 781.1043 343.9441
v  -599.0000 461.2098 346.9962
v  -599.0000 641.2098 346.9962
v  -595.0000 461.2098 353.9244
v  -595.0000 641.2098 353.9244
v  -591.0000 461.2098 354.9962
v  -591.0000 641.2098 354.9962
v  -587.0000 461.2098 353.9244
v  -587.0000 641.2098 353.9244
v  -583.0000 461.2098 346.9962
v  -583.0000 641.2098 346.9962
v  -587.0000 461.2098 340.0681
v  -587.0000 641.2098 340.0681
v  -591.0000 461.2098 338.9962
v  -591.0000 641.2098 338.9962
v  -595.0000 461.2098 340.0681
v  -595.0000 641.2098 340.0681
v  -599.0000 431.2098 346.9962
v  -595.0000 431.2098 353.9244
v  -591.0000 431.2098 354.9962
v  -587.0000 431.2098 353.9244
v  -583.0000 431.2098 346.9962
v  -587.0000 431.2098 340.0681
v  -591.0000 431.2098 338.9962
v  -595.0000 431.2098 340.0681
v  -597.9282 0.0000 342.9962
v  -599.0000 0.0000 346.9962
v  -597.9282 0.0000 350.9962
v  -595.0000 0.0000 353.9244
v  -591.0000 0.0000 354.9962
v  -587.0000 0.0000 353.9244
v  -584.0718 0.0000 350.9962
v  -583.0000 0.0000 346.9962
v  -584.0718 0.0000 342.9962
v  -587.0000 0.0000 340.0681
v  -591.0000 0.0000 338.9962
v  -595.0000 0.0000 340.0681
v  -468.2441 776.2098 6.6887
v  -468.2441 671.2098 6.6887
v  -471.9142 671.2098 8.6068
v  -471.9142 776.2098 8.6068
v  -474.1336 671.2098 12.1029
v  -474.1336 776.2098 12.1029
v  -474.3076 671.2098 16.2404
v  -474.3076 776.2098 16.2404
v  -472.3895 671.2098 19.9105
v  -472.3895 776.2098 19.9105
v  -468.8933 671.2098 22.1299
v  -468.8933 776.2098 22.1299
v  -464.7559 671.2098 22.3038
v  -464.7559 776.2098 22.3038
v  -461.0858 671.2098 20.3857
v  -461.0858 776.2098 20.3857
v  -458.8664 671.2098 16.8895
v  -458.8664 776.2098 16.8895
v  -458.6925 671.2098 12.7521
v  -458.6925 776.2098 12.7521
v  -460.6105 671.2098 9.0820
v  -460.6105 776.2098 9.0820
v  -464.1067 671.2098 6.8626
v  -464.1067 776.2098 6.8626
v  -473.4282 0.0000 10.4962
v  -474.5000 0.0000 14.4962
v  -473.4282 0.0000 18.4962
v  -470.5000 0.0000 21.4244
v  -466.5000 0.0000 22.4962
v  -462.5000 0.0000 21.4244
v  -459.5718 0.0000 18.4962
v  -458.5000 0.0000 14.4962
v  -459.5718 0.0000 10.4962
v  -462.5000 0.0000 7.5680
v  -466.5000 0.0000 6.4962
v  -470.5000 0.0000 7.5680
# 1929 vertices

vn -0.8483 0.0000 -0.5295
vn -0.5710 0.0000 -0.8210
vn -0.2012 0.0000 -0.9796
vn 1.0000 0.0000 -0.0000
vn 0.2012 0.0000 -0.9796
vn 0.5710 0.0000 -0.8210
vn 0.8483 0.0000 -0.5295
vn 0.0000 1.0000 -0.0000
vn 0.0000 0.0000 1.0000
vn 0.0000 -1.0000 -0.0000
vn -1.0000 0.0000 -0.0000
vn -0.9659 0.0000 -0.2588
vn -0.7071 0.0000 -0.7071
vn -0.2588 0.0000 -0.9659
vn 0.2588 0.0000 -0.9659
vn 0.7071 0.0000 -0.7071
vn 0.9659 0.0000 -0.2588
vn 0.9659 0.0000 0.2588
vn 0.7071 0.0000 0.7071
vn 0.2588 0.0000 0.9659
vn -0.2588 0.0000 0.9659
vn -0.7071 0.0000 0.7071
vn -0.9659 0.0000 0.2588
vn 0.5295 0.0000 -0.8483
vn 0.8210 0.0000 -0.5710
vn 0.9796 0.0000 -0.2012
vn 0.0000 0.0000 -1.0000
vn 0.9796 0.0000 0.2012
vn 0.8210 0.0000 0.5710
vn 0.5295 0.0000 0.8483
vn -0.5634 0.0000 0.8262
vn -0.8841 0.0000 0.4672
vn -0.8841 0.0000 -0.4672
vn -0.5634 0.0000 -0.8262
vn 0.9651 -0.2506 -0.0762
vn 0.9893 -0.1236 -0.0781
vn 0.9893 -0.1235 -0.0781
vn 0.9651 -0.2505 -0.0762
vn 0.8739 -0.2505 0.4166
vn 0.8958 -0.1235 0.4270
vn 0.8739 -0.2506 0.4165
vn 0.5485 -0.2506 0.7977
vn 0.5623 -0.1235 0.8177
vn 0.5485 -0.2505 0.7977
vn 0.0762 -0.2505 0.9651
vn 0.0781 -0.1235 0.9893
vn 0.0762 -0.2506 0.9651
vn -0.4165 -0.2506 0.8739
vn -0.4270 -0.1236 0.8958
vn -0.4270 -0.1235 0.8958
vn -0.4166 -0.2506 0.8739
vn -0.7977 -0.2506 0.5485
vn -0.8177 -0.1236 0.5623
vn -0.8177 -0.1235 0.5623
vn -0.5926 -0.6947 0.4075
vn -0.5926 -0.6948 0.4075
vn -0.3095 -0.6948 0.6493
vn 0.0566 -0.6948 0.7170
vn 0.4075 -0.6948 0.5926
vn 0.6493 -0.6948 0.3095
vn 0.6492 -0.6948 0.3095
vn 0.7170 -0.6948 -0.0566
vn 0.7170 -0.6947 -0.0566
vn 0.2440 -0.9659 -0.0865
vn 0.2546 -0.9659 0.0471
vn 0.1493 -0.9884 0.0276
vn 0.1431 -0.9884 -0.0507
vn -0.2440 -0.9659 0.0865
vn -0.1431 -0.9884 0.0507
vn -0.0986 -0.9884 0.1155
vn -0.1681 -0.9659 0.1969
vn -0.0276 -0.9884 0.1493
vn -0.0471 -0.9659 0.2545
vn 0.0507 -0.9884 0.1431
vn 0.0865 -0.9659 0.2440
vn 0.1155 -0.9884 0.0986
vn 0.1969 -0.9659 0.1681
vn 0.8240 0.0000 -0.5666
vn 0.8177 -0.1236 -0.5623
vn 0.8177 -0.1235 -0.5623
vn 0.4303 0.0000 -0.9027
vn 0.4270 -0.1235 -0.8958
vn -0.0787 0.0000 -0.9969
vn -0.0781 -0.1235 -0.9893
vn -0.5666 0.0000 -0.8240
vn -0.5623 -0.1235 -0.8177
vn -0.9027 0.0000 -0.4303
vn -0.8958 -0.1235 -0.4270
vn -0.9969 0.0000 0.0787
vn -0.9893 -0.1235 0.0781
vn -0.8240 0.0000 0.5666
vn -0.4303 0.0000 0.9027
vn 0.0787 0.0000 0.9969
vn 0.5666 0.0000 0.8240
vn 0.9027 0.0000 0.4303
vn 0.9969 0.0000 -0.0787
vn -0.2546 -0.9659 -0.0471
vn -0.1493 -0.9884 -0.0276
vn -0.1969 -0.9659 -0.1681
vn -0.1155 -0.9884 -0.0986
vn -0.0865 -0.9659 -0.2440
vn -0.0507 -0.9884 -0.1431
vn 0.0471 -0.9659 -0.2545
vn 0.0276 -0.9884 -0.1493
vn 0.1681 -0.9659 -0.1969
vn 0.0986 -0.9884 -0.1155
vn 0.5926 -0.6948 -0.4075
vn 0.7977 -0.2506 -0.5485
vn -0.7170 -0.6947 0.0566
vn -0.7170 -0.6948 0.0566
vn -0.6492 -0.6948 -0.3095
vn -0.6493 -0.6948 -0.3095
vn -0.4075 -0.6948 -0.5926
vn -0.0566 -0.6948 -0.7170
vn 0.3095 -0.6948 -0.6492
vn -0.9651 -0.2506 0.0762
vn -0.8739 -0.2506 -0.4165
vn -0.8739 -0.2506 -0.4166
vn -0.5485 -0.2506 -0.7977
vn -0.0762 -0.2506 -0.9651
vn -0.0762 -0.2505 -0.9651
vn 0.4166 -0.2506 -0.8739
vn 0.9077 -0.2693 -0.3217
vn 0.9334 -0.1393 -0.3308
vn 0.9881 -0.1328 -0.0780
vn 0.9634 -0.2571 -0.0761
vn 0.8724 -0.2567 0.4159
vn 0.8947 -0.1328 0.4265
vn 0.5476 -0.2567 0.7964
vn 0.5616 -0.1328 0.8167
vn 0.0761 -0.2567 0.9635
vn 0.0780 -0.1328 0.9881
vn -0.4159 -0.2567 0.8724
vn -0.4265 -0.1328 0.8947
vn -0.7963 -0.2570 0.5475
vn -0.8167 -0.1328 0.5616
vn -0.9334 -0.1393 0.3308
vn -0.9077 -0.2693 0.3217
vn -0.5923 -0.6948 0.4080
vn -0.5894 -0.6990 0.4050
vn -0.5890 -0.6995 0.4047
vn -0.5920 -0.6952 0.4077
vn -0.3095 -0.6947 0.6493
vn 0.0566 -0.6947 0.7170
vn 0.4075 -0.6947 0.5927
vn 0.6493 -0.6947 0.3095
vn 0.7170 -0.6948 -0.0560
vn 0.7166 -0.6952 -0.0561
vn 0.7124 -0.6995 -0.0566
vn 0.7129 -0.6990 -0.0565
vn 0.2422 -0.9664 -0.0858
vn 0.2545 -0.9659 0.0473
vn 0.1492 -0.9884 0.0277
vn 0.1419 -0.9886 -0.0503
vn -0.1679 -0.9659 0.1970
vn -0.2422 -0.9664 0.0858
vn -0.1419 -0.9886 0.0503
vn -0.0984 -0.9884 0.1155
vn -0.0276 -0.9884 0.1492
vn 0.0865 -0.9659 0.2439
vn 0.1154 -0.9884 0.0985
vn 0.1968 -0.9659 0.1680
vn 0.5280 0.8284 -0.1871
vn 0.5856 0.8031 0.1098
vn 0.7311 0.6312 -0.2591
vn 0.8283 0.5576 0.0551
vn 0.8889 0.3327 -0.3150
vn 0.9903 0.1155 -0.0772
vn 0.9397 0.0784 -0.3330
vn 0.4501 0.8054 0.3857
vn 0.5367 0.7086 0.4581
vn 0.1975 0.8065 0.5572
vn 0.2357 0.7086 0.6651
vn -0.1068 0.8054 0.5831
vn -0.1284 0.7086 0.6939
vn -0.3858 0.8031 0.4541
vn -0.6087 0.5576 0.5644
vn -0.7310 0.6312 0.2591
vn -0.5279 0.8284 0.1871
vn -0.8889 0.3327 0.3150
vn -0.9397 0.0784 0.3330
vn -0.8179 0.1155 0.5636
vn -0.4168 0.2481 0.8745
vn -0.4274 0.1161 0.8966
vn -0.4274 0.1160 0.8966
vn 0.0763 0.2481 0.9657
vn 0.0782 0.1161 0.9902
vn 0.5489 0.2481 0.7982
vn 0.5628 0.1160 0.8184
vn 0.5489 0.2480 0.7982
vn 0.8745 0.2480 0.4168
vn 0.8966 0.1160 0.4274
vn 0.8966 0.1161 0.4274
vn 0.8745 0.2481 0.4168
vn 0.8167 -0.1328 -0.5616
vn 0.8180 0.1149 -0.5637
vn 0.4274 0.1155 -0.8967
vn 0.4265 -0.1328 -0.8947
vn 0.4274 0.1154 -0.8967
vn -0.0782 0.1155 -0.9902
vn -0.0780 -0.1328 -0.9881
vn -0.0782 0.1154 -0.9902
vn -0.5628 0.1155 -0.8185
vn -0.5616 -0.1328 -0.8167
vn -0.5628 0.1154 -0.8185
vn -0.8967 0.1154 -0.4274
vn -0.8947 -0.1328 -0.4265
vn -0.8967 0.1155 -0.4274
vn -0.9904 0.1149 0.0772
vn -0.9881 -0.1328 0.0780
vn -0.8285 0.5572 -0.0551
vn -0.8748 0.2469 -0.4170
vn -0.8748 0.2468 -0.4170
vn -0.5491 0.2468 -0.7985
vn -0.5491 0.2469 -0.7985
vn -0.0763 0.2468 -0.9661
vn -0.0763 0.2469 -0.9660
vn 0.4170 0.2468 -0.8748
vn 0.4170 0.2469 -0.8747
vn 0.6089 0.5573 -0.5645
vn 0.3858 0.8031 -0.4541
vn -0.5856 0.8031 -0.1098
vn -0.4501 0.8054 -0.3857
vn -0.5367 0.7086 -0.4581
vn -0.1975 0.8065 -0.5572
vn -0.2357 0.7086 -0.6651
vn 0.1068 0.8054 -0.5831
vn 0.1284 0.7086 -0.6938
vn -0.1492 -0.9884 -0.0277
vn 0.0276 -0.9884 -0.1492
vn 0.0984 -0.9884 -0.1155
vn -0.1154 -0.9884 -0.0985
vn -0.2545 -0.9659 -0.0473
vn -0.1968 -0.9659 -0.1680
vn -0.0865 -0.9659 -0.2439
vn 0.1679 -0.9659 -0.1970
vn 0.5890 -0.6995 -0.4047
vn 0.5920 -0.6952 -0.4077
vn 0.5923 -0.6948 -0.4080
vn 0.5894 -0.6990 -0.4050
vn 0.7963 -0.2570 -0.5475
vn 0.4159 -0.2567 -0.8724
vn -0.0761 -0.2567 -0.9635
vn -0.5476 -0.2567 -0.7964
vn -0.8724 -0.2567 -0.4159
vn -0.9634 -0.2571 0.0761
vn -0.7129 -0.6990 0.0565
vn -0.7170 -0.6948 0.0560
vn -0.7166 -0.6952 0.0561
vn -0.7124 -0.6995 0.0566
vn -0.6493 -0.6947 -0.3095
vn -0.4075 -0.6947 -0.5927
vn -0.0566 -0.6947 -0.7170
vn 0.3095 -0.6947 -0.6493
vn -0.1140 0.9842 0.1352
vn -0.1627 0.9850 0.0577
vn -0.2971 0.9490 0.1053
vn -0.3054 0.9245 0.2281
vn -0.3809 0.9245 0.0151
vn -0.3883 0.9112 0.1376
vn -0.1978 0.9267 0.3195
vn -0.0473 0.9276 0.3705
vn 0.1248 0.9276 0.3522
vn 0.2700 0.9276 0.2581
vn 0.1361 0.9836 0.1183
vn 0.0608 0.9833 0.1716
vn 0.3548 0.9267 0.1236
vn 0.1737 0.9842 0.0332
vn 0.3756 0.9265 -0.0226
vn 0.1678 0.9840 -0.0595
vn 0.3788 0.9157 -0.1342
vn -0.0312 0.9836 0.1776
vn -0.1737 0.9842 -0.0332
vn -0.3548 0.9267 -0.1236
vn -0.1361 0.9836 -0.1183
vn -0.2700 0.9276 -0.2581
vn -0.0608 0.9833 -0.1716
vn -0.1248 0.9276 -0.3522
vn 0.0312 0.9836 -0.1776
vn 0.0473 0.9276 -0.3705
vn 0.1978 0.9267 -0.3195
vn 0.3060 0.9265 -0.2190
vn 0.1140 0.9842 -0.1352
vn 0.1565 0.0000 -0.9877
vn 0.6294 0.0000 -0.7771
vn 0.9336 0.0000 -0.3583
vn 0.9877 0.0000 0.1565
vn 0.7771 0.0000 0.6294
vn 0.3583 0.0000 0.9336
vn 0.9877 0.0000 0.1566
vn -0.1565 0.0000 0.9877
vn -0.6294 0.0000 0.7771
vn -0.9336 0.0000 0.3583
vn -0.9877 0.0000 -0.1565
vn -0.7771 0.0000 -0.6294
vn -0.3583 0.0000 -0.9336
vn -0.9336 0.0000 0.3582
vn -0.9562 -0.2506 -0.1516
vn -0.9801 -0.1235 -0.1554
vn -0.9562 -0.2505 -0.1516
vn -0.7523 -0.2505 -0.6093
vn -0.7711 -0.1235 -0.6246
vn -0.3468 -0.2505 -0.9038
vn -0.3555 -0.1235 -0.9265
vn -0.3468 -0.2506 -0.9038
vn 0.1516 -0.2506 -0.9562
vn 0.1553 -0.1235 -0.9801
vn 0.1554 -0.1235 -0.9801
vn 0.1516 -0.2505 -0.9562
vn 0.6093 -0.2505 -0.7523
vn 0.6246 -0.1235 -0.7711
vn 0.6246 -0.1236 -0.7711
vn 0.6093 -0.2506 -0.7523
vn 0.9038 -0.2506 -0.3468
vn 0.9265 -0.1236 -0.3555
vn 0.9265 -0.1235 -0.3555
vn 0.9039 -0.2505 -0.3468
vn 0.6715 -0.6948 -0.2577
vn 0.4527 -0.6948 -0.5589
vn 0.1126 -0.6948 -0.7104
vn -0.2577 -0.6948 -0.6715
vn -0.5589 -0.6948 -0.4527
vn -0.7103 -0.6948 -0.1126
vn -0.2575 -0.9659 0.0270
vn -0.2365 -0.9659 -0.1053
vn -0.1387 -0.9884 -0.0618
vn -0.1510 -0.9884 0.0159
vn 0.2574 -0.9659 -0.0270
vn 0.1510 -0.9884 -0.0158
vn 0.1228 -0.9884 -0.0892
vn 0.2095 -0.9659 -0.1521
vn 0.0618 -0.9884 -0.1387
vn 0.1053 -0.9659 -0.2365
vn -0.0159 -0.9884 -0.1510
vn -0.0270 -0.9659 -0.2575
vn -0.0892 -0.9884 -0.1228
vn -0.1521 -0.9659 -0.2095
vn -0.9265 -0.1235 0.3555
vn -0.6246 -0.1235 0.7711
vn -0.1553 -0.1235 0.9801
vn 0.3555 -0.1235 0.9265
vn 0.7711 -0.1236 0.6246
vn 0.9801 -0.1236 0.1553
vn 0.9801 -0.1235 0.1553
vn -0.9877 0.0000 -0.1566
vn 0.2365 -0.9659 0.1053
vn 0.1387 -0.9884 0.0618
vn 0.1521 -0.9659 0.2094
vn 0.0892 -0.9884 0.1228
vn 0.0270 -0.9659 0.2574
vn 0.0159 -0.9884 0.1510
vn -0.1053 -0.9659 0.2365
vn -0.0618 -0.9884 0.1387
vn -0.2094 -0.9659 0.1521
vn -0.1228 -0.9884 0.0892
vn -0.6714 -0.6948 0.2577
vn -0.6715 -0.6948 0.2577
vn -0.9038 -0.2506 0.3468
vn -0.9038 -0.2505 0.3468
vn 0.7104 -0.6948 0.1126
vn 0.5589 -0.6948 0.4527
vn 0.2577 -0.6948 0.6715
vn -0.1126 -0.6948 0.7104
vn -0.4527 -0.6948 0.5589
vn 0.9562 -0.2505 0.1516
vn 0.9562 -0.2506 0.1515
vn 0.7523 -0.2506 0.6093
vn 0.3468 -0.2506 0.9038
vn -0.1516 -0.2506 0.9562
vn -0.1515 -0.2506 0.9562
vn -0.6093 -0.2506 0.7523
vn -0.9578 -0.2693 0.1006
vn -0.9848 -0.1393 0.1034
vn -0.9789 -0.1328 -0.1552
vn -0.9545 -0.2570 -0.1512
vn -0.7510 -0.2567 -0.6083
vn -0.7702 -0.1328 -0.6238
vn -0.3463 -0.2567 -0.9023
vn -0.3551 -0.1328 -0.9253
vn 0.1513 -0.2567 -0.9546
vn 0.1552 -0.1328 -0.9789
vn 0.6083 -0.2567 -0.7510
vn 0.6238 -0.1328 -0.7702
vn 0.9023 -0.2571 -0.3462
vn 0.9253 -0.1328 -0.3551
vn 0.9848 -0.1393 -0.1034
vn 0.9578 -0.2693 -0.1006
vn 0.6712 -0.6948 -0.2582
vn 0.6677 -0.6990 -0.2560
vn 0.6673 -0.6995 -0.2557
vn 0.6709 -0.6952 -0.2580
vn 0.4527 -0.6947 -0.5589
vn 0.1126 -0.6947 -0.7104
vn -0.2577 -0.6947 -0.6715
vn -0.5589 -0.6947 -0.4527
vn -0.7102 -0.6948 -0.1132
vn -0.7099 -0.6952 -0.1130
vn -0.7059 -0.6995 -0.1116
vn -0.7063 -0.6990 -0.1117
vn -0.2555 -0.9664 0.0268
vn -0.2363 -0.9659 -0.1055
vn -0.1386 -0.9884 -0.0618
vn -0.1497 -0.9886 0.0157
vn 0.2093 -0.9659 -0.1523
vn 0.2555 -0.9664 -0.0268
vn 0.1497 -0.9886 -0.0157
vn 0.1227 -0.9884 -0.0893
vn 0.0617 -0.9884 -0.1386
vn 0.1053 -0.9659 -0.2364
vn -0.0158 -0.9884 -0.1509
vn -0.0270 -0.9659 -0.2574
vn -0.1521 -0.9659 -0.2094
vn -0.5571 0.8284 0.0585
vn -0.5437 0.8031 -0.2437
vn -0.7713 0.6313 0.0810
vn -0.7925 0.5576 -0.2472
vn -0.9379 0.3326 0.0985
vn -0.9809 0.1154 -0.1565
vn -0.9915 0.0783 0.1041
vn -0.3474 0.8054 -0.4802
vn -0.4147 0.7086 -0.5709
vn -0.0617 0.8066 -0.5879
vn -0.0737 0.7086 -0.7018
vn 0.2401 0.8054 -0.5419
vn 0.2871 0.7086 -0.6446
vn 0.4813 0.8031 -0.3513
vn 0.7238 0.5576 -0.4064
vn 0.7713 0.6313 -0.0810
vn 0.5570 0.8284 -0.0585
vn 0.9379 0.3327 -0.0985
vn 0.9915 0.0784 -0.1041
vn 0.9270 0.1155 -0.3568
vn 0.6097 0.2481 -0.7528
vn 0.6252 0.1161 -0.7718
vn 0.6252 0.1160 -0.7718
vn 0.1517 0.2480 -0.9568
vn 0.1555 0.1160 -0.9810
vn 0.1517 0.2481 -0.9568
vn -0.3471 0.2481 -0.9044
vn -0.3558 0.1160 -0.9273
vn -0.7528 0.2481 -0.6097
vn -0.7718 0.1161 -0.6252
vn -0.7718 0.1160 -0.6252
vn -0.7528 0.2480 -0.6097
vn -0.9254 -0.1328 0.3551
vn -0.9271 0.1148 0.3568
vn -0.6252 0.1154 0.7719
vn -0.6238 -0.1328 0.7702
vn -0.6252 0.1155 0.7719
vn -0.1555 0.1154 0.9811
vn -0.1552 -0.1328 0.9789
vn 0.3559 0.1155 0.9274
vn 0.3551 -0.1328 0.9253
vn 0.7719 0.1155 0.6252
vn 0.7702 -0.1328 0.6238
vn 0.9810 0.1149 0.1565
vn 0.9789 -0.1328 0.1552
vn 0.7926 0.5573 0.2473
vn 0.7530 0.2469 0.6099
vn 0.3472 0.2469 0.9047
vn -0.1517 0.2468 0.9571
vn -0.6099 0.2469 0.7530
vn -0.6099 0.2468 0.7530
vn -0.7240 0.5572 0.4065
vn -0.4813 0.8031 0.3513
vn 0.5437 0.8031 0.2437
vn 0.3475 0.8054 0.4803
vn 0.4147 0.7085 0.5710
vn 0.0617 0.8065 0.5879
vn 0.0737 0.7086 0.7018
vn -0.2401 0.8054 0.5419
vn -0.2871 0.7086 0.6446
vn 0.1386 -0.9884 0.0618
vn -0.0617 -0.9884 0.1386
vn -0.1227 -0.9884 0.0892
vn 0.0158 -0.9884 0.1509
vn 0.2364 -0.9659 0.1055
vn -0.1053 -0.9659 0.2364
vn -0.2093 -0.9659 0.1523
vn -0.6673 -0.6995 0.2557
vn -0.6709 -0.6952 0.2580
vn -0.6712 -0.6948 0.2582
vn -0.6677 -0.6990 0.2560
vn -0.9023 -0.2570 0.3462
vn -0.6083 -0.2567 0.7510
vn -0.1513 -0.2567 0.9546
vn 0.3463 -0.2567 0.9023
vn 0.7510 -0.2567 0.6083
vn 0.9545 -0.2571 0.1512
vn 0.7063 -0.6990 0.1117
vn 0.7102 -0.6948 0.1132
vn 0.7099 -0.6952 0.1130
vn 0.7059 -0.6995 0.1116
vn 0.5589 -0.6947 0.4527
vn 0.2577 -0.6947 0.6715
vn -0.1126 -0.6947 0.7104
vn -0.4527 -0.6947 0.5589
vn 0.1425 0.9842 -0.1048
vn 0.1717 0.9850 -0.0180
vn 0.3135 0.9490 -0.0329
vn 0.3502 0.9245 -0.1504
vn 0.3738 0.9245 0.0744
vn 0.4097 0.9112 -0.0430
vn 0.2670 0.9267 -0.2644
vn 0.1326 0.9276 -0.3492
vn -0.0390 0.9276 -0.3716
vn -0.2022 0.9276 -0.3140
vn -0.1046 0.9836 -0.1468
vn -0.0190 0.9833 -0.1810
vn -0.3161 0.9267 -0.2032
vn -0.1611 0.9842 -0.0729
vn -0.3705 0.9265 -0.0659
vn -0.1770 0.9840 0.0186
vn -0.3996 0.9157 0.0420
vn 0.0719 0.9836 -0.1653
vn 0.1611 0.9842 0.0729
vn 0.3161 0.9267 0.2032
vn 0.1046 0.9836 0.1468
vn 0.2022 0.9276 0.3140
vn 0.0190 0.9833 0.1810
vn 0.0390 0.9276 0.3716
vn -0.0719 0.9836 0.1653
vn -0.1326 0.9276 0.3492
vn -0.2670 0.9267 0.2644
vn -0.3487 0.9265 0.1414
vn -0.1425 0.9842 0.1048
vn -0.9561 -0.2507 -0.1515
vn -0.9801 -0.1236 -0.1553
vn -0.7523 -0.2506 -0.6093
vn -0.3468 -0.2505 -0.9039
vn 0.1515 -0.2506 -0.9562
vn 0.9038 -0.2507 -0.3468
vn -0.7104 -0.6948 -0.1126
vn -0.2364 -0.9659 -0.1053
vn -0.1510 -0.9884 0.0158
vn 0.2575 -0.9659 -0.0270
vn 0.1510 -0.9884 -0.0159
vn 0.2094 -0.9659 -0.1521
vn -0.0158 -0.9884 -0.1510
vn -0.9265 -0.1236 0.3555
vn -0.1554 -0.1235 0.9801
vn 0.3555 -0.1236 0.9265
vn 0.7711 -0.1235 0.6246
vn 0.9801 -0.1235 0.1554
vn 0.1521 -0.9659 0.2095
vn 0.0158 -0.9884 0.1510
vn -0.2095 -0.9659 0.1521
vn 0.9561 -0.2507 0.1515
vn 0.9562 -0.2506 0.1516
vn 0.7523 -0.2505 0.6093
vn -0.1516 -0.2505 0.9562
vn -0.6093 -0.2505 0.7523
vn -0.9578 -0.2694 0.1006
vn -0.9545 -0.2570 -0.1513
vn 0.9578 -0.2694 -0.1006
vn -0.5572 0.8283 0.0585
vn -0.5438 0.8031 -0.2437
vn -0.7712 0.6314 0.0810
vn -0.9378 0.3328 0.0985
vn 0.2402 0.8053 -0.5420
vn 0.2871 0.7085 -0.6447
vn 0.7712 0.6314 -0.0809
vn 0.5571 0.8284 -0.0585
vn 0.9915 0.0781 -0.1041
vn 0.6097 0.2480 -0.7528
vn 0.1555 0.1161 -0.9810
vn -0.3471 0.2479 -0.9045
vn -0.7528 0.2479 -0.6098
vn -0.9253 -0.1328 0.3551
vn -0.1555 0.1155 0.9811
vn 0.3559 0.1154 0.9274
vn 0.7719 0.1154 0.6252
vn 0.7927 0.5572 0.2473
vn 0.7530 0.2470 0.6099
vn 0.7531 0.2467 0.6100
vn 0.3472 0.2467 0.9048
vn -0.1517 0.2469 0.9571
vn 0.5438 0.8030 0.2437
vn 0.4147 0.7086 0.5709
vn 0.0617 0.8066 0.5879
vn -0.2401 0.8054 0.5420
vn -0.1227 -0.9884 0.0893
vn 0.2363 -0.9659 0.1055
vn -0.9023 -0.2571 0.3462
vn 0.8443 0.0000 -0.5359
vn 0.4632 0.0000 -0.8863
vn -0.0420 0.0000 -0.9991
vn -0.5359 0.0000 -0.8443
vn -0.8863 0.0000 -0.4632
vn -0.9991 0.0000 0.0420
vn -0.8443 0.0000 0.5359
vn -0.4632 0.0000 0.8863
vn 0.0420 0.0000 0.9991
vn 0.5359 0.0000 0.8443
vn 0.8863 0.0000 0.4632
vn 0.9991 0.0000 -0.0420
vn 0.0382 0.9551 -0.2939
vn 0.0153 0.9930 -0.1173
vn 0.0791 0.9930 -0.0873
vn 0.1798 0.9549 -0.2362
vn 0.1111 0.9930 -0.0392
vn 0.2749 0.9547 -0.1140
vn 0.1175 0.9930 0.0153
vn 0.3399 0.9394 0.0442
vn 0.0973 0.9930 0.0663
vn 0.2365 0.9547 0.1805
vn -0.0541 0.9930 -0.1047
vn -0.0382 0.9551 0.2939
vn 0.1134 0.9549 0.2744
vn 0.0541 0.9930 0.1046
vn -0.0153 0.9930 0.1173
vn 0.2618 -0.9433 0.2038
vn 0.2004 -0.9724 0.1199
vn 0.2248 -0.9740 0.0292
vn 0.3794 -0.9239 0.0494
vn 0.1140 -0.9934 0.0148
vn 0.2244 -0.9724 -0.0646
vn 0.1057 -0.9932 -0.0487
vn 0.1556 -0.9612 0.2279
vn 0.0897 -0.9932 0.0741
vn 0.4602 -0.8494 0.2585
vn 0.1111 -0.9506 0.2897
vn -0.0292 -0.9740 0.2248
vn -0.0427 -0.9436 0.3283
vn -0.0150 -0.9932 0.1150
vn 0.0422 -0.9837 0.1746
vn 0.0854 -0.9837 -0.1580
vn 0.2087 -0.9612 -0.1805
vn 0.0292 -0.9740 -0.2248
vn 0.0150 -0.9932 -0.1150
vn 0.0427 -0.9436 -0.3283
vn 0.1815 -0.9507 -0.2516
vn 0.2373 -0.9206 -0.3102
vn 0.3054 -0.9433 -0.1300
vn -0.9847 0.1146 0.1312
vn -0.9824 0.1324 0.1318
vn -0.9577 0.2570 0.1295
vn -0.9668 0.2208 0.1289
vn -0.7837 0.6127 -0.1019
vn -0.7152 0.6920 0.0987
vn -0.6556 0.7502 -0.0853
vn -0.5078 0.8515 0.1307
vn -0.2749 0.9547 0.1140
vn -0.3399 0.9394 -0.0442
vn -0.2334 0.9233 0.3051
vn -0.1798 0.9549 0.2362
vn -0.0495 0.9234 0.3807
vn 0.1476 0.9232 0.3549
vn 0.4575 0.8514 0.2563
vn 0.6555 0.7503 0.0853
vn 0.6662 0.6918 0.2784
vn 0.7836 0.6129 0.1019
vn 0.9017 0.2206 0.3719
vn 0.8927 0.2569 0.3703
vn 0.9160 0.1323 0.3788
vn 0.9184 0.1145 0.3788
vn -0.7658 0.2570 0.5895
vn -0.7854 0.1330 0.6046
vn -0.7854 0.1329 0.6046
vn -0.7658 0.2569 0.5895
vn -0.3685 0.2568 0.8935
vn -0.3779 0.1329 0.9163
vn 0.1276 0.2569 0.9580
vn 0.1309 0.1329 0.9824
vn 0.1309 0.1329 0.9825
vn 0.1276 0.2568 0.9580
vn 0.5895 0.2567 0.7658
vn 0.6046 0.1328 0.7854
vn 0.6046 0.1329 0.7854
vn 0.5895 0.2568 0.7658
vn -0.5700 0.6946 0.4388
vn -0.5700 0.6947 0.4387
vn -0.2742 0.6947 0.6650
vn 0.0950 0.6947 0.7130
vn 0.4388 0.6947 0.5700
vn 0.1500 -0.9205 0.3607
vn -0.0504 -0.9206 0.3872
vn -0.2373 -0.9206 0.3102
vn -0.1815 -0.9507 0.2516
vn -0.5109 -0.8494 0.1322
vn -0.3053 -0.9433 0.1300
vn -0.3795 -0.9239 -0.0494
vn -0.6690 -0.7381 -0.0870
vn -0.7156 -0.6915 0.0989
vn -0.7958 -0.5967 -0.1035
vn -0.9715 -0.1984 0.1294
vn -0.9604 -0.2461 0.1304
vn -0.9846 -0.1143 0.1324
vn -0.9872 -0.0907 0.1315
vn 0.9207 -0.0907 0.3796
vn 0.9180 -0.1143 0.3799
vn 0.8951 -0.2462 0.3718
vn 0.9061 -0.1984 0.3737
vn 0.7959 -0.5965 0.1035
vn 0.6666 -0.6913 0.2787
vn 0.6691 -0.7381 0.0870
vn 0.0950 -0.6947 0.7130
vn -0.2742 -0.6947 0.6650
vn -0.2742 -0.6947 0.6649
vn -0.5700 -0.6947 0.4387
vn 0.1280 -0.2460 0.9608
vn 0.1312 -0.1150 0.9847
vn -0.3695 -0.2459 0.8961
vn -0.3787 -0.1150 0.9183
vn -0.3696 -0.2458 0.8961
vn -0.7681 -0.2458 0.5913
vn -0.7872 -0.1150 0.6059
vn -0.7871 -0.1150 0.6059
vn -0.7681 -0.2460 0.5912
vn 0.4388 -0.6946 0.5701
vn 0.4388 -0.6946 0.5700
vn 0.4388 -0.6947 0.5700
vn 0.5912 -0.2460 0.7681
vn 0.6059 -0.1150 0.7872
vn 0.5912 -0.2459 0.7681
vn -0.0854 -0.9837 0.1580
vn -0.2088 -0.9612 0.1805
vn -0.2244 -0.9723 0.0646
vn -0.1057 -0.9932 0.0487
vn -0.2248 -0.9740 -0.0292
vn -0.1140 -0.9934 -0.0148
vn -0.2004 -0.9724 -0.1199
vn -0.2618 -0.9433 -0.2038
vn -0.1556 -0.9612 -0.2279
vn -0.0897 -0.9932 -0.0741
vn -0.4602 -0.8494 -0.2585
vn -0.1111 -0.9507 -0.2896
vn -0.0422 -0.9837 -0.1746
vn -0.0791 0.9930 0.0873
vn -0.1111 0.9930 0.0392
vn -0.1175 0.9930 -0.0153
vn -0.0973 0.9930 -0.0663
vn -0.2364 0.9547 -0.1804
vn -0.1134 0.9549 -0.2743
vn -0.9207 -0.0908 -0.3796
vn -0.9184 0.1146 -0.3788
vn -0.9160 0.1322 -0.3788
vn -0.9179 -0.1144 -0.3799
vn -0.6059 -0.1151 -0.7872
vn -0.6046 0.1328 -0.7854
vn -0.6046 0.1327 -0.7854
vn -0.6059 -0.1150 -0.7872
vn -0.1312 -0.1150 -0.9847
vn -0.1309 0.1328 -0.9825
vn -0.1309 0.1329 -0.9825
vn 0.3787 -0.1150 -0.9183
vn 0.3779 0.1328 -0.9163
vn 0.7872 -0.1149 -0.6059
vn 0.7854 0.1329 -0.6046
vn 0.7871 -0.1150 -0.6059
vn 0.9846 -0.1143 -0.1324
vn 0.9824 0.1323 -0.1318
vn 0.9847 0.1145 -0.1312
vn 0.9872 -0.0907 -0.1315
vn 0.9715 -0.1984 -0.1294
vn 0.9604 -0.2461 -0.1304
vn 0.7156 -0.6915 -0.0989
vn 0.5110 -0.8494 -0.1322
vn 0.0504 -0.9206 -0.3872
vn -0.1500 -0.9206 -0.3605
vn -0.6666 -0.6913 -0.2787
vn -0.4388 -0.6946 -0.5701
vn -0.4388 -0.6946 -0.5700
vn -0.4388 -0.6947 -0.5700
vn -0.0950 -0.6947 -0.7130
vn 0.2742 -0.6947 -0.6650
vn 0.2742 -0.6947 -0.6649
vn 0.5700 -0.6947 -0.4387
vn -0.8950 -0.2463 -0.3718
vn -0.9061 -0.1984 -0.3737
vn -0.5912 -0.2461 -0.7680
vn -0.5912 -0.2459 -0.7681
vn -0.1280 -0.2460 -0.9608
vn 0.3695 -0.2459 -0.8961
vn 0.3696 -0.2458 -0.8961
vn 0.7681 -0.2458 -0.5913
vn 0.7681 -0.2460 -0.5912
vn 0.5079 0.8514 -0.1308
vn 0.7152 0.6920 -0.0987
vn 0.9577 0.2570 -0.1296
vn 0.9668 0.2206 -0.1289
vn 0.7658 0.2569 -0.5895
vn 0.7658 0.2568 -0.5895
vn 0.3685 0.2567 -0.8935
vn -0.1276 0.2568 -0.9580
vn -0.1276 0.2566 -0.9580
vn -0.5896 0.2565 -0.7659
vn -0.5895 0.2567 -0.7659
vn -0.8927 0.2567 -0.3703
vn -0.9016 0.2209 -0.3719
vn -0.6662 0.6918 -0.2784
vn -0.4575 0.8515 -0.2562
vn -0.4388 0.6947 -0.5700
vn -0.0950 0.6947 -0.7130
vn 0.2742 0.6947 -0.6650
vn 0.5700 0.6946 -0.4388
vn 0.5700 0.6947 -0.4387
vn -0.1476 0.9232 -0.3548
vn 0.0495 0.9234 -0.3807
vn 0.2334 0.9232 -0.3052
vn 0.5475 0.0000 -0.8368
vn 0.0558 0.0000 -0.9984
vn -0.4509 0.0000 -0.8926
vn -0.8368 0.0000 -0.5475
vn -0.9984 0.0000 -0.0558
vn -0.8926 0.0000 0.4509
vn -0.5475 0.0000 0.8368
vn -0.0558 0.0000 0.9984
vn 0.4509 0.0000 0.8926
vn 0.8368 0.0000 0.5475
vn 0.9984 0.0000 0.0558
vn 0.8926 0.0000 -0.4509
vn -0.0866 0.9551 -0.2834
vn -0.0345 0.9930 -0.1131
vn 0.0360 0.9930 -0.1122
vn 0.0662 0.9549 -0.2894
vn 0.0850 0.9930 -0.0816
vn 0.2032 0.9547 -0.2173
vn 0.1133 0.9930 -0.0346
vn 0.3278 0.9394 -0.1001
vn 0.1160 0.9930 0.0202
vn 0.2900 0.9547 0.0667
vn -0.0925 0.9930 -0.0730
vn 0.0866 0.9551 0.2834
vn 0.2167 0.9549 0.2031
vn 0.0925 0.9930 0.0730
vn 0.0345 0.9930 0.1131
vn 0.3227 -0.9433 0.0775
vn 0.2320 -0.9724 0.0264
vn 0.2168 -0.9740 -0.0662
vn 0.3660 -0.9239 -0.1118
vn 0.1099 -0.9934 -0.0336
vn 0.1777 -0.9724 -0.1515
vn 0.0762 -0.9932 -0.0880
vn 0.2358 -0.9612 0.1433
vn 0.1123 -0.9932 0.0304
vn 0.5258 -0.8494 0.0453
vn 0.2208 -0.9507 0.2179
vn 0.0662 -0.9740 0.2168
vn 0.0967 -0.9436 0.3166
vn 0.0339 -0.9932 0.1110
vn 0.1105 -0.9837 0.1416
vn 0.0125 -0.9837 -0.1792
vn 0.1155 -0.9612 -0.2506
vn -0.0662 -0.9740 -0.2168
vn -0.0339 -0.9932 -0.1110
vn -0.0967 -0.9436 -0.3167
vn 0.0614 -0.9507 -0.3040
vn 0.0879 -0.9206 -0.3804
vn 0.2243 -0.9433 -0.2445
vn -0.8426 0.1145 0.5262
vn -0.8402 0.1323 0.5258
vn -0.8187 0.2569 0.5136
vn -0.8273 0.2206 0.5167
vn -0.7558 0.6128 0.2308
vn -0.6106 0.6919 0.3853
vn -0.6323 0.7503 0.1931
vn -0.4085 0.8515 0.3288
vn -0.2032 0.9547 0.2173
vn -0.3278 0.9394 0.1001
vn -0.0866 0.9232 0.3744
vn -0.0662 0.9549 0.2894
vn 0.1121 0.9234 0.3672
vn 0.2811 0.9231 0.2623
vn 0.5226 0.8514 0.0445
vn 0.6323 0.7503 -0.1931
vn 0.7217 0.6919 -0.0216
vn 0.7558 0.6128 -0.2308
vn 0.9748 0.2205 -0.0337
vn 0.9659 0.2570 -0.0315
vn 0.9906 0.1323 -0.0334
vn 0.9928 0.1144 -0.0344
vn -0.4540 0.2567 0.8532
vn -0.4655 0.1328 0.8750
vn -0.4655 0.1329 0.8750
vn -0.4540 0.2568 0.8532
vn 0.0335 0.2568 0.9659
vn 0.0343 0.1329 0.9905
vn 0.5119 0.2568 0.8197
vn 0.5250 0.1329 0.8407
vn 0.8532 0.2568 0.4540
vn 0.8750 0.1329 0.4655
vn 0.8532 0.2569 0.4540
vn -0.3379 0.6946 0.6351
vn -0.3379 0.6947 0.6350
vn 0.0249 0.6947 0.7189
vn 0.3810 0.6947 0.6101
vn 0.6350 0.6947 0.3379
vn 0.2855 -0.9206 0.2664
vn 0.1140 -0.9206 0.3734
vn -0.0880 -0.9206 0.3804
vn -0.0613 -0.9507 0.3040
vn -0.4107 -0.8494 0.3314
vn -0.2243 -0.9433 0.2445
vn -0.3660 -0.9239 0.1118
vn -0.6452 -0.7382 0.1971
vn -0.6109 -0.6914 0.3856
vn -0.7674 -0.5968 0.2344
vn -0.8314 -0.1982 0.5192
vn -0.8208 -0.2460 0.5155
vn -0.8420 -0.1142 0.5272
vn -0.8447 -0.0906 0.5275
vn 0.9953 -0.0906 -0.0345
vn 0.9929 -0.1143 -0.0332
vn 0.9687 -0.2461 -0.0311
vn 0.9796 -0.1982 -0.0339
vn 0.7674 -0.5968 -0.2344
vn 0.7222 -0.6913 -0.0215
vn 0.6451 -0.7382 -0.1970
vn 0.3810 -0.6947 0.6101
vn 0.0249 -0.6947 0.7189
vn -0.3379 -0.6947 0.6350
vn 0.5134 -0.2459 0.8221
vn 0.5262 -0.1150 0.8426
vn 0.5134 -0.2460 0.8221
vn 0.0336 -0.2460 0.9687
vn 0.0344 -0.1150 0.9928
vn 0.0336 -0.2459 0.9687
vn -0.4553 -0.2459 0.8557
vn -0.4666 -0.1150 0.8770
vn 0.6351 -0.6946 0.3379
vn 0.6350 -0.6947 0.3379
vn 0.8557 -0.2460 0.4553
vn 0.8770 -0.1150 0.4666
vn 0.8557 -0.2459 0.4553
vn -0.0125 -0.9837 0.1792
vn -0.1155 -0.9612 0.2506
vn -0.1777 -0.9724 0.1515
vn -0.0762 -0.9932 0.0880
vn -0.2168 -0.9740 0.0662
vn -0.1099 -0.9934 0.0336
vn -0.2320 -0.9724 -0.0264
vn -0.3227 -0.9433 -0.0775
vn -0.2359 -0.9612 -0.1433
vn -0.1123 -0.9932 -0.0304
vn -0.5259 -0.8494 -0.0453
vn -0.2208 -0.9507 -0.2179
vn -0.1105 -0.9837 -0.1416
vn -0.0360 0.9930 0.1122
vn -0.0850 0.9930 0.0816
vn -0.1133 0.9930 0.0346
vn -0.1160 0.9930 -0.0202
vn -0.2900 0.9547 -0.0667
vn -0.2166 0.9549 -0.2030
vn -0.9953 -0.0906 0.0345
vn -0.9928 0.1145 0.0344
vn -0.9906 0.1323 0.0334
vn -0.9929 -0.1143 0.0332
vn -0.8770 -0.1150 -0.4666
vn -0.8750 0.1329 -0.4655
vn -0.8750 0.1328 -0.4656
vn -0.5262 -0.1150 -0.8426
vn -0.5250 0.1329 -0.8407
vn -0.0344 -0.1150 -0.9928
vn -0.0343 0.1329 -0.9905
vn 0.4666 -0.1150 -0.8770
vn 0.4655 0.1329 -0.8750
vn 0.8420 -0.1143 -0.5272
vn 0.8402 0.1323 -0.5258
vn 0.8426 0.1144 -0.5262
vn 0.8447 -0.0906 -0.5275
vn 0.8314 -0.1982 -0.5192
vn 0.8208 -0.2461 -0.5155
vn 0.6110 -0.6914 -0.3857
vn 0.4108 -0.8494 -0.3314
vn -0.1141 -0.9206 -0.3735
vn -0.2855 -0.9206 -0.2663
vn -0.7222 -0.6913 0.0215
vn -0.6351 -0.6946 -0.3379
vn -0.6350 -0.6947 -0.3379
vn -0.3810 -0.6947 -0.6101
vn -0.0249 -0.6947 -0.7189
vn 0.3379 -0.6947 -0.6350
vn -0.9687 -0.2461 0.0311
vn -0.9796 -0.1982 0.0339
vn -0.8557 -0.2460 -0.4553
vn -0.5134 -0.2460 -0.8221
vn -0.0336 -0.2460 -0.9687
vn -0.0336 -0.2459 -0.9687
vn 0.4553 -0.2459 -0.8557
vn 0.4085 0.8514 -0.3289
vn 0.6106 0.6919 -0.3853
vn 0.8187 0.2570 -0.5136
vn 0.8273 0.2205 -0.5167
vn 0.4540 0.2568 -0.8532
vn 0.4540 0.2569 -0.8532
vn -0.0335 0.2568 -0.9659
vn -0.5119 0.2568 -0.8198
vn -0.8532 0.2567 -0.4540
vn -0.8532 0.2568 -0.4540
vn -0.9659 0.2569 0.0315
vn -0.9748 0.2206 0.0337
vn -0.7217 0.6919 0.0216
vn -0.5226 0.8514 -0.0445
vn -0.6350 0.6947 -0.3379
vn -0.3810 0.6947 -0.6101
vn -0.0249 0.6947 -0.7189
vn 0.3379 0.6947 -0.6350
vn -0.2810 0.9232 -0.2622
vn -0.1121 0.9234 -0.3672
vn 0.0865 0.9232 -0.3745
vn 0.2422 0.9551 -0.1707
vn 0.0967 0.9930 -0.0681
vn 0.1178 0.9930 -0.0009
vn 0.2956 0.9549 -0.0275
vn 0.1040 0.9930 0.0552
vn 0.2699 0.9547 0.1252
vn 0.0682 0.9930 0.0968
vn 0.1975 0.9394 0.2801
vn 0.0171 0.9930 0.1165
vn 0.0272 0.9547 0.2963
vn -0.0000 1.0000 -0.0000
vn 0.0404 0.9930 -0.1107
vn -0.2422 0.9551 0.1707
vn -0.1252 0.9549 0.2692
vn -0.0404 0.9930 0.1107
vn -0.0967 0.9930 0.0681
vn 0.0272 -0.9433 0.3307
vn 0.0474 -0.9724 0.2287
vn 0.1306 -0.9740 0.1853
vn 0.2205 -0.9239 0.3128
vn 0.0662 -0.9934 0.0939
vn 0.1995 -0.9723 0.1215
vn 0.1074 -0.9932 0.0449
vn -0.0625 -0.9612 0.2688
vn 0.0062 -0.9932 0.1162
vn 0.1211 -0.8494 0.5137
vn -0.1380 -0.9507 0.2778
vn -0.1853 -0.9740 0.1306
vn -0.2706 -0.9436 0.1908
vn -0.0948 -0.9932 0.0668
vn -0.1000 -0.9837 0.1492
vn 0.1741 -0.9837 -0.0440
vn 0.2742 -0.9612 0.0315
vn 0.1853 -0.9740 -0.1306
vn 0.0948 -0.9932 -0.0668
vn 0.2706 -0.9436 -0.1908
vn 0.3080 -0.9507 -0.0367
vn 0.3889 -0.9206 -0.0353
vn 0.3023 -0.9433 0.1367
vn -0.7630 0.1146 -0.6361
vn -0.7619 0.1323 -0.6340
vn -0.7435 0.2570 -0.6174
vn -0.7492 0.2208 -0.6245
vn -0.4553 0.6128 -0.6459
vn -0.5567 0.6919 -0.4597
vn -0.3809 0.7503 -0.5403
vn -0.4400 0.8514 -0.2854
vn -0.2700 0.9547 -0.1252
vn -0.1975 0.9394 -0.2801
vn -0.3828 0.9232 0.0347
vn -0.2957 0.9549 0.0275
vn -0.3138 0.9234 0.2212
vn -0.1613 0.9232 0.3489
vn 0.1209 0.8515 0.5103
vn 0.3809 0.7503 0.5404
vn 0.2459 0.6919 0.6788
vn 0.4553 0.6127 0.6460
vn 0.3364 0.2207 0.9155
vn 0.3316 0.2569 0.9078
vn 0.3411 0.1323 0.9307
vn 0.3427 0.1145 0.9324
vn -0.9523 0.2568 -0.1648
vn -0.9766 0.1329 -0.1690
vn -0.9071 0.2569 0.3334
vn -0.9303 0.1329 0.3419
vn -0.9071 0.2568 0.3334
vn -0.6189 0.2568 0.7423
vn -0.6347 0.1329 0.7613
vn -0.6347 0.1328 0.7613
vn -0.1648 0.2568 0.9523
vn -0.1690 0.1329 0.9766
vn -0.7088 0.6947 -0.1227
vn -0.6752 0.6947 0.2482
vn -0.4606 0.6947 0.5525
vn -0.1227 0.6947 0.7088
vn -0.1639 -0.9206 0.3544
vn -0.3192 -0.9206 0.2250
vn -0.3890 -0.9206 0.0353
vn -0.3081 -0.9507 0.0367
vn -0.4431 -0.8494 -0.2867
vn -0.3024 -0.9433 -0.1368
vn -0.2205 -0.9239 -0.3128
vn -0.3887 -0.7382 -0.5514
vn -0.5572 -0.6914 -0.4600
vn -0.4623 -0.5967 -0.6559
vn -0.7528 -0.1984 -0.6276
vn -0.7460 -0.2462 -0.6188
vn -0.7638 -0.1143 -0.6353
vn -0.7649 -0.0907 -0.6378
vn 0.3436 -0.0907 0.9347
vn 0.3416 -0.1143 0.9329
vn 0.3320 -0.2461 0.9106
vn 0.3381 -0.1982 0.9200
vn 0.4623 -0.5967 0.6559
vn 0.2460 -0.6914 0.6793
vn 0.3887 -0.7381 0.5514
vn -0.4606 -0.6947 0.5525
vn -0.6751 -0.6947 0.2481
vn -0.6752 -0.6947 0.2482
vn -0.7088 -0.6947 -0.1227
vn -0.6207 -0.2459 0.7445
vn -0.6361 -0.1150 0.7630
vn -0.9098 -0.2459 0.3344
vn -0.9324 -0.1150 0.3427
vn -0.9098 -0.2460 0.3344
vn -0.9551 -0.2459 -0.1653
vn -0.9788 -0.1150 -0.1694
vn -0.9551 -0.2460 -0.1653
vn -0.1227 -0.6947 0.7088
vn -0.1653 -0.2459 0.9551
vn -0.1694 -0.1150 0.9788
vn -0.1741 -0.9837 0.0440
vn -0.2741 -0.9612 -0.0315
vn -0.1994 -0.9724 -0.1215
vn -0.1074 -0.9932 -0.0449
vn -0.1306 -0.9740 -0.1853
vn -0.0662 -0.9934 -0.0939
vn -0.0474 -0.9724 -0.2287
vn -0.0272 -0.9433 -0.3307
vn 0.0625 -0.9612 -0.2688
vn -0.0062 -0.9932 -0.1162
vn -0.1211 -0.8494 -0.5137
vn 0.1380 -0.9507 -0.2778
vn 0.1000 -0.9837 -0.1492
vn -0.1178 0.9930 0.0009
vn -0.1040 0.9930 -0.0552
vn -0.0682 0.9930 -0.0968
vn -0.0171 0.9930 -0.1165
vn -0.0272 0.9547 -0.2963
vn 0.1252 0.9549 -0.2692
vn -0.3436 -0.0907 -0.9347
vn -0.3427 0.1145 -0.9324
vn -0.3411 0.1323 -0.9307
vn -0.3416 -0.1143 -0.9329
vn 0.1694 -0.1150 -0.9788
vn 0.1690 0.1329 -0.9766
vn 0.6361 -0.1150 -0.7630
vn 0.6347 0.1328 -0.7613
vn 0.6347 0.1329 -0.7613
vn 0.9324 -0.1150 -0.3427
vn 0.9303 0.1329 -0.3419
vn 0.9788 -0.1151 0.1694
vn 0.9766 0.1329 0.1690
vn 0.9788 -0.1150 0.1694
vn 0.7638 -0.1143 0.6353
vn 0.7619 0.1323 0.6340
vn 0.7630 0.1146 0.6361
vn 0.7649 -0.0907 0.6378
vn 0.7528 -0.1983 0.6276
vn 0.7460 -0.2461 0.6188
vn 0.5572 -0.6914 0.4600
vn 0.4431 -0.8494 0.2867
vn 0.3192 -0.9206 -0.2250
vn 0.1639 -0.9206 -0.3544
vn -0.2460 -0.6914 -0.6793
vn 0.1227 -0.6947 -0.7088
vn 0.4606 -0.6947 -0.5525
vn 0.6751 -0.6947 -0.2481
vn 0.6752 -0.6947 -0.2482
vn 0.7088 -0.6947 0.1227
vn -0.3320 -0.2461 -0.9106
vn -0.3381 -0.1983 -0.9200
vn 0.1653 -0.2459 -0.9551
vn 0.1653 -0.2460 -0.9551
vn 0.6207 -0.2460 -0.7445
vn 0.9098 -0.2460 -0.3344
vn 0.9551 -0.2461 0.1653
vn 0.9551 -0.2459 0.1653
vn 0.4400 0.8515 0.2854
vn 0.5567 0.6919 0.4597
vn 0.7435 0.2569 0.6174
vn 0.7492 0.2208 0.6245
vn 0.9523 0.2568 0.1648
vn 0.9071 0.2568 -0.3334
vn 0.6189 0.2568 -0.7423
vn 0.6189 0.2567 -0.7423
vn 0.1648 0.2568 -0.9523
vn -0.3316 0.2569 -0.9078
vn -0.3364 0.2207 -0.9155
vn -0.2459 0.6919 -0.6788
vn -0.1209 0.8515 -0.5103
vn 0.1227 0.6947 -0.7088
vn 0.4606 0.6947 -0.5525
vn 0.6752 0.6946 -0.2482
vn 0.6752 0.6947 -0.2482
vn 0.7088 0.6947 0.1227
vn 0.1613 0.9232 -0.3488
vn 0.3138 0.9234 -0.2212
vn 0.3827 0.9232 -0.0347
vn -0.9038 -0.2507 -0.3468
vn -0.9265 -0.1236 -0.3555
vn -0.9265 -0.1235 -0.3555
vn -0.9038 -0.2506 -0.3468
vn -0.6093 -0.2506 -0.7523
vn -0.6246 -0.1235 -0.7711
vn -0.6246 -0.1236 -0.7711
vn -0.1516 -0.2506 -0.9562
vn -0.1553 -0.1235 -0.9801
vn -0.1515 -0.2505 -0.9562
vn 0.3468 -0.2505 -0.9039
vn 0.3555 -0.1235 -0.9265
vn 0.3468 -0.2506 -0.9038
vn 0.7523 -0.2506 -0.6093
vn 0.7711 -0.1235 -0.6246
vn 0.7523 -0.2505 -0.6093
vn 0.9562 -0.2505 -0.1515
vn 0.9801 -0.1235 -0.1553
vn 0.9801 -0.1236 -0.1554
vn 0.9561 -0.2507 -0.1516
vn 0.7104 -0.6948 -0.1126
vn 0.5589 -0.6948 -0.4527
vn 0.2577 -0.6948 -0.6715
vn -0.1126 -0.6948 -0.7104
vn -0.4527 -0.6947 -0.5589
vn -0.4527 -0.6948 -0.5589
vn -0.6715 -0.6948 -0.2577
vn -0.2575 -0.9659 -0.0270
vn -0.2094 -0.9659 -0.1521
vn -0.1228 -0.9884 -0.0892
vn -0.1510 -0.9884 -0.0159
vn 0.2575 -0.9659 0.0270
vn 0.1510 -0.9884 0.0158
vn 0.1387 -0.9884 -0.0618
vn 0.2364 -0.9659 -0.1053
vn 0.0892 -0.9884 -0.1228
vn 0.1521 -0.9659 -0.2094
vn 0.0158 -0.9884 -0.1510
vn 0.0270 -0.9659 -0.2574
vn -0.0618 -0.9884 -0.1387
vn -0.1053 -0.9659 -0.2365
vn -0.9877 0.0000 0.1566
vn -0.9801 -0.1236 0.1554
vn -0.9801 -0.1235 0.1553
vn -0.7771 0.0000 0.6294
vn -0.7711 -0.1235 0.6246
vn -0.7711 -0.1236 0.6246
vn -0.3583 0.0000 0.9336
vn -0.3555 -0.1236 0.9265
vn -0.3555 -0.1235 0.9265
vn 0.1565 0.0000 0.9877
vn 0.1554 -0.1235 0.9801
vn 0.1553 -0.1235 0.9801
vn 0.6294 0.0000 0.7771
vn 0.6246 -0.1235 0.7711
vn 0.9336 0.0000 0.3583
vn 0.9265 -0.1235 0.3555
vn 0.9265 -0.1236 0.3555
vn -0.9336 0.0000 -0.3583
vn -0.6294 0.0000 -0.7771
vn -0.1565 0.0000 -0.9877
vn 0.3583 0.0000 -0.9336
vn 0.7771 0.0000 -0.6294
vn 0.9877 0.0000 -0.1566
vn -0.9561 -0.2507 0.1516
vn -0.9562 -0.2505 0.1515
vn -0.7523 -0.2506 0.6093
vn -0.3468 -0.2506 0.9038
vn 0.1516 -0.2506 0.9562
vn 0.1516 -0.2505 0.9562
vn 0.6093 -0.2505 0.7523
vn 0.6093 -0.2506 0.7523
vn 0.9038 -0.2506 0.3468
vn 0.9038 -0.2507 0.3468
vn 0.6715 -0.6948 0.2577
vn 0.2095 -0.9659 0.1521
vn 0.1228 -0.9884 0.0892
vn -0.7104 -0.6948 0.1126
vn -0.5589 -0.6948 0.4527
vn -0.2577 -0.6948 0.6715
vn 0.1126 -0.6948 0.7104
vn 0.4527 -0.6947 0.5589
vn 0.4527 -0.6948 0.5589
vn -0.1387 -0.9884 0.0618
vn -0.2365 -0.9659 0.1053
vn -0.0892 -0.9884 0.1228
vn -0.1521 -0.9659 0.2095
vn -0.0158 -0.9884 0.1510
vn -0.0270 -0.9659 0.2574
vn 0.0618 -0.9884 0.1387
vn 0.1053 -0.9659 0.2365
vn -0.9578 -0.2694 -0.1006
vn -0.9848 -0.1393 -0.1034
vn -0.9253 -0.1328 -0.3551
vn -0.9023 -0.2571 -0.3462
vn -0.6083 -0.2567 -0.7510
vn -0.6238 -0.1328 -0.7702
vn -0.1513 -0.2567 -0.9546
vn -0.1552 -0.1328 -0.9789
vn 0.3463 -0.2567 -0.9023
vn 0.3551 -0.1328 -0.9253
vn 0.7510 -0.2567 -0.6083
vn 0.7702 -0.1328 -0.6238
vn 0.9545 -0.2570 -0.1513
vn 0.9789 -0.1328 -0.1552
vn 0.9848 -0.1393 0.1034
vn 0.9578 -0.2694 0.1006
vn 0.7102 -0.6948 -0.1132
vn 0.7063 -0.6990 -0.1117
vn 0.7059 -0.6995 -0.1116
vn 0.7099 -0.6952 -0.1130
vn 0.5589 -0.6947 -0.4527
vn 0.2577 -0.6947 -0.6715
vn -0.1126 -0.6947 -0.7104
vn -0.6712 -0.6948 -0.2582
vn -0.6709 -0.6952 -0.2580
vn -0.6673 -0.6995 -0.2557
vn -0.6677 -0.6990 -0.2560
vn -0.2555 -0.9664 -0.0268
vn -0.2093 -0.9659 -0.1523
vn -0.1227 -0.9884 -0.0893
vn -0.1497 -0.9886 -0.0157
vn 0.2363 -0.9659 -0.1055
vn 0.2555 -0.9664 0.0268
vn 0.1497 -0.9886 0.0157
vn 0.1386 -0.9884 -0.0618
vn 0.0158 -0.9884 -0.1509
vn -0.0617 -0.9884 -0.1386
vn -0.1053 -0.9659 -0.2364
vn -0.5571 0.8284 -0.0585
vn -0.4813 0.8031 -0.3513
vn -0.7712 0.6314 -0.0809
vn -0.7239 0.5575 -0.4065
vn -0.9379 0.3327 -0.0985
vn -0.9270 0.1154 -0.3568
vn -0.9915 0.0781 -0.1041
vn -0.2402 0.8053 -0.5420
vn -0.2871 0.7085 -0.6447
vn 0.0617 0.8066 -0.5879
vn 0.0737 0.7086 -0.7018
vn 0.3474 0.8054 -0.4802
vn 0.4147 0.7086 -0.5709
vn 0.5438 0.8031 -0.2437
vn 0.7925 0.5576 -0.2472
vn 0.7712 0.6314 0.0810
vn 0.5572 0.8283 0.0585
vn 0.9378 0.3328 0.0985
vn 0.9915 0.0783 0.1041
vn 0.9809 0.1154 -0.1565
vn 0.7528 0.2480 -0.6098
vn 0.7718 0.1160 -0.6252
vn 0.7718 0.1161 -0.6252
vn 0.7528 0.2481 -0.6097
vn 0.3471 0.2481 -0.9044
vn 0.3558 0.1161 -0.9273
vn 0.3558 0.1160 -0.9273
vn -0.1517 0.2481 -0.9568
vn -0.1555 0.1161 -0.9810
vn -0.6097 0.2480 -0.7528
vn -0.6252 0.1160 -0.7718
vn -0.6098 0.2479 -0.7528
vn -0.9789 -0.1328 0.1552
vn -0.9810 0.1149 0.1565
vn -0.7719 0.1155 0.6252
vn -0.7702 -0.1328 0.6238
vn -0.7719 0.1154 0.6252
vn -0.3559 0.1154 0.9274
vn -0.3551 -0.1328 0.9253
vn -0.3559 0.1155 0.9274
vn 0.1555 0.1155 0.9811
vn 0.1552 -0.1328 0.9789
vn 0.6252 0.1154 0.7719
vn 0.6238 -0.1328 0.7702
vn 0.9271 0.1147 0.3568
vn 0.9253 -0.1328 0.3551
vn -0.5438 0.8030 0.2437
vn -0.7927 0.5572 0.2473
vn -0.4147 0.7086 0.5709
vn -0.3475 0.8054 0.4803
vn -0.0737 0.7086 0.7018
vn -0.0617 0.8066 0.5879
vn 0.2871 0.7086 0.6446
vn 0.2401 0.8054 0.5420
vn 0.7241 0.5571 0.4065
vn 0.4813 0.8031 0.3513
vn -0.7530 0.2471 0.6099
vn -0.7531 0.2467 0.6100
vn -0.3472 0.2467 0.9048
vn -0.3472 0.2469 0.9047
vn 0.1517 0.2469 0.9571
vn 0.6099 0.2468 0.7530
vn 0.6100 0.2466 0.7531
vn 0.1227 -0.9884 0.0893
vn -0.1386 -0.9884 0.0618
vn 0.0617 -0.9884 0.1386
vn -0.0158 -0.9884 0.1509
vn -0.9545 -0.2571 0.1512
vn -0.7102 -0.6948 0.1132
vn -0.7063 -0.6990 0.1117
vn -0.7059 -0.6995 0.1116
vn -0.7099 -0.6952 0.1130
vn -0.2363 -0.9659 0.1055
vn -0.1521 -0.9659 0.2094
vn 0.1053 -0.9659 0.2364
vn 0.2093 -0.9659 0.1523
vn 0.6673 -0.6995 0.2557
vn 0.6677 -0.6990 0.2560
vn 0.6712 -0.6948 0.2582
vn 0.6709 -0.6952 0.2580
vn 0.1126 -0.6947 0.7104
vn -0.2577 -0.6947 0.6715
vn -0.5589 -0.6947 0.4527
vn 0.9023 -0.2571 0.3462
vn 0.6083 -0.2567 0.7510
vn 0.1513 -0.2567 0.9546
vn -0.3463 -0.2567 0.9023
vn -0.7510 -0.2567 0.6083
vn -0.4097 0.9112 -0.0430
vn -0.3502 0.9245 -0.1504
vn -0.3738 0.9245 0.0744
vn -0.3135 0.9490 -0.0329
vn -0.1717 0.9850 -0.0180
vn -0.1425 0.9842 -0.1048
vn -0.2670 0.9267 -0.2644
vn -0.0719 0.9836 -0.1653
vn -0.1326 0.9276 -0.3492
vn 0.0190 0.9833 -0.1810
vn 0.0390 0.9276 -0.3716
vn 0.1046 0.9836 -0.1468
vn 0.2022 0.9276 -0.3140
vn 0.3161 0.9267 -0.2032
vn 0.3738 0.9245 -0.0744
vn 0.4097 0.9112 0.0430
vn 0.1717 0.9850 0.0180
vn 0.3135 0.9490 0.0329
vn 0.1611 0.9842 -0.0729
vn 0.1425 0.9842 0.1048
vn 0.3502 0.9245 0.1504
vn 0.2670 0.9267 0.2644
vn 0.0719 0.9836 0.1653
vn 0.1326 0.9276 0.3492
vn -0.0190 0.9833 0.1810
vn -0.0390 0.9276 0.3716
vn -0.1046 0.9836 0.1468
vn -0.2022 0.9276 0.3140
vn -0.3161 0.9267 0.2032
vn -0.1611 0.9842 0.0729
vn -0.4632 0.0000 -0.8863
vn -0.8443 0.0000 -0.5359
vn -0.9991 0.0000 -0.0420
vn -0.8863 0.0000 0.4632
vn -0.5359 0.0000 0.8443
vn -0.0420 0.0000 0.9991
vn 0.4632 0.0000 0.8863
vn 0.8443 0.0000 0.5359
vn 0.9991 0.0000 0.0420
vn 0.8863 0.0000 -0.4632
vn 0.5359 0.0000 -0.8443
vn 0.0420 0.0000 -0.9991
vn -0.0382 0.9551 -0.2939
vn -0.1798 0.9549 -0.2362
vn -0.0791 0.9930 -0.0873
vn -0.0153 0.9930 -0.1173
vn -0.1111 0.9930 -0.0392
vn -0.2749 0.9547 -0.1140
vn -0.3399 0.9394 0.0442
vn -0.1175 0.9930 0.0153
vn -0.0973 0.9930 0.0663
vn -0.2365 0.9547 0.1805
vn -0.1134 0.9549 0.2744
vn -0.0541 0.9930 0.1046
vn 0.0382 0.9551 0.2939
vn 0.0153 0.9930 0.1173
vn 0.0791 0.9930 0.0873
vn 0.0427 -0.9436 0.3283
vn -0.1111 -0.9506 0.2897
vn 0.0292 -0.9740 0.2248
vn -0.1556 -0.9612 0.2279
vn -0.0422 -0.9837 0.1746
vn -0.2004 -0.9724 0.1199
vn -0.0897 -0.9932 0.0741
vn -0.2248 -0.9740 0.0292
vn -0.1140 -0.9934 0.0148
vn -0.3794 -0.9239 0.0494
vn -0.2244 -0.9724 -0.0646
vn -0.3054 -0.9433 -0.1300
vn -0.1500 -0.9205 0.3607
vn -0.2618 -0.9433 0.2038
vn -0.2087 -0.9612 -0.1805
vn -0.1057 -0.9932 -0.0487
vn -0.5110 -0.8494 -0.1322
vn -0.1815 -0.9507 -0.2516
vn -0.0292 -0.9740 -0.2248
vn -0.0427 -0.9436 -0.3283
vn -0.0150 -0.9932 -0.1150
vn -0.0854 -0.9837 -0.1580
vn 0.0150 -0.9932 0.1150
vn -0.9184 0.1145 0.3788
vn -0.9160 0.1323 0.3788
vn -0.8927 0.2569 0.3703
vn -0.9017 0.2206 0.3719
vn -0.7836 0.6129 0.1019
vn -0.6662 0.6918 0.2784
vn -0.6555 0.7503 0.0853
vn -0.4575 0.8514 0.2563
vn -0.1476 0.9232 0.3549
vn 0.0495 0.9234 0.3807
vn 0.2334 0.9233 0.3051
vn 0.1798 0.9549 0.2362
vn 0.5078 0.8515 0.1307
vn 0.2749 0.9547 0.1140
vn 0.6556 0.7502 -0.0853
vn 0.3399 0.9394 -0.0442
vn 0.7152 0.6920 0.0987
vn 0.7837 0.6127 -0.1019
vn 0.9668 0.2208 0.1289
vn 0.9577 0.2570 0.1295
vn 0.9824 0.1324 0.1318
vn 0.9847 0.1146 0.1312
vn -0.5895 0.2568 0.7658
vn -0.6046 0.1329 0.7854
vn -0.6046 0.1328 0.7854
vn -0.5895 0.2567 0.7659
vn -0.1276 0.2568 0.9580
vn -0.1309 0.1329 0.9825
vn -0.1309 0.1329 0.9824
vn -0.1276 0.2569 0.9580
vn 0.3685 0.2568 0.8935
vn 0.3779 0.1329 0.9163
vn 0.7658 0.2569 0.5895
vn 0.7854 0.1329 0.6046
vn 0.7854 0.1330 0.6046
vn 0.7658 0.2570 0.5895
vn -0.4388 0.6947 0.5700
vn -0.0950 0.6947 0.7130
vn 0.2742 0.6947 0.6650
vn 0.5700 0.6947 0.4388
vn 0.5700 0.6946 0.4388
vn -0.6691 -0.7381 0.0870
vn -0.4602 -0.8494 0.2585
vn 0.0504 -0.9206 0.3872
vn 0.1815 -0.9507 0.2516
vn 0.2373 -0.9206 0.3102
vn 0.3053 -0.9433 0.1300
vn 0.5109 -0.8494 0.1322
vn 0.3795 -0.9239 -0.0494
vn 0.6690 -0.7381 -0.0870
vn 0.7156 -0.6915 0.0989
vn 0.5700 -0.6947 0.4387
vn 0.2742 -0.6947 0.6649
vn 0.2742 -0.6947 0.6650
vn -0.0950 -0.6947 0.7130
vn -0.4388 -0.6947 0.5700
vn -0.4388 -0.6946 0.5700
vn -0.6666 -0.6913 0.2787
vn -0.7959 -0.5965 0.1035
vn -0.9061 -0.1984 0.3737
vn -0.8951 -0.2462 0.3718
vn -0.9180 -0.1143 0.3799
vn -0.9207 -0.0907 0.3797
vn 0.9872 -0.0907 0.1315
vn 0.9846 -0.1143 0.1324
vn 0.9604 -0.2461 0.1304
vn 0.9715 -0.1984 0.1294
vn 0.7958 -0.5967 -0.1035
vn -0.6059 -0.1150 0.7872
vn -0.5912 -0.2460 0.7681
vn -0.5913 -0.2459 0.7681
vn -0.1312 -0.1150 0.9847
vn -0.1280 -0.2460 0.9608
vn 0.3787 -0.1150 0.9183
vn 0.3696 -0.2459 0.8961
vn 0.3696 -0.2458 0.8961
vn 0.7872 -0.1150 0.6059
vn 0.7872 -0.1149 0.6059
vn 0.7681 -0.2458 0.5913
vn 0.7681 -0.2460 0.5912
vn 0.2088 -0.9612 0.1805
vn 0.1057 -0.9932 0.0487
vn 0.2244 -0.9723 0.0646
vn 0.2248 -0.9740 -0.0292
vn 0.1140 -0.9934 -0.0148
vn 0.2004 -0.9724 -0.1199
vn 0.0897 -0.9932 -0.0741
vn 0.0854 -0.9837 0.1580
vn 0.0422 -0.9837 -0.1746
vn 0.1556 -0.9612 -0.2279
vn 0.1111 -0.9507 -0.2896
vn 0.1500 -0.9206 -0.3605
vn 0.2618 -0.9433 -0.2038
vn 0.1111 0.9930 0.0392
vn 0.1175 0.9930 -0.0153
vn 0.2364 0.9547 -0.1804
vn 0.0973 0.9930 -0.0663
vn 0.1134 0.9549 -0.2743
vn 0.0541 0.9930 -0.1047
vn 0.9184 0.1146 -0.3788
vn 0.9207 -0.0907 -0.3797
vn 0.9180 -0.1143 -0.3799
vn 0.9160 0.1322 -0.3788
vn 0.6046 0.1328 -0.7854
vn 0.6059 -0.1150 -0.7872
vn 0.6059 -0.1149 -0.7872
vn 0.6046 0.1327 -0.7854
vn 0.1309 0.1328 -0.9825
vn 0.1312 -0.1150 -0.9847
vn 0.1309 0.1329 -0.9825
vn -0.3779 0.1328 -0.9163
vn -0.3787 -0.1150 -0.9183
vn -0.7854 0.1329 -0.6046
vn -0.7872 -0.1151 -0.6059
vn -0.7872 -0.1150 -0.6059
vn -0.9824 0.1323 -0.1318
vn -0.9846 -0.1143 -0.1324
vn -0.9872 -0.0907 -0.1315
vn -0.9847 0.1145 -0.1312
vn -0.7156 -0.6915 -0.0989
vn -0.9604 -0.2461 -0.1304
vn -0.9715 -0.1984 -0.1294
vn 0.9061 -0.1984 -0.3737
vn 0.8951 -0.2462 -0.3718
vn 0.5912 -0.2460 -0.7681
vn 0.5913 -0.2458 -0.7681
vn 0.1280 -0.2459 -0.9608
vn 0.1280 -0.2460 -0.9608
vn -0.3695 -0.2459 -0.8961
vn -0.3695 -0.2460 -0.8961
vn -0.7681 -0.2461 -0.5912
vn -0.7681 -0.2460 -0.5912
vn 0.6666 -0.6913 -0.2787
vn 0.4602 -0.8494 -0.2585
vn 0.4388 -0.6946 -0.5700
vn 0.4388 -0.6947 -0.5700
vn 0.0950 -0.6947 -0.7130
vn -0.2742 -0.6947 -0.6650
vn -0.2742 -0.6947 -0.6649
vn -0.5700 -0.6947 -0.4387
vn -0.0504 -0.9206 -0.3872
vn -0.2373 -0.9206 -0.3102
vn -0.9668 0.2206 -0.1289
vn -0.9577 0.2570 -0.1296
vn -0.7658 0.2569 -0.5895
vn -0.7658 0.2568 -0.5895
vn -0.3685 0.2567 -0.8935
vn 0.1276 0.2568 -0.9580
vn 0.1276 0.2566 -0.9580
vn 0.5896 0.2565 -0.7659
vn 0.5896 0.2567 -0.7659
vn 0.8927 0.2567 -0.3703
vn 0.9016 0.2209 -0.3719
vn 0.6662 0.6918 -0.2784
vn 0.4575 0.8515 -0.2562
vn 0.1476 0.9232 -0.3548
vn -0.0495 0.9234 -0.3807
vn -0.2334 0.9232 -0.3052
vn -0.5079 0.8514 -0.1308
vn -0.7152 0.6920 -0.0987
vn -0.5700 0.6946 -0.4388
vn -0.5700 0.6947 -0.4388
vn -0.2742 0.6947 -0.6650
vn 0.0950 0.6947 -0.7130
vn 0.4388 0.6947 -0.5700
# 1652 vertex normals

vt -0.0000 0.0000 1.0000
vt 0.5235 0.0000 0.7728
vt 0.5235 1.0000 0.7728
vt -0.0000 1.0000 1.0000
vt 0.5796 0.0000 0.1241
vt 0.5796 1.0000 0.1241
vt 1.0000 0.0000 0.0000
vt 1.0000 1.0000 0.0000
vt 0.0000 1.0000 0.0000
vt 0.0000 0.0000 0.0000
vt 0.1241 0.0000 0.5796
vt 0.1241 1.0000 0.5796
vt 0.4765 0.0000 0.2272
vt 0.4765 1.0000 0.2272
vt 0.8864 0.9915 0.0000
vt 0.7102 0.9858 0.0000
vt 0.5000 0.9838 0.0000
vt 0.2898 0.9858 0.0000
vt 0.1136 0.9915 0.0000
vt -0.0000 0.0000 0.0000
vt -0.0000 1.0000 0.0000
vt 0.5000 1.0000 0.0670
vt 0.5000 0.0000 0.0670
vt 0.7500 1.0000 0.8660
vt 0.7500 0.0000 0.8660
vt 0.5000 1.0000 1.0000
vt 0.5000 0.0000 1.0000
vt 0.8660 1.0000 0.7500
vt 0.8660 0.0000 0.7500
vt 0.5000 1.0000 0.9330
vt 0.5000 0.0000 0.9330
vt 0.0000 1.0000 1.0000
vt 0.0000 0.0000 1.0000
vt 1.0000 0.0000 1.0000
vt 1.0000 1.0000 1.0000
vt 0.7500 1.0000 0.1340
vt 0.7500 0.0000 0.1340
vt 0.5000 1.0000 0.0000
vt 0.5000 0.0000 0.0000
vt 0.8660 1.0000 0.2500
vt 0.8660 0.0000 0.2500
vt 0.0670 0.2500 0.0000
vt 0.7500 0.0670 0.0000
vt 0.9330 0.2500 0.0000
vt 0.0000 0.5000 0.0000
vt 1.0000 0.5000 0.0000
vt 0.0670 0.7500 0.0000
vt 0.9330 0.7500 0.0000
vt 0.2500 0.9330 0.0000
vt 0.7500 0.9330 0.0000
vt 0.2500 0.0670 0.0000
vt 0.2272 0.0000 0.4765
vt 0.2272 1.0000 0.4765
vt 0.9973 0.1446 0.0000
vt 0.0023 0.1136 0.0000
vt 0.9958 0.3716 0.0000
vt 0.0039 0.2898 0.0000
vt 0.9958 0.6284 0.0000
vt 0.0044 0.5000 0.0000
vt 0.9973 0.8554 0.0000
vt 0.0039 0.7102 0.0000
vt 0.0023 0.8864 0.0000
vt 0.4204 0.0000 0.1241
vt 0.4204 1.0000 0.1241
vt 0.4765 0.0000 0.7728
vt 0.4765 1.0000 0.7728
vt 0.9977 0.1136 0.0000
vt 0.0027 0.1446 0.0000
vt 0.9961 0.2898 0.0000
vt 0.0042 0.3716 0.0000
vt 0.9956 0.5000 0.0000
vt 0.0042 0.6284 0.0000
vt 0.9961 0.7102 0.0000
vt 0.0027 0.8554 0.0000
vt 0.9977 0.8864 0.0000
vt 0.6388 0.0000 0.8554
vt 0.6388 1.0000 0.8554
vt 0.3716 0.0000 1.0000
vt 0.3716 1.0000 1.0000
vt 0.0000 0.0000 0.3716
vt 0.0000 1.0000 0.3716
vt 0.3612 0.0000 0.1446
vt 0.3612 1.0000 0.1446
vt 0.9958 0.5000 0.9706
vt 1.0000 1.0000 0.9788
vt 0.6083 1.0000 1.0000
vt 0.6106 0.5000 0.9914
vt 0.2536 1.0000 0.8843
vt 0.2618 0.5000 0.8777
vt 0.6629 1.0000 0.0309
vt 0.0429 0.5000 0.6600
vt 0.3949 1.0000 0.0000
vt 0.3965 0.5000 0.0125
vt 0.8309 1.0000 0.1523
vt 0.1579 0.5000 0.1787
vt 0.5072 1.0000 0.0000
vt 0.5029 0.5000 0.0082
vt 0.4913 0.1340 0.0306
vt 0.1734 0.1340 0.2052
vt 0.4008 0.1340 0.0467
vt 0.0756 0.1340 0.6520
vt 0.2844 0.1340 0.8597
vt 0.6169 0.1340 0.9681
vt 0.9842 0.1340 0.9483
vt 0.6255 0.0000 0.9362
vt 0.9683 0.0000 0.9177
vt 0.4755 0.0000 0.0612
vt 0.1944 0.0000 0.2412
vt 0.4067 0.0000 0.0933
vt 0.1204 0.0000 0.6412
vt 0.3152 0.0000 0.8350
vt 0.5072 1.0000 1.0000
vt 0.5072 0.0000 1.0000
vt 0.1523 0.0000 0.8309
vt 0.1523 1.0000 0.8309
vt 0.3949 0.0000 1.0000
vt 0.3949 1.0000 1.0000
vt 0.0309 0.0000 0.3371
vt 0.0309 1.0000 0.3371
vt 0.2536 0.0000 0.1157
vt 0.2536 1.0000 0.1157
vt 0.6083 0.0000 0.0000
vt 0.6083 1.0000 0.0000
vt 1.0000 0.0000 0.0212
vt 1.0000 1.0000 0.0212
vt 0.8301 0.8867 0.0000
vt 0.1133 0.8301 0.0000
vt 0.0000 0.5925 0.0000
vt 0.9793 0.6699 0.0000
vt 0.0207 0.3301 0.0000
vt 1.0000 0.4075 0.0000
vt 0.1699 0.1133 0.0000
vt 0.8867 0.1699 0.0000
vt 0.4075 0.0000 0.0000
vt 0.6699 0.0207 0.0000
vt 0.5925 1.0000 0.0000
vt 0.3301 0.9793 0.0000
vt 0.5072 0.0000 0.0000
vt 0.1523 0.0000 0.1691
vt 0.1523 1.0000 0.1691
vt 0.3949 0.0000 0.0000
vt 0.0309 0.0000 0.6629
vt 0.0309 1.0000 0.6629
vt 0.2536 0.0000 0.8843
vt 0.6083 0.0000 1.0000
vt 1.0000 0.0000 0.9788
vt 0.9683 0.0000 0.0823
vt 0.9842 0.1340 0.0517
vt 0.6169 0.1340 0.0319
vt 0.6255 0.0000 0.0638
vt 0.2844 0.1340 0.1403
vt 0.3152 0.0000 0.1650
vt 0.6520 0.1340 0.9244
vt 0.6412 0.0000 0.8796
vt 0.4008 0.1340 0.9533
vt 0.4067 0.0000 0.9067
vt 0.1734 0.1340 0.7948
vt 0.7588 0.0000 0.8056
vt 0.4913 0.1340 0.9694
vt 0.4755 0.0000 0.9388
vt 0.1579 0.5000 0.8213
vt 0.5029 0.5000 0.9918
vt 0.9958 0.5000 0.0294
vt 0.6106 0.5000 0.0086
vt 0.2618 0.5000 0.1223
vt 0.6600 0.5000 0.9571
vt 0.3965 0.5000 0.9875
vt 0.6629 1.0000 0.9691
vt 1.0000 0.5925 0.0000
vt 0.4075 1.0000 0.0000
vt 0.1699 0.8867 0.0000
vt 0.9793 0.3301 0.0000
vt 0.0207 0.6699 0.0000
vt 0.8301 0.1133 0.0000
vt 0.0000 0.4075 0.0000
vt 0.5925 0.0000 0.0000
vt 0.1133 0.1699 0.0000
vt 0.3301 0.0207 0.0000
vt 0.8867 0.8301 0.0000
vt 0.6699 0.9793 0.0000
vt 0.9952 0.4990 0.9695
vt 0.6108 0.5066 0.9905
vt 0.2627 0.5066 0.8770
vt 0.0442 0.5066 0.6597
vt 0.3967 0.5066 0.0138
vt 0.1585 0.5066 0.1798
vt 0.5023 0.4990 0.0094
vt 0.4895 0.1335 0.0341
vt 0.1756 0.1358 0.2090
vt 0.4015 0.1358 0.0516
vt 0.0804 0.1358 0.6509
vt 0.2876 0.1358 0.8571
vt 0.6178 0.1358 0.9647
vt 0.9823 0.1335 0.9448
vt 0.6274 0.0000 0.9294
vt 0.9649 0.0000 0.9112
vt 0.4721 0.0000 0.0677
vt 0.7511 0.0000 0.1989
vt 0.4080 0.0000 0.1032
vt 0.1298 0.0000 0.6389
vt 0.3217 0.0000 0.8298
vt 0.9956 1.0000 0.9703
vt 0.6107 1.0000 0.9911
vt 0.9979 0.7429 0.9749
vt 0.6089 0.5760 0.9976
vt 0.9995 0.3955 0.9778
vt 0.2621 1.0000 0.8775
vt 0.2559 0.5760 0.8825
vt 0.6599 1.0000 0.0434
vt 0.0342 0.5760 0.6621
vt 0.3966 1.0000 0.0130
vt 0.3954 0.5760 0.0034
vt 0.8209 1.0000 0.1582
vt 0.1539 0.5760 0.1717
vt 0.5051 0.7429 0.0040
vt 0.5027 1.0000 0.0085
vt 0.5066 0.3955 0.0010
vt 0.8309 0.0000 0.1523
vt 0.5066 0.0000 0.9990
vt 0.1530 0.0000 0.8298
vt 0.3951 0.0000 0.9985
vt 0.0324 0.0000 0.3375
vt 0.2546 0.0000 0.1164
vt 0.6086 0.0000 0.0010
vt 0.9995 0.0000 0.0221
vt 0.9995 0.3955 0.0222
vt 0.6089 0.5760 0.0024
vt 0.2559 0.5760 0.1175
vt 0.6621 0.5760 0.9658
vt 0.6629 0.0000 0.9691
vt 0.3954 0.5760 0.9966
vt 0.1539 0.5760 0.8283
vt 0.8309 0.0000 0.8477
vt 0.5066 0.3955 0.9990
vt 0.5051 0.7429 0.9960
vt 0.1582 1.0000 0.8209
vt 0.5027 1.0000 0.9915
vt 0.9979 0.7429 0.0251
vt 0.6107 1.0000 0.0089
vt 0.2621 1.0000 0.1225
vt 0.6599 1.0000 0.9566
vt 0.3966 1.0000 0.9870
vt 0.9956 1.0000 0.0297
vt 0.9649 0.0000 0.0888
vt 0.9823 0.1335 0.0552
vt 0.6178 0.1358 0.0353
vt 0.6274 0.0000 0.0706
vt 0.2876 0.1358 0.1429
vt 0.3217 0.0000 0.1702
vt 0.6509 0.1358 0.9196
vt 0.6389 0.0000 0.8702
vt 0.4015 0.1358 0.9484
vt 0.4080 0.0000 0.8968
vt 0.1756 0.1358 0.7910
vt 0.7511 0.0000 0.8011
vt 0.4895 0.1335 0.9659
vt 0.4721 0.0000 0.9323
vt 0.1585 0.5066 0.8202
vt 0.5023 0.4990 0.9906
vt 0.3967 0.5066 0.9862
vt 0.6597 0.5066 0.9558
vt 0.2627 0.5066 0.1230
vt 0.6108 0.5066 0.0094
vt 0.9952 0.4990 0.0305
vt 0.5066 0.0000 0.0010
vt 0.1530 0.0000 0.1702
vt 0.3951 0.0000 0.0015
vt 0.0324 0.0000 0.6625
vt 0.2546 0.0000 0.8836
vt 0.6086 0.0000 0.9990
vt 0.9995 0.0000 0.9779
vt 0.4562 1.0000 0.3711
vt 0.3426 1.0000 0.3176
vt 0.4027 0.7088 0.2017
vt 0.5743 0.5115 0.1850
vt 0.2867 0.5727 0.1120
vt 0.4599 0.3628 0.0912
vt 0.7104 0.5115 0.2817
vt 0.4336 0.5115 0.2040
vt 0.6148 0.5115 0.2294
vt 0.3764 0.5115 0.7665
vt 0.5734 1.0000 0.6280
vt 0.5503 1.0000 0.4953
vt 0.5828 0.5115 0.8476
vt 0.6979 1.0000 0.6686
vt 0.7776 0.5115 0.8641
vt 0.8354 1.0000 0.6612
vt 0.9528 0.3628 0.8877
vt 0.4563 1.0000 0.4844
vt 0.8955 0.7088 0.2228
vt 0.8354 1.0000 0.3388
vt 0.6979 1.0000 0.3314
vt 0.7776 0.5115 0.1359
vt 0.5828 0.5115 0.1524
vt 0.5734 1.0000 0.3720
vt 0.3764 0.5115 0.2335
vt 0.5503 1.0000 0.5047
vt 0.6148 0.5115 0.7706
vt 0.4563 1.0000 0.5156
vt 0.4336 0.5115 0.7960
vt 0.2817 0.5115 0.7104
vt 0.5743 0.5115 0.8150
vt 0.4599 0.3628 0.9088
vt 0.3426 1.0000 0.6824
vt 0.3711 1.0000 0.4562
vt 0.9528 0.3628 0.1123
vt 0.5348 1.0000 0.9593
vt 0.5348 0.0000 0.9593
vt 0.7955 1.0000 0.8312
vt 0.7955 0.0000 0.8312
vt 0.5525 1.0000 1.0000
vt 0.5525 0.0000 1.0000
vt 0.9263 1.0000 0.2955
vt 0.9263 0.0000 0.2955
vt 0.6298 1.0000 0.0932
vt 0.6298 0.0000 0.0932
vt 0.1900 1.0000 0.0000
vt 0.1900 0.0000 0.0000
vt 0.8100 0.0000 1.0000
vt 0.8100 1.0000 1.0000
vt 0.3702 1.0000 0.9068
vt 0.3702 0.0000 0.9068
vt 0.7045 1.0000 0.0737
vt 0.7045 0.0000 0.0737
vt 0.4475 1.0000 0.0000
vt 0.4475 0.0000 0.0000
vt 0.8312 1.0000 0.2045
vt 0.8312 0.0000 0.2045
vt 0.4652 1.0000 0.0407
vt 0.4652 0.0000 0.0407
vt 0.5348 1.0000 0.0407
vt 0.5348 0.0000 0.0407
vt 0.7955 1.0000 0.1688
vt 0.7955 0.0000 0.1688
vt 0.5525 1.0000 0.0000
vt 0.5525 0.0000 0.0000
vt 0.9263 1.0000 0.7045
vt 0.9263 0.0000 0.7045
vt 0.6298 1.0000 0.9068
vt 0.6298 0.0000 0.9068
vt 0.1900 1.0000 1.0000
vt 0.1900 0.0000 1.0000
vt 0.7045 0.0407 0.0000
vt 0.8559 0.2415 0.0000
vt 0.6790 0.0981 0.0000
vt 0.4541 0.0625 0.0000
vt 0.2415 0.1441 0.0000
vt 0.9068 0.2045 0.0000
vt 0.9375 0.4541 0.0000
vt 1.0000 0.4475 0.0000
vt 0.9593 0.7045 0.0000
vt 0.7955 0.9068 0.0000
vt 0.9019 0.6790 0.0000
vt 0.5459 0.9375 0.0000
vt 0.7585 0.8559 0.0000
vt 0.3210 0.9019 0.0000
vt 0.2955 0.9593 0.0000
vt 0.1441 0.7585 0.0000
vt 0.0932 0.7955 0.0000
vt 0.0625 0.5459 0.0000
vt 0.0000 0.5525 0.0000
vt 0.0407 0.2955 0.0000
vt 0.2045 0.0932 0.0000
vt 0.0981 0.3210 0.0000
vt 0.7955 0.0932 0.0000
vt 0.9019 0.3210 0.0000
vt 0.7585 0.1441 0.0000
vt 0.5459 0.0625 0.0000
vt 0.2955 0.0407 0.0000
vt 0.3210 0.0981 0.0000
vt 0.1441 0.2415 0.0000
vt 0.9593 0.2955 0.0000
vt 0.9375 0.5459 0.0000
vt 1.0000 0.5525 0.0000
vt 0.9068 0.7955 0.0000
vt 0.7045 0.9593 0.0000
vt 0.8559 0.7585 0.0000
vt 0.6790 0.9019 0.0000
vt 0.2415 0.8559 0.0000
vt 0.4541 0.9375 0.0000
vt 0.2045 0.9068 0.0000
vt 0.0981 0.6790 0.0000
vt 0.0407 0.7045 0.0000
vt 0.0625 0.4541 0.0000
vt 0.0000 0.4475 0.0000
vt 0.0932 0.2045 0.0000
vt 0.8100 0.0000 0.0000
vt 0.8100 1.0000 0.0000
vt 0.3702 1.0000 0.0932
vt 0.3702 0.0000 0.0932
vt 0.7045 1.0000 0.9263
vt 0.7045 0.0000 0.9263
vt 0.4475 1.0000 1.0000
vt 0.4475 0.0000 1.0000
vt 0.8312 1.0000 0.7955
vt 0.8312 0.0000 0.7955
vt 0.4652 1.0000 0.9593
vt 0.4652 0.0000 0.9593
vt 0.9984 0.5000 0.0084
vt 0.5410 0.5000 0.0484
vt 0.1811 0.5000 0.2095
vt 0.5516 0.5000 0.9848
vt 0.2989 0.5000 0.9123
vt 0.6208 0.5000 0.9000
vt 0.1884 0.5000 0.9916
vt 0.1841 0.1340 0.9688
vt 0.5964 0.1340 0.8813
vt 0.3082 0.1340 0.8743
vt 0.5492 0.1340 0.9434
vt 0.2148 0.1340 0.2230
vt 0.5579 0.1340 0.0694
vt 0.9941 0.1340 0.0313
vt 0.5811 0.0000 0.0981
vt 0.9881 0.0000 0.0625
vt 0.1782 0.0000 0.9375
vt 0.5629 0.0000 0.8559
vt 0.3210 0.0000 0.8224
vt 0.5459 0.0000 0.8869
vt 0.2608 0.0000 0.2415
vt 0.2955 0.0000 0.0737
vt 0.2955 1.0000 0.0737
vt 0.1688 0.0000 0.7955
vt 0.1688 1.0000 0.7955
vt 0.2955 0.0000 0.9263
vt 0.2955 1.0000 0.9263
vt 0.1688 0.0000 0.2045
vt 0.1688 1.0000 0.2045
vt 0.9881 0.0000 0.9375
vt 0.9941 0.1340 0.9688
vt 0.5579 0.1340 0.9306
vt 0.5811 0.0000 0.9019
vt 0.7770 0.1340 0.2148
vt 0.7585 0.0000 0.2608
vt 0.5492 0.1340 0.0566
vt 0.5459 0.0000 0.1131
vt 0.8743 0.1340 0.3082
vt 0.8224 0.0000 0.3210
vt 0.5964 0.1340 0.1187
vt 0.5629 0.0000 0.1441
vt 0.1841 0.1340 0.0313
vt 0.1782 0.0000 0.0625
vt 0.6208 0.5000 0.1000
vt 0.1884 0.5000 0.0084
vt 0.9984 0.5000 0.9916
vt 0.5410 0.5000 0.9516
vt 0.7905 0.5000 0.1811
vt 0.5516 0.5000 0.0152
vt 0.9123 0.5000 0.2989
vt 0.9982 0.4990 0.0096
vt 0.5416 0.5066 0.0492
vt 0.1824 0.5066 0.2100
vt 0.5515 0.5066 0.9832
vt 0.2992 0.5066 0.9109
vt 0.6199 0.5066 0.8992
vt 0.1882 0.4990 0.9904
vt 0.1834 0.1335 0.9652
vt 0.5928 0.1358 0.8787
vt 0.3096 0.1358 0.8688
vt 0.5489 0.1358 0.9375
vt 0.2196 0.1358 0.2250
vt 0.5604 0.1358 0.0725
vt 0.9934 0.1335 0.0348
vt 0.5860 0.0000 0.1042
vt 0.9869 0.0000 0.0691
vt 0.1769 0.0000 0.9309
vt 0.5559 0.0000 0.8505
vt 0.3237 0.0000 0.8114
vt 0.5452 0.0000 0.8749
vt 0.2705 0.0000 0.2454
vt 0.9983 1.0000 0.0087
vt 0.5412 1.0000 0.0487
vt 0.9992 0.7429 0.0041
vt 0.5365 0.5760 0.0429
vt 0.9998 0.3955 0.0010
vt 0.7903 1.0000 0.8185
vt 0.1722 0.5760 0.2059
vt 0.5516 1.0000 0.9843
vt 0.5523 0.5760 0.9958
vt 0.9118 1.0000 0.7010
vt 0.2964 0.5760 0.9224
vt 0.6205 1.0000 0.8997
vt 0.6273 0.5760 0.9049
vt 0.1893 0.7429 0.9959
vt 0.1884 1.0000 0.9913
vt 0.1898 0.3955 0.9990
vt 0.1898 0.0000 0.0010
vt 0.6287 0.0000 0.0941
vt 0.2959 0.0000 0.0754
vt 0.5524 0.0000 0.0018
vt 0.1702 0.0000 0.7949
vt 0.5355 0.0000 0.9583
vt 0.9998 0.0000 0.9990
vt 0.9998 0.3955 0.9990
vt 0.5365 0.5760 0.9571
vt 0.7941 0.5760 0.1722
vt 0.5523 0.5760 0.0042
vt 0.9224 0.5760 0.2964
vt 0.6273 0.5760 0.0951
vt 0.1898 0.3955 0.0010
vt 0.1893 0.7429 0.0041
vt 0.6205 1.0000 0.1003
vt 0.1884 1.0000 0.0087
vt 0.9992 0.7429 0.9959
vt 0.5412 1.0000 0.9513
vt 0.7903 1.0000 0.1815
vt 0.5516 1.0000 0.0157
vt 0.9118 1.0000 0.2990
vt 0.9983 1.0000 0.9913
vt 0.9869 0.0000 0.9309
vt 0.9934 0.1335 0.9652
vt 0.5604 0.1358 0.9275
vt 0.5860 0.0000 0.8958
vt 0.7750 0.1358 0.2196
vt 0.7546 0.0000 0.2705
vt 0.5489 0.1358 0.0625
vt 0.5452 0.0000 0.1251
vt 0.8688 0.1358 0.3096
vt 0.8114 0.0000 0.3237
vt 0.5928 0.1358 0.1213
vt 0.5559 0.0000 0.1495
vt 0.1834 0.1335 0.0348
vt 0.1769 0.0000 0.0691
vt 0.6199 0.5066 0.1008
vt 0.1882 0.4990 0.0096
vt 0.9109 0.5066 0.2992
vt 0.5515 0.5066 0.0168
vt 0.7900 0.5066 0.1824
vt 0.5416 0.5066 0.9508
vt 0.9982 0.4990 0.9904
vt 0.1898 0.0000 0.9990
vt 0.6287 0.0000 0.9059
vt 0.2959 0.0000 0.9246
vt 0.5524 0.0000 0.9982
vt 0.1702 0.0000 0.2051
vt 0.5355 0.0000 0.0417
vt 0.9998 0.0000 0.0010
vt 0.2827 1.0000 0.6428
vt 0.1284 1.0000 0.6755
vt 0.1509 0.7088 0.7940
vt 0.3441 0.5115 0.8363
vt -0.0210 0.5727 0.8604
vt 0.1723 0.3628 0.9068
vt 0.5423 0.5115 0.7663
vt 0.7044 0.5115 0.6366
vt 0.5379 0.5115 0.7490
vt 0.7035 0.5115 0.6398
vt 0.6466 1.0000 0.3963
vt 0.5184 1.0000 0.4127
vt 0.5675 0.5115 0.1882
vt 0.7750 1.0000 0.3388
vt 0.7878 0.5115 0.1425
vt 0.9383 1.0000 0.3245
vt 0.9823 0.3628 0.0932
vt 0.3868 1.0000 0.5718
vt 0.9608 0.7088 0.7940
vt 0.9383 1.0000 0.6755
vt 0.7750 1.0000 0.6612
vt 0.7878 0.5115 0.8575
vt 0.5675 0.5115 0.8118
vt 0.6037 1.0000 0.6466
vt 0.3602 0.5115 0.7035
vt 0.5184 1.0000 0.5873
vt 0.5379 0.5115 0.2510
vt 0.4282 1.0000 0.6132
vt 0.3634 0.5115 0.2956
vt 0.5423 0.5115 0.2337
vt 0.3440 0.5115 0.1637
vt 0.1723 0.3628 0.0932
vt 0.1284 1.0000 0.3245
vt 0.2827 1.0000 0.3572
vt 0.9823 0.3628 0.9068
vt 0.5811 0.0000 0.0982
vt 0.6208 0.5000 0.1001
vt 0.9984 1.0000 0.0087
vt 0.9984 1.0000 0.9913
vt 0.3440 0.5115 0.8363
vt 0.1211 0.7188 0.0000
vt 0.2813 0.8789 0.0000
vt 0.5000 0.9375 0.0000
vt 0.7188 0.8789 0.0000
vt 0.0625 0.5000 0.0000
vt 0.1211 0.2813 0.0000
vt 0.5000 0.0625 0.0000
vt 0.2813 0.1211 0.0000
vt 0.7188 0.1211 0.0000
vt 0.8789 0.2813 0.0000
vt 0.9375 0.5000 0.0000
vt 0.8789 0.7188 0.0000
vt 0.2500 0.0000 0.8660
vt 0.2500 1.0000 0.8660
vt 0.1340 0.0000 0.7500
vt 0.1340 1.0000 0.7500
vt 0.2500 0.0000 0.1340
vt 0.2500 1.0000 0.1340
vt 0.1340 0.0000 0.2500
vt 0.1340 1.0000 0.2500
vt 0.6533 1.0000 0.9889
vt 0.6533 0.0000 0.9889
vt 0.1533 0.0000 0.8772
vt 0.1533 1.0000 0.8772
vt 0.3883 0.0000 1.0000
vt 0.3883 1.0000 1.0000
vt 0.1533 0.0000 0.1228
vt 0.1533 1.0000 0.1228
vt 0.3883 0.0000 0.0000
vt 0.3883 1.0000 0.0000
vt 0.6533 0.0000 0.0111
vt 0.6533 1.0000 0.0111
vt 0.6117 1.0000 0.0000
vt 0.0000 0.6117 0.0000
vt 0.0111 0.3467 0.0000
vt 0.8467 0.8772 0.0000
vt 0.1533 0.1228 0.0000
vt 0.9889 0.6533 0.0000
vt 1.0000 0.3883 0.0000
vt 0.6533 0.0111 0.0000
vt 0.8772 0.1533 0.0000
vt 0.3467 0.9889 0.0000
vt 0.1228 0.8467 0.0000
vt 0.0111 0.6533 0.0000
vt 0.3467 0.0111 0.0000
vt 0.6117 0.0000 0.0000
vt 0.1533 0.8772 0.0000
vt 0.8467 0.1228 0.0000
vt 0.9889 0.3467 0.0000
vt 0.6533 0.9889 0.0000
vt 1.0000 0.6117 0.0000
vt 0.8772 0.8467 0.0000
vt 0.0000 0.3883 0.0000
vt 0.1228 0.1533 0.0000
vt 0.7698 0.0000 1.0000
vt 0.1798 0.7812 0.7500
vt 0.4655 0.7030 0.7500
vt 0.3428 0.0000 0.9005
vt 0.5847 0.6001 0.7500
vt 0.6937 0.0000 0.9390
vt 0.6128 0.4634 0.7500
vt 0.4350 0.0000 1.0000
vt 0.3354 0.7500 0.5238
vt 0.1937 0.0000 0.8239
vt 0.1151 0.5000 1.0000
vt 0.9496 0.7812 0.7500
vt 0.6381 0.7469 0.7500
vt 0.8849 0.5000 1.0000
vt 1.2352 0.7032 0.8498
vt 0.4579 0.0000 0.0345
vt 0.3619 0.2531 0.7500
vt 0.0504 0.2188 0.7500
vt 0.8239 1.0000 0.1937
vt 0.2246 0.4675 0.7988
vt 0.4388 0.4675 0.9477
vt 0.4350 1.0000 1.0000
vt 0.4431 0.0000 0.8897
vt 0.6674 0.4675 0.9007
vt 0.1637 0.0000 0.6695
vt 0.5280 0.4675 0.0869
vt 0.2319 0.0000 0.7355
vt 0.8340 1.2123 0.1893
vt 0.4579 1.0000 0.0345
vt 0.0068 0.4675 0.0296
vt 0.0144 0.0000 0.0623
vt 0.4151 0.0000 0.0925
vt 0.4104 0.0000 0.8506
vt 0.2987 0.4675 0.8396
vt 0.7766 0.4675 0.9704
vt 0.7841 0.0000 0.9377
vt 0.7698 1.0000 1.0000
vt 0.3428 1.0000 0.9005
vt 0.3918 1.2123 0.9282
vt 0.6937 1.0000 0.9390
vt 0.4551 0.5114 0.0383
vt 0.0007 0.4375 0.0030
vt 0.0025 0.7926 0.0110
vt 0.4474 0.8960 0.0487
vt 0.4424 1.0000 0.0554
vt 0.0052 1.0000 0.0225
vt 0.2030 0.8960 0.1977
vt 0.2075 1.0000 0.2080
vt 0.4369 0.8960 0.0270
vt 0.4379 1.0000 0.0399
vt 0.0861 0.8960 0.6878
vt 0.0981 1.0000 0.6850
vt 0.3593 0.8960 0.8883
vt 0.3672 1.0000 0.8825
vt 0.7723 0.7926 0.9890
vt 0.7750 1.0000 0.9775
vt 0.3472 0.5114 0.8972
vt 0.7705 0.4375 0.9970
vt 0.1937 0.0000 0.1761
vt 0.1962 0.5114 0.1819
vt 0.4350 0.0000 0.0000
vt 0.4355 0.5114 0.0072
vt 0.0610 0.0000 0.6937
vt 0.0677 0.5114 0.6921
vt 0.0972 0.0000 0.6852
vt 0.0860 0.0977 0.6878
vt 0.4369 0.0977 0.0268
vt 0.4378 0.0000 0.0389
vt 0.8024 0.0977 0.2030
vt 0.7928 0.0000 0.2071
vt 0.4475 0.0977 0.0486
vt 0.4428 0.0000 0.0549
vt 0.0051 0.0000 0.0220
vt 0.0024 0.2109 0.0105
vt 0.4551 0.4734 0.0382
vt 0.0006 0.5664 0.0027
vt 0.4579 0.9866 0.0345
vt 0.3428 0.9866 0.9005
vt 0.3472 0.4734 0.8972
vt 0.7704 0.5664 0.9973
vt 0.7722 0.2109 0.9895
vt 0.3592 0.0977 0.8884
vt 0.7748 0.0000 0.9780
vt 0.3666 0.0000 0.8829
vt 0.0677 0.4734 0.6921
vt 0.4355 0.4734 0.0072
vt 0.8181 0.4734 0.1962
vt 0.0610 0.9866 0.6937
vt 0.4350 0.9866 0.0000
vt 0.8239 0.9866 0.1937
vt 0.7705 1.0000 0.9970
vt 0.3460 1.0000 0.8981
vt 0.6925 1.0000 0.0659
vt 0.6937 0.0000 0.0610
vt 0.4353 1.0000 0.0053
vt 0.8197 1.0000 0.1955
vt 0.8239 0.0000 0.1937
vt 0.4558 1.0000 0.0372
vt 0.0007 1.0000 0.0030
vt 0.7841 0.0000 0.0623
vt 0.7766 0.4675 0.0296
vt 0.4103 0.0000 0.1494
vt 0.2987 0.4675 0.1604
vt 0.6674 0.4675 0.0993
vt 0.6695 0.0000 0.1637
vt 0.4388 0.4675 0.0523
vt 0.4431 0.0000 0.1103
vt 0.4350 1.0000 0.0000
vt 0.2246 0.4675 0.2012
vt 0.8239 1.0000 0.8063
vt 0.7698 1.0000 0.0000
vt 0.3428 1.0000 0.0995
vt 0.6937 1.0000 0.0610
vt 0.5280 0.4675 0.9131
vt 0.2319 0.0000 0.2645
vt 0.8340 1.2124 0.8107
vt 0.4579 1.0000 0.9655
vt 0.0068 0.4675 0.9704
vt 0.0144 0.0000 0.9377
vt 0.4151 0.0000 0.9075
vt 0.1937 0.9005 0.0000
vt 0.9005 0.8063 0.0000
vt 0.6937 0.9655 0.0000
vt 0.0345 0.6937 0.0000
vt 1.0000 0.5650 0.0000
vt 0.0000 0.4350 0.0000
vt 0.9655 0.3063 0.0000
vt 0.0995 0.1937 0.0000
vt 0.8063 0.0995 0.0000
vt 0.3063 0.0345 0.0000
vt 0.5650 0.0000 0.0000
vt 0.7698 0.0000 0.0000
vt 0.8202 0.2188 0.7500
vt 0.5345 0.2970 0.7500
vt 0.3428 0.0000 0.0995
vt 0.4153 0.3999 0.7500
vt 0.3872 0.5366 0.7500
vt 0.3354 0.7500 0.4762
vt 0.4579 0.0000 0.9655
vt 0.7705 1.0000 0.0030
vt 0.3460 1.0000 0.1019
vt 0.6925 1.0000 0.9341
vt 0.4353 1.0000 0.9947
vt 0.8197 1.0000 0.8045
vt 0.8239 0.0000 0.8063
vt 0.4558 1.0000 0.9628
vt 0.0007 1.0000 0.9970
vt 0.4579 0.9866 0.9655
vt 0.0006 0.5664 0.9973
vt 0.4551 0.4734 0.9618
vt 0.0024 0.2109 0.9895
vt 0.4475 0.0977 0.9514
vt 0.0051 0.0000 0.9780
vt 0.4428 0.0000 0.9451
vt 0.8024 0.0977 0.7970
vt 0.2071 0.0000 0.7928
vt 0.4378 0.0000 0.9611
vt 0.4369 0.0977 0.9732
vt 0.0972 0.0000 0.3148
vt 0.6878 0.0977 0.9140
vt 0.3592 0.0977 0.1116
vt 0.3666 0.0000 0.1171
vt 0.7748 0.0000 0.0220
vt 0.7722 0.2109 0.0105
vt 0.3472 0.4734 0.1028
vt 0.6921 0.4734 0.9323
vt 0.4355 0.4734 0.9928
vt 0.8181 0.4734 0.8038
vt 0.7704 0.5664 0.0027
vt 0.3428 0.9866 0.0995
vt 0.6937 0.9866 0.9390
vt 0.4350 0.9866 1.0000
vt 0.8239 0.9866 0.8063
vt 0.4424 1.0000 0.9446
vt 0.0052 1.0000 0.9775
vt 0.0025 0.7926 0.9890
vt 0.4474 0.8960 0.9513
vt 0.4551 0.5114 0.9617
vt 0.0007 0.4375 0.9970
vt 0.8181 0.5114 0.8038
vt 0.4355 0.5114 0.9928
vt 0.0610 0.0000 0.3063
vt 0.6921 0.5114 0.9323
vt 0.3472 0.5114 0.1028
vt 0.7705 0.4375 0.0030
vt 0.7723 0.7926 0.0110
vt 0.3593 0.8960 0.1117
vt 0.6878 0.8960 0.9139
vt 0.4369 0.8960 0.9730
vt 0.8023 0.8960 0.7970
vt 0.7750 1.0000 0.0225
vt 0.3672 1.0000 0.1175
vt 0.6849 1.0000 0.9019
vt 0.4379 1.0000 0.9601
vt 0.7920 1.0000 0.7925
vt 0.8405 1.0000 0.8808
vt 0.8405 0.0000 0.8808
vt 0.3405 0.0000 0.9853
vt 0.3405 1.0000 0.9853
vt 0.6045 0.0000 1.0000
vt 0.6045 1.0000 1.0000
vt 0.1192 0.0000 0.1595
vt 0.1192 1.0000 0.1595
vt 0.3405 0.0000 0.0147
vt 0.3405 1.0000 0.0147
vt 0.6045 0.0000 0.0000
vt 0.6045 1.0000 0.0000
vt 0.1192 0.0000 0.8405
vt 0.1192 1.0000 0.8405
vt 0.3955 1.0000 0.0000
vt 0.0000 0.3955 0.0000
vt 0.1192 0.1595 0.0000
vt 0.6595 0.9853 0.0000
vt 0.3405 0.0147 0.0000
vt 0.8808 0.8405 0.0000
vt 1.0000 0.6045 0.0000
vt 0.8405 0.1192 0.0000
vt 0.9853 0.3405 0.0000
vt 0.1595 0.8808 0.0000
vt 0.0147 0.6595 0.0000
vt 0.1192 0.8405 0.0000
vt 0.1595 0.1192 0.0000
vt 0.3955 0.0000 0.0000
vt 0.3405 0.9853 0.0000
vt 0.6595 0.0147 0.0000
vt 0.8808 0.1595 0.0000
vt 0.8405 0.8808 0.0000
vt 1.0000 0.3955 0.0000
vt 0.9853 0.6595 0.0000
vt 0.0000 0.6045 0.0000
vt 0.0147 0.3405 0.0000
vt 1.0000 0.0000 0.9907
vt 0.1009 0.7739 0.7500
vt 0.3817 0.7693 0.7500
vt 0.5915 0.0000 1.0000
vt 0.5444 0.7015 0.7500
vt 0.8741 0.0000 0.7693
vt 0.6554 0.5804 0.7500
vt 0.6467 0.0000 0.9858
vt 0.4393 0.7500 0.6665
vt 0.3787 0.0000 1.0000
vt 0.2307 0.4954 1.0000
vt 0.6396 0.7832 0.7500
vt 0.4107 0.6765 0.7500
vt 0.7693 0.5046 1.0000
vt 0.9202 0.7788 0.8498
vt 0.4613 0.0000 0.0000
vt 0.1420 0.0000 0.8080
vt 0.5893 0.3235 0.7500
vt 0.3604 0.2168 0.7500
vt 0.3787 1.0000 1.0000
vt 0.4016 0.4675 0.9597
vt 0.6377 0.4675 0.9412
vt 0.6467 1.0000 0.9858
vt 0.6278 0.0000 0.8917
vt 0.8403 0.4675 0.7555
vt 0.2978 0.0000 0.8268
vt 0.2079 0.4675 0.8306
vt 0.3933 0.0000 0.9041
vt 0.5734 1.2123 0.8147
vt 0.8080 1.0000 0.1420
vt 0.4477 0.4675 0.0293
vt 0.4613 1.0000 0.0000
vt 0.4326 0.0000 0.0618
vt 0.1861 0.0000 0.7360
vt 0.6137 0.0000 0.9371
vt 0.5166 0.4675 0.9536
vt 0.9864 0.4675 0.9614
vt 0.9712 0.0000 0.9289
vt 1.0000 1.0000 0.9907
vt 0.5915 1.0000 1.0000
vt 0.6467 1.2123 0.9978
vt 0.8741 1.0000 0.7693
vt 0.1420 0.0000 0.1920
vt 0.1449 0.5114 0.1967
vt 0.4600 0.4375 0.0029
vt 0.4563 0.7925 0.0109
vt 0.1528 0.8959 0.2096
vt 0.1579 1.0000 0.2180
vt 0.4509 1.0000 0.0223
vt 0.3823 0.8959 0.0235
vt 0.3840 1.0000 0.0347
vt 0.6420 0.8959 0.0372
vt 0.6398 1.0000 0.0482
vt 0.2471 0.8959 0.8625
vt 0.2549 1.0000 0.8570
vt 0.5969 0.8959 0.9846
vt 0.5995 1.0000 0.9773
vt 0.9949 0.7925 0.9799
vt 0.9896 1.0000 0.9684
vt 0.5930 0.5114 0.9959
vt 0.9986 0.4375 0.9878
vt 0.3787 0.0000 0.0000
vt 0.3797 0.5114 0.0063
vt 0.6467 0.0000 0.0142
vt 0.6454 0.5114 0.0203
vt 0.2307 0.0000 0.8741
vt 0.2351 0.5114 0.8710
vt 0.2543 0.0000 0.8574
vt 0.2470 0.0978 0.8626
vt 0.6421 0.0978 0.0371
vt 0.6400 0.0000 0.0473
vt 0.3822 0.0978 0.0233
vt 0.3838 0.0000 0.0338
vt 0.1527 0.0978 0.2095
vt 0.7826 0.0000 0.1575
vt 0.4512 0.0000 0.0218
vt 0.4565 0.2111 0.0104
vt 0.1449 0.4735 0.1967
vt 0.4601 0.5664 0.0026
vt 0.1420 0.9866 0.1920
vt 0.5915 0.9866 1.0000
vt 0.5929 0.4735 0.9959
vt 0.9988 0.5664 0.9881
vt 0.9952 0.2111 0.9804
vt 0.5969 0.0978 0.9847
vt 0.9899 0.0000 0.9690
vt 0.5993 0.0000 0.9778
vt 0.2350 0.4735 0.8710
vt 0.6454 0.4735 0.0203
vt 0.3797 0.4735 0.0063
vt 0.2307 0.9866 0.8741
vt 0.6467 0.9866 0.0142
vt 0.3787 0.9866 0.0000
vt 0.9986 1.0000 0.9878
vt 0.5926 1.0000 0.9970
vt 0.8718 1.0000 0.2339
vt 0.8741 0.0000 0.2307
vt 0.6458 1.0000 0.0187
vt 0.3794 1.0000 0.0046
vt 0.8046 1.0000 0.1441
vt 0.8080 0.0000 0.1420
vt 0.4599 1.0000 0.0030
vt 0.9712 0.0000 0.0711
vt 0.9864 0.4675 0.0386
vt 0.6137 0.0000 0.0629
vt 0.5166 0.4675 0.0464
vt 0.8403 0.4675 0.2445
vt 0.8268 0.0000 0.2978
vt 0.6377 0.4675 0.0588
vt 0.6278 0.0000 0.1083
vt 0.6467 1.0000 0.0142
vt 0.4016 0.4675 0.0403
vt 0.3787 1.0000 0.0000
vt 1.0000 1.0000 0.0093
vt 0.5915 1.0000 0.0000
vt 0.8741 1.0000 0.2307
vt 0.2079 0.4675 0.1694
vt 0.3933 0.0000 0.0959
vt 0.5734 1.2123 0.1853
vt 0.8080 1.0000 0.8580
vt 0.4477 0.4675 0.9707
vt 0.4613 1.0000 1.0000
vt 0.4326 0.0000 0.9382
vt 0.1861 0.0000 0.2640
vt 0.6499 0.9908 0.0000
vt 0.3844 1.0000 0.0000
vt 1.0000 0.6156 0.0000
vt 0.8752 0.8501 0.0000
vt 0.1499 0.8752 0.0000
vt 0.9908 0.3501 0.0000
vt 0.0092 0.6499 0.0000
vt 0.8501 0.1248 0.0000
vt 0.0000 0.3844 0.0000
vt 0.6156 0.0000 0.0000
vt 0.1248 0.1499 0.0000
vt 0.3501 0.0092 0.0000
vt 1.0000 0.0000 0.0093
vt 0.8991 0.2261 0.7500
vt 0.6183 0.2307 0.7500
vt 0.5915 0.0000 0.0000
vt 0.4556 0.2985 0.7500
vt 0.3446 0.4196 0.7500
vt 0.4393 0.7500 0.3335
vt 0.4613 0.0000 1.0000
vt 0.9986 1.0000 0.0122
vt 0.5926 1.0000 0.0030
vt 0.8718 1.0000 0.7661
vt 0.6458 1.0000 0.9813
vt 0.3794 1.0000 0.9954
vt 0.8046 1.0000 0.8559
vt 0.8080 0.0000 0.8580
vt 0.4599 1.0000 0.9970
vt 0.1420 0.9866 0.8080
vt 0.4601 0.5664 0.9974
vt 0.1449 0.4735 0.8033
vt 0.4565 0.2111 0.9896
vt 0.1527 0.0978 0.7905
vt 0.4512 0.0000 0.9782
vt 0.1575 0.0000 0.7826
vt 0.3822 0.0978 0.9767
vt 0.3838 0.0000 0.9662
vt 0.6400 0.0000 0.9527
vt 0.6421 0.0978 0.9629
vt 0.2543 0.0000 0.1426
vt 0.8626 0.0978 0.7530
vt 0.5969 0.0978 0.0153
vt 0.5993 0.0000 0.0222
vt 0.9899 0.0000 0.0310
vt 0.9952 0.2111 0.0197
vt 0.5929 0.4735 0.0041
vt 0.8710 0.4735 0.7650
vt 0.6454 0.4735 0.9797
vt 0.3797 0.4735 0.9937
vt 0.9988 0.5664 0.0119
vt 0.5915 0.9866 0.0000
vt 0.8741 0.9866 0.7693
vt 0.6467 0.9866 0.9858
vt 0.3787 0.9866 1.0000
vt 0.1579 1.0000 0.7820
vt 0.4509 1.0000 0.9777
vt 0.4563 0.7926 0.9891
vt 0.1528 0.8960 0.7904
vt 0.1449 0.5114 0.8033
vt 0.4600 0.4375 0.9971
vt 0.3797 0.5114 0.9937
vt 0.6454 0.5114 0.9797
vt 0.2307 0.0000 0.1259
vt 0.8710 0.5114 0.7649
vt 0.5930 0.5114 0.0041
vt 0.9986 0.4375 0.0122
vt 0.9949 0.7926 0.0201
vt 0.5969 0.8960 0.0154
vt 0.8625 0.8960 0.7529
vt 0.6420 0.8960 0.9628
vt 0.3823 0.8960 0.9765
vt 0.9896 1.0000 0.0316
vt 0.5995 1.0000 0.0227
vt 0.8570 1.0000 0.7451
vt 0.6398 1.0000 0.9518
vt 0.3840 1.0000 0.9653
vt 1.0000 0.0000 0.9015
vt 0.7043 0.8396 0.7501
vt 0.7608 0.6230 0.7501
vt 0.6909 0.0000 1.0000
vt 0.7277 0.4725 0.7501
vt 0.3665 0.0000 0.9513
vt 0.6295 0.3411 0.7501
vt 0.7685 0.0000 0.1136
vt 0.4891 0.7501 0.2785
vt 0.5006 0.0000 0.0000
vt 0.4508 0.6335 1.0000
vt 0.5466 0.9739 0.8498
vt 0.0000 0.0000 0.2670
vt 0.2193 0.0000 0.0562
vt 0.3552 0.2932 0.7501
vt 0.1973 0.4274 0.7501
vt 0.5006 1.0000 0.0000
vt 0.5150 0.4675 0.0396
vt 0.7497 0.4675 0.1443
vt 0.1136 1.0000 0.7685
vt 0.7289 0.0000 0.1784
vt 0.3642 0.4675 0.9141
vt 0.3998 0.0000 0.8889
vt 0.2909 0.4675 0.0641
vt 0.4944 0.0000 0.0790
vt 0.5013 1.2123 -0.0090
vt 0.2193 1.0000 0.0562
vt 0.0267 0.4675 0.2887
vt 0.0000 1.0000 0.2670
vt 0.0562 0.0000 0.3127
vt 0.2481 0.0000 0.1281
vt 0.6838 0.0000 0.9315
vt 0.6159 0.4675 0.9694
vt 0.9783 0.4675 0.8749
vt 0.9543 0.0000 0.8453
vt 1.0000 1.0000 0.9015
vt 0.6909 1.0000 1.0000
vt 0.6918 1.2123 1.0078
vt 0.3665 1.0000 0.9513
vt 0.2212 0.5114 0.0609
vt 0.0027 0.4375 0.2692
vt 0.0099 0.7926 0.2750
vt 0.2263 0.8960 0.0738
vt 0.2297 1.0000 0.0822
vt 0.0203 1.0000 0.2835
vt 0.4990 0.8960 0.0193
vt 0.4983 1.0000 0.0285
vt 0.1295 0.8960 0.2412
vt 0.1370 1.0000 0.2458
vt 0.3746 0.8960 0.0640
vt 0.3785 1.0000 0.0712
vt 0.6892 0.8960 0.0168
vt 0.6884 1.0000 0.0247
vt 0.9920 0.7926 0.1084
vt 0.9835 1.0000 0.1188
vt 0.6905 0.5114 0.0045
vt 0.9978 0.4375 0.1011
vt 0.6909 0.0000 0.0000
vt 1.0000 0.0000 0.0985
vt 0.5002 0.5114 0.0052
vt 0.1136 0.0000 0.2315
vt 0.1178 0.5114 0.2341
vt 0.3665 0.0000 0.0487
vt 0.3687 0.5114 0.0528
vt 0.3782 0.0000 0.0707
vt 0.3746 0.0977 0.0639
vt 0.7589 0.0977 0.1294
vt 0.7545 0.0000 0.1364
vt 0.4990 0.0977 0.0192
vt 0.4984 0.0000 0.0278
vt 0.2263 0.0977 0.0737
vt 0.2294 0.0000 0.0815
vt 0.0198 0.0000 0.2831
vt 0.0094 0.2109 0.2747
vt 0.2211 0.4734 0.0608
vt 0.0024 0.5664 0.2690
vt 0.2193 0.9866 0.0562
vt 1.0000 1.0000 0.0985
vt 0.6909 0.9866 0.0000
vt 0.6905 0.4734 0.0045
vt 0.9981 0.5664 0.1009
vt 0.9923 0.2109 0.1079
vt 0.6892 0.0977 0.0167
vt 0.9839 0.0000 0.1183
vt 0.6884 0.0000 0.0241
vt 0.3687 0.4734 0.0528
vt 0.7659 0.4734 0.1178
vt 0.5002 0.4734 0.0051
vt 0.3665 0.9866 0.0487
vt 0.7685 0.9866 0.1136
vt 0.5006 0.9866 0.0000
vt 0.9978 1.0000 0.1012
vt 0.6906 1.0000 0.0033
vt 0.3681 1.0000 0.0517
vt 0.7666 1.0000 0.1167
vt 0.5003 1.0000 0.0038
vt 0.2206 1.0000 0.0596
vt 0.0027 1.0000 0.2692
vt 0.9543 0.0000 0.1547
vt 0.9783 0.4675 0.1251
vt 0.6838 0.0000 0.0685
vt 0.6159 0.4675 0.0306
vt 0.3642 0.4675 0.0859
vt 0.3998 0.0000 0.1111
vt 0.1443 0.4675 0.2503
vt 0.7289 0.0000 0.8216
vt 0.1136 1.0000 0.2315
vt 0.5150 0.4675 0.9604
vt 0.5006 1.0000 1.0000
vt 0.6909 1.0000 0.0000
vt 0.3665 1.0000 0.0487
vt 0.2909 0.4675 0.9359
vt 0.4944 0.0000 0.9210
vt 0.5013 1.2123 1.0090
vt 0.2193 1.0000 0.9438
vt 0.0267 0.4675 0.7113
vt 0.0000 1.0000 0.7330
vt 0.0562 0.0000 0.6873
vt 0.2481 0.0000 0.8719
vt 0.0897 0.7893 0.0000
vt 0.0000 0.5453 0.0000
vt 0.5453 1.0000 0.0000
vt 0.2893 0.9557 0.0000
vt 0.0443 0.2893 0.0000
vt 0.7893 0.9103 0.0000
vt 0.2107 0.0897 0.0000
vt 0.9557 0.7107 0.0000
vt 0.4547 0.0000 0.0000
vt 1.0000 0.4547 0.0000
vt 0.7107 0.0443 0.0000
vt 0.9103 0.2107 0.0000
vt 0.2957 0.1604 0.7501
vt 0.2392 0.3770 0.7501
vt 0.2723 0.5275 0.7501
vt 0.3705 0.6589 0.7501
vt 0.7685 0.0000 0.8864
vt 0.4891 0.7501 0.7215
vt 0.5006 0.0000 1.0000
vt 0.5492 0.3665 1.0000
vt 0.0000 0.0000 0.7330
vt 0.2193 0.0000 0.9438
vt 0.6448 0.7068 0.7501
vt 0.8027 0.5726 0.7501
vt 0.9978 1.0000 0.8988
vt 0.6906 1.0000 0.9967
vt 0.3681 1.0000 0.9483
vt 0.7666 1.0000 0.8833
vt 0.5003 1.0000 0.9962
vt 0.2206 1.0000 0.9404
vt 0.0027 1.0000 0.7308
vt 0.2193 0.9866 0.9438
vt 0.0024 0.5664 0.7310
vt 0.2211 0.4735 0.9392
vt 0.0094 0.2111 0.7253
vt 0.2263 0.0978 0.9263
vt 0.0198 0.0000 0.7169
vt 0.2294 0.0000 0.9185
vt 0.4990 0.0978 0.9808
vt 0.4984 0.0000 0.9722
vt 0.1364 0.0000 0.7545
vt 0.7589 0.0978 0.8706
vt 0.3782 0.0000 0.9293
vt 0.3746 0.0978 0.9361
vt 0.6892 0.0978 0.9833
vt 0.6884 0.0000 0.9759
vt 0.9839 0.0000 0.8817
vt 0.9923 0.2111 0.8921
vt 0.6905 0.4735 0.9955
vt 0.3687 0.4735 0.9472
vt 0.7659 0.4735 0.8822
vt 0.5002 0.4735 0.9949
vt 0.9981 0.5664 0.8991
vt 0.6909 0.9866 1.0000
vt 0.3665 0.9866 0.9513
vt 0.7685 0.9866 0.8864
vt 0.5006 0.9866 1.0000
vt 0.2297 1.0000 0.9178
vt 0.0203 1.0000 0.7165
vt 0.0099 0.7926 0.7250
vt 0.2263 0.8960 0.9262
vt 0.2212 0.5114 0.9391
vt 0.0027 0.4375 0.7308
vt 0.5002 0.5114 0.9948
vt 0.1136 0.0000 0.7685
vt 0.7659 0.5114 0.8822
vt 0.3687 0.5114 0.9472
vt 0.6905 0.5114 0.9955
vt 0.9978 0.4375 0.8989
vt 0.9920 0.7926 0.8916
vt 0.6892 0.8960 0.9832
vt 0.3746 0.8960 0.9361
vt 0.7588 0.8960 0.8706
vt 0.4990 0.8960 0.9807
vt 0.9835 1.0000 0.8812
vt 0.6884 1.0000 0.9753
vt 0.3785 1.0000 0.9288
vt 0.7542 1.0000 0.8630
vt 0.4983 1.0000 0.9715
vt 0.9330 1.0000 0.2500
vt 0.9330 0.0000 0.2500
vt 0.0670 0.0000 0.7500
vt 0.0670 1.0000 0.7500
vt 0.2500 0.0000 0.9330
vt 0.2500 1.0000 0.9330
vt 0.7500 0.0000 0.9330
vt 0.7500 1.0000 0.9330
vt 0.2500 0.0000 0.0670
vt 0.2500 1.0000 0.0670
vt 0.0670 0.0000 0.2500
vt 0.0670 1.0000 0.2500
vt 0.7500 0.0000 0.0670
vt 0.7500 1.0000 0.0670
vt 0.8116 0.5000 0.0084
vt 0.3792 0.5000 0.1000
vt 0.0877 0.5000 0.2989
vt 0.4484 0.5000 0.9848
vt 0.2095 0.5000 0.8189
vt 0.4590 0.5000 0.9516
vt 0.0016 0.5000 0.9916
vt 0.0059 0.1340 0.9687
vt 0.4421 0.1340 0.9306
vt 0.2230 0.1340 0.7852
vt 0.4508 0.1340 0.9434
vt 0.1257 0.1340 0.3082
vt 0.4036 0.1340 0.1187
vt 0.8159 0.1340 0.0313
vt 0.4371 0.0000 0.1441
vt 0.8218 0.0000 0.0625
vt 0.0119 0.0000 0.9375
vt 0.4189 0.0000 0.9018
vt 0.2415 0.0000 0.7392
vt 0.4541 0.0000 0.8869
vt 0.1776 0.0000 0.3210
vt 0.2045 0.0000 0.1688
vt 0.2045 1.0000 0.1688
vt 0.0737 0.0000 0.7045
vt 0.0737 1.0000 0.7045
vt 0.0016 0.5000 0.0084
vt 0.4590 0.5000 0.0484
vt 0.2095 0.5000 0.1811
vt 0.4484 0.5000 0.0152
vt 0.0877 0.5000 0.7011
vt 0.3792 0.5000 0.8999
vt 0.8116 0.5000 0.9916
vt 0.4036 0.1340 0.8813
vt 0.8159 0.1340 0.9687
vt 0.4371 0.0000 0.8559
vt 0.8218 0.0000 0.9375
vt 0.0059 0.1340 0.0313
vt 0.4421 0.1340 0.0694
vt 0.2230 0.1340 0.2148
vt 0.4508 0.1340 0.0566
vt 0.1257 0.1340 0.6918
vt 0.0119 0.0000 0.0625
vt 0.4189 0.0000 0.0981
vt 0.2415 0.0000 0.2608
vt 0.4541 0.0000 0.1131
vt 0.1776 0.0000 0.6790
vt 0.8118 0.4990 0.0096
vt 0.3801 0.5066 0.1008
vt 0.0891 0.5066 0.2992
vt 0.4485 0.5066 0.9832
vt 0.2100 0.5066 0.8176
vt 0.4584 0.5066 0.9508
vt 0.0018 0.4990 0.9904
vt 0.0066 0.1335 0.9652
vt 0.4396 0.1358 0.9275
vt 0.2250 0.1358 0.7804
vt 0.4511 0.1358 0.9375
vt 0.1312 0.1358 0.3096
vt 0.4072 0.1358 0.1213
vt 0.8166 0.1335 0.0348
vt 0.4441 0.0000 0.1495
vt 0.8231 0.0000 0.0691
vt 0.0131 0.0000 0.9309
vt 0.4140 0.0000 0.8958
vt 0.2454 0.0000 0.7295
vt 0.4548 0.0000 0.8749
vt 0.1886 0.0000 0.3237
vt 0.8116 1.0000 0.0087
vt 0.3795 1.0000 0.1003
vt 0.8107 0.7429 0.0041
vt 0.3727 0.5760 0.0951
vt 0.8102 0.3955 0.0010
vt 0.7010 1.0000 0.9118
vt 0.0776 0.5760 0.2964
vt 0.4484 1.0000 0.9843
vt 0.4477 0.5760 0.9958
vt 0.8185 1.0000 0.7903
vt 0.2059 0.5760 0.8278
vt 0.4588 1.0000 0.9513
vt 0.4635 0.5760 0.9571
vt 0.0008 0.7429 0.9959
vt 0.0016 1.0000 0.9913
vt 0.0002 0.3955 0.9990
vt 0.2045 0.0000 0.8312
vt 0.0737 0.0000 0.2955
vt 0.0002 0.0000 0.0010
vt 0.4645 0.0000 0.0417
vt 0.2051 0.0000 0.1702
vt 0.4476 0.0000 0.0018
vt 0.0754 0.0000 0.7041
vt 0.3713 0.0000 0.9059
vt 0.8102 0.0000 0.9990
vt 0.0016 1.0000 0.0087
vt 0.0008 0.7429 0.0041
vt 0.4588 1.0000 0.0487
vt 0.4635 0.5760 0.0429
vt 0.2059 0.5760 0.1722
vt 0.2097 1.0000 0.1815
vt 0.4477 0.5760 0.0042
vt 0.4484 1.0000 0.0157
vt 0.0776 0.5760 0.7036
vt 0.0882 1.0000 0.7010
vt 0.3727 0.5760 0.9049
vt 0.3795 1.0000 0.8997
vt 0.8107 0.7429 0.9959
vt 0.8102 0.3955 0.9990
vt 0.0002 0.3955 0.0010
vt 0.8116 1.0000 0.9913
vt 0.0018 0.4990 0.0096
vt 0.4584 0.5066 0.0492
vt 0.0066 0.1335 0.0348
vt 0.4396 0.1358 0.0725
vt 0.0131 0.0000 0.0691
vt 0.4140 0.0000 0.1042
vt 0.2454 0.0000 0.2705
vt 0.7804 0.1358 0.2250
vt 0.4548 0.0000 0.1251
vt 0.4511 0.1358 0.0625
vt 0.1886 0.0000 0.6763
vt 0.6904 0.1358 0.1312
vt 0.4441 0.0000 0.8505
vt 0.4072 0.1358 0.8787
vt 0.8231 0.0000 0.9309
vt 0.8166 0.1335 0.9652
vt 0.8118 0.4990 0.9904
vt 0.3801 0.5066 0.8992
vt 0.7008 0.5066 0.0891
vt 0.4485 0.5066 0.0168
vt 0.8176 0.5066 0.2100
vt 0.8102 0.0000 0.0010
vt 0.3713 0.0000 0.0941
vt 0.7041 0.0000 0.9246
vt 0.4476 0.0000 0.9982
vt 0.8298 0.0000 0.7949
vt 0.4645 0.0000 0.9583
vt 0.0002 0.0000 0.9990
vt 0.8277 0.3628 0.0932
vt 0.6560 0.5115 0.1637
vt 1.0210 0.5727 0.1396
vt 0.8491 0.7088 0.2060
vt 0.8716 1.0000 0.3245
vt 0.7173 1.0000 0.3572
vt 0.4577 0.5115 0.2337
vt 0.5718 1.0000 0.3868
vt 0.2956 0.5115 0.3634
vt 0.4816 1.0000 0.4127
vt 0.4621 0.5115 0.7490
vt 0.3963 1.0000 0.3534
vt 0.2965 0.5115 0.6398
vt 0.4325 0.5115 0.8118
vt 0.2122 0.5115 0.8575
vt 0.0177 0.3628 0.9068
vt 0.0617 1.0000 0.6755
vt 0.0392 0.7088 0.7940
vt 0.2250 1.0000 0.6612
vt 0.8491 0.7088 0.7940
vt 0.8716 1.0000 0.6755
vt 0.7173 1.0000 0.6428
vt 0.6560 0.5115 0.8363
vt 0.4577 0.5115 0.7663
vt 0.5718 1.0000 0.6132
vt 0.2956 0.5115 0.6366
vt 0.4816 1.0000 0.5873
vt 0.4621 0.5115 0.2510
vt 0.3963 1.0000 0.6466
vt 0.2965 0.5115 0.3602
vt 0.4325 0.5115 0.1882
vt 0.2122 0.5115 0.1425
vt 0.0177 0.3628 0.0932
vt 0.0392 0.7088 0.2060
vt 0.2250 1.0000 0.3388
vt 0.0617 1.0000 0.3245
vt 0.8277 0.3628 0.9068
vt 0.6117 1.0000 1.0000
vt 0.6117 0.0000 1.0000
vt 0.1228 0.0000 0.1533
vt 0.1228 1.0000 0.1533
vt 0.3467 0.0000 0.0111
vt 0.3467 1.0000 0.0111
vt 0.1228 0.0000 0.8467
vt 0.1228 1.0000 0.8467
vt 0.3467 0.0000 0.9889
vt 0.3467 1.0000 0.9889
vt 0.2302 0.0000 1.0000
vt 0.6572 0.0000 0.9005
vt 0.5345 0.7030 0.7500
vt 0.8202 0.7812 0.7500
vt 0.4153 0.6001 0.7500
vt 0.3063 0.0000 0.0610
vt 0.3872 0.4634 0.7500
vt 0.4762 0.3354 0.7500
vt 0.1761 0.0000 0.1937
vt 0.5421 0.0000 0.0345
vt 0.6381 0.2531 0.7500
vt 0.9496 0.2188 0.7500
vt 0.1798 0.2188 0.7500
vt 0.4655 0.2970 0.7500
vt -0.1315 0.2529 0.8498
vt 0.5421 1.0000 0.0345
vt 0.9932 0.4675 0.0296
vt 0.4720 0.4675 0.0869
vt 0.5849 0.0000 0.0925
vt 0.7754 0.4675 0.2012
vt 0.7681 0.0000 0.2645
vt 0.5612 0.4675 0.0523
vt 0.5569 0.0000 0.1103
vt 0.5650 1.0000 0.0000
vt 0.3326 0.4675 0.0993
vt 0.9390 1.0000 0.6937
vt 0.5938 1.2122 0.0263
vt 0.8063 1.0000 0.1761
vt 0.7013 0.4675 0.8396
vt 0.3305 0.0000 0.1637
vt 0.9507 1.2123 0.6964
vt 0.6572 1.0000 0.9005
vt 0.2234 0.4675 0.9704
vt 0.2302 1.0000 1.0000
vt 0.2159 0.0000 0.9377
vt 0.5896 0.0000 0.8506
vt 0.9856 0.0000 0.0623
vt 0.2302 0.0000 0.0000
vt 0.6572 0.0000 0.0995
vt 0.6528 0.5114 0.1028
vt 0.2295 0.4375 0.0030
vt 0.2277 0.7926 0.0110
vt 0.6407 0.8960 0.1117
vt 0.6328 1.0000 0.1175
vt 0.2250 1.0000 0.0225
vt 0.3122 0.8960 0.0861
vt 0.3150 1.0000 0.0981
vt 0.5631 0.8960 0.0270
vt 0.5621 1.0000 0.0399
vt 0.1977 0.8960 0.7970
vt 0.2080 1.0000 0.7925
vt 0.5526 0.8960 0.9513
vt 0.5576 1.0000 0.9446
vt 0.9975 0.7926 0.9890
vt 0.9948 1.0000 0.9775
vt 0.5449 0.5114 0.9617
vt 0.9993 0.4375 0.9970
vt 0.5421 0.0000 0.9655
vt 0.3079 0.5114 0.0677
vt 0.5645 0.5114 0.0072
vt 0.1761 0.0000 0.8063
vt 0.1819 0.5114 0.8038
vt 0.2278 0.2109 0.0105
vt 0.2252 0.0000 0.0220
vt 0.6408 0.0977 0.1116
vt 0.6334 0.0000 0.1171
vt 0.9140 0.0977 0.3122
vt 0.3148 0.0000 0.0972
vt 0.5622 0.0000 0.0389
vt 0.5631 0.0977 0.0268
vt 0.2072 0.0000 0.7929
vt 0.7970 0.0977 0.1976
vt 0.5572 0.0000 0.9451
vt 0.5525 0.0977 0.9514
vt 0.9949 0.0000 0.9780
vt 0.9976 0.2109 0.9895
vt 0.5449 0.4734 0.9618
vt 0.1819 0.4734 0.8038
vt 0.5645 0.4734 0.0072
vt 0.3079 0.4734 0.0677
vt 0.6528 0.4734 0.1028
vt 0.2296 0.5664 0.0027
vt 0.6572 0.9866 0.0995
vt 0.2302 1.0000 0.0000
vt 0.5421 0.9866 0.9655
vt 0.9994 0.5664 0.9973
vt 0.3063 0.9866 0.0610
vt 0.5650 0.9866 0.0000
vt 0.1761 0.9866 0.8063
vt 0.9993 1.0000 0.9970
vt 0.5442 1.0000 0.9628
vt 0.8045 1.0000 0.1803
vt 0.8063 0.0000 0.1761
vt 0.5647 1.0000 0.0053
vt 0.9341 1.0000 0.3075
vt 0.9390 0.0000 0.3063
vt 0.6540 1.0000 0.1019
vt 0.2295 1.0000 0.0030
vt 0.2234 0.4675 0.0296
vt 0.6572 1.0000 0.0995
vt 0.7013 0.4675 0.1604
vt 0.3063 1.0000 0.9390
vt 0.3305 0.0000 0.8363
vt 0.3326 0.4675 0.9007
vt 0.5612 0.4675 0.9477
vt 0.5650 1.0000 1.0000
vt 0.5569 0.0000 0.8897
vt 0.7754 0.4675 0.7988
vt 0.2645 0.0000 0.7681
vt 0.2159 0.0000 0.0623
vt 0.5897 0.0000 0.1494
vt 0.5849 0.0000 0.9075
vt 0.4720 0.4675 0.9131
vt 0.9932 0.4675 0.9704
vt 0.9856 0.0000 0.9377
vt 0.5421 1.0000 0.9655
vt 0.5938 1.2123 0.9737
vt 0.8063 1.0000 0.8239
vt 0.6937 0.0345 0.0000
vt 0.0345 0.3063 0.0000
vt 0.1937 0.0995 0.0000
vt 0.9005 0.1937 0.0000
vt 0.0000 0.5650 0.0000
vt 1.0000 0.4350 0.0000
vt 0.0995 0.8063 0.0000
vt 0.9655 0.6937 0.0000
vt 0.3063 0.9655 0.0000
vt 0.8063 0.9005 0.0000
vt 0.3063 0.0000 0.9390
vt 0.5847 0.3999 0.7500
vt 0.6128 0.5366 0.7500
vt 0.5650 0.0000 1.0000
vt 0.5238 0.6646 0.7500
vt 0.3619 0.7469 0.7500
vt 0.0504 0.7812 0.7500
vt 0.2295 1.0000 0.9970
vt 0.6540 1.0000 0.8981
vt 0.3075 1.0000 0.9341
vt 0.5647 1.0000 0.9947
vt 0.1803 1.0000 0.1955
vt 0.5442 1.0000 0.0372
vt 0.9993 1.0000 0.0030
vt 0.5572 0.0000 0.0549
vt 0.9949 0.0000 0.0220
vt 0.5525 0.0977 0.0486
vt 0.9976 0.2109 0.0105
vt 0.5449 0.4734 0.0382
vt 0.9994 0.5664 0.0027
vt 0.5421 0.9866 0.0345
vt 0.2296 0.5664 0.9973
vt 0.6528 0.4734 0.8972
vt 0.6572 0.9866 0.9005
vt 0.3079 0.4734 0.9323
vt 0.3063 0.9866 0.9390
vt 0.5645 0.4734 0.9928
vt 0.5650 0.9866 1.0000
vt 0.1819 0.4734 0.1962
vt 0.1761 0.9866 0.1937
vt 0.2278 0.2109 0.9895
vt 0.6408 0.0977 0.8884
vt 0.3122 0.0977 0.9140
vt 0.5631 0.0977 0.9732
vt 0.1976 0.0977 0.2030
vt 0.2252 0.0000 0.9780
vt 0.6334 0.0000 0.8829
vt 0.3148 0.0000 0.9028
vt 0.5622 0.0000 0.9611
vt 0.2072 0.0000 0.2071
vt 0.9993 0.4375 0.0030
vt 0.5449 0.5114 0.0383
vt 0.8038 0.5114 0.8181
vt 0.8063 0.0000 0.8239
vt 0.5645 0.5114 0.9928
vt 0.9323 0.5114 0.6921
vt 0.9390 0.0000 0.6937
vt 0.6528 0.5114 0.8972
vt 0.2295 0.4375 0.9970
vt 0.2277 0.7926 0.9890
vt 0.6407 0.8960 0.8883
vt 0.6328 1.0000 0.8825
vt 0.2250 1.0000 0.9775
vt 0.9139 0.8960 0.6878
vt 0.3151 1.0000 0.9019
vt 0.5631 0.8960 0.9730
vt 0.5621 1.0000 0.9601
vt 0.7970 0.8960 0.8023
vt 0.2080 1.0000 0.2075
vt 0.5526 0.8960 0.0487
vt 0.5576 1.0000 0.0554
vt 0.9975 0.7926 0.0110
vt 0.9948 1.0000 0.0225
vt 0.9330 1.0000 0.7500
vt 0.9330 0.0000 0.7500
# 1649 texture coords

g Block_Compile_Shelving_System_2___Frame
usemtl wire_255255255
s 1
f 193/241/121 194/242/121 195/243/121 196/244/121 
s 2
f 195/243/122 194/242/122 197/245/122 198/246/122 
s 1
f 198/246/123 197/245/123 199/247/123 200/248/123 
s 2
f 196/248/124 201/249/124 202/250/124 193/247/124 
f 200/249/125 199/250/125 203/251/125 204/252/125 
s 1
f 204/252/126 203/251/126 205/253/126 206/254/126 
s 2
f 206/254/127 205/253/127 207/247/127 208/248/127 
s 4
f 196/248/128 195/255/128 198/256/128 201/247/128 
f 201/247/128 198/256/128 200/257/128 209/250/128 
f 209/250/128 200/257/128 204/258/128 206/259/128 
f 206/259/128 208/249/128 209/250/128 
s 1
f 201/248/129 209/249/129 210/250/129 202/247/129 
s 4
f 207/248/130 205/255/130 203/256/130 210/247/130 
f 210/247/130 203/256/130 199/257/130 202/250/130 
f 202/250/130 199/257/130 197/258/130 194/259/130 
f 194/259/130 193/249/130 202/250/130 
s 8
f 207/260/131 210/247/131 209/248/131 208/261/131 
s 1
f 211/247/132 212/248/132 213/262/132 214/263/132 
s 2
f 214/263/133 213/262/133 215/264/133 216/265/133 
s 1
f 216/265/134 215/264/134 217/266/134 218/267/134 
s 2
f 218/267/135 217/266/135 219/268/135 220/269/135 
s 1
f 220/269/136 219/268/136 221/270/136 222/271/136 
s 2
f 222/271/137 221/270/137 223/272/137 224/273/137 
s 1
f 224/274/138 223/275/138 225/270/138 226/271/138 
s 2
f 226/271/139 225/270/139 227/276/139 228/277/139 
s 1
f 228/277/140 227/276/140 200/278/140 199/279/140 
s 2
f 199/279/141 200/278/141 229/280/141 230/281/141 
s 1
f 230/281/142 229/280/142 231/262/142 232/263/142 
s 2
f 232/263/143 231/262/143 212/249/143 211/250/143 
s 4
f 226/282/130 230/283/130 232/284/130 224/285/130 
f 224/285/130 232/284/130 211/286/130 222/287/130 
f 222/287/130 211/286/130 214/288/130 220/289/130 
f 220/289/130 214/288/130 216/290/130 218/278/130 
f 230/283/130 226/282/130 228/291/130 199/279/130 
f 221/288/128 215/289/128 213/287/128 223/286/128 
f 223/286/128 213/287/128 212/285/128 225/284/128 
f 225/284/128 212/285/128 231/282/128 227/283/128 
f 227/283/128 231/282/128 229/291/128 200/279/128 
f 215/289/128 221/288/128 219/290/128 217/278/128 
s 1
f 233/241/121 234/242/121 235/243/121 236/244/121 
s 2
f 235/243/122 234/242/122 237/245/122 238/246/122 
s 1
f 238/246/123 237/245/123 239/247/123 240/248/123 
s 2
f 236/248/124 241/249/124 242/250/124 233/247/124 
f 240/249/125 239/250/125 243/251/125 244/252/125 
s 1
f 244/252/126 243/251/126 245/253/126 246/254/126 
s 2
f 246/254/127 245/253/127 247/247/127 248/248/127 
s 4
f 236/248/128 235/255/128 238/256/128 241/247/128 
f 241/247/128 238/256/128 240/257/128 249/250/128 
f 249/250/128 240/257/128 244/258/128 246/259/128 
f 246/259/128 248/249/128 249/250/128 
s 1
f 241/248/129 249/249/129 250/250/129 242/247/129 
s 4
f 247/248/130 245/255/130 243/256/130 250/247/130 
f 250/247/130 243/256/130 239/257/130 242/250/130 
f 242/250/130 239/257/130 237/258/130 234/259/130 
f 234/259/130 233/249/130 242/250/130 
s 8
f 247/260/131 250/247/131 249/248/131 248/261/131 
s 1
f 251/247/132 252/248/132 253/262/132 254/263/132 
s 2
f 254/263/133 253/262/133 255/264/133 256/265/133 
s 1
f 256/265/134 255/264/134 257/266/134 258/267/134 
s 2
f 258/267/135 257/266/135 259/268/135 260/269/135 
s 1
f 260/269/136 259/268/136 261/270/136 262/271/136 
s 2
f 262/271/137 261/270/137 263/272/137 264/273/137 
s 1
f 264/274/138 263/275/138 265/270/138 266/271/138 
s 2
f 266/271/139 265/270/139 267/276/139 268/277/139 
s 1
f 268/277/140 267/276/140 240/278/140 239/279/140 
s 2
f 239/279/141 240/278/141 269/280/141 270/281/141 
s 1
f 270/281/142 269/280/142 271/262/142 272/263/142 
s 2
f 272/263/143 271/262/143 252/249/143 251/250/143 
s 4
f 266/282/130 270/283/130 272/284/130 264/285/130 
f 264/285/130 272/284/130 251/286/130 262/287/130 
f 262/287/130 251/286/130 254/288/130 260/289/130 
f 260/289/130 254/288/130 256/290/130 258/278/130 
f 270/283/130 266/282/130 268/291/130 239/279/130 
f 261/288/128 255/289/128 253/287/128 263/286/128 
f 263/286/128 253/287/128 252/285/128 265/284/128 
f 265/284/128 252/285/128 271/282/128 267/283/128 
f 267/283/128 271/282/128 269/291/128 240/279/128 
f 255/289/128 261/288/128 259/290/128 257/278/128 
s 1
f 273/250/144 274/292/144 275/293/144 276/249/144 
s 2
f 275/293/145 274/292/145 277/245/145 278/246/145 
s 1
f 278/246/146 277/245/146 279/247/146 280/248/146 
f 281/250/147 282/247/147 283/248/147 284/249/147 
s 4
f 273/250/130 285/247/130 286/294/130 274/295/130 
f 274/295/130 286/294/130 287/296/130 277/297/130 
f 277/297/130 287/296/130 288/298/130 279/299/130 
f 279/299/130 288/298/130 289/300/130 290/301/130 
f 290/301/130 289/300/130 282/248/130 291/302/130 
f 291/302/130 282/248/130 281/249/130 
s 2
f 280/249/148 279/250/148 290/303/148 292/304/148 
s 1
f 292/304/149 290/303/149 291/305/149 293/306/149 
s 2
f 293/306/150 291/305/150 281/274/150 284/275/150 
s 4
f 276/247/128 275/307/128 294/308/128 295/250/128 
f 294/308/128 275/307/128 278/309/128 296/310/128 
f 296/310/128 278/309/128 280/311/128 297/312/128 
f 297/312/128 280/311/128 292/313/128 298/314/128 
f 298/314/128 292/313/128 293/315/128 283/249/128 
f 283/249/128 293/315/128 284/248/128 
s 2
f 282/273/151 289/316/151 298/317/151 283/272/151 
s 1
f 298/317/152 289/316/152 288/318/152 297/319/152 
s 2
f 297/319/131 288/318/131 287/320/131 296/321/131 
s 1
f 296/321/153 287/320/153 286/322/153 294/323/153 
s 2
f 294/323/154 286/322/154 285/247/154 295/248/154 
s 8
f 273/247/129 276/248/129 295/249/129 285/250/129 
s 1
f 299/247/141 300/248/141 301/262/141 302/263/141 
s 2
f 302/263/142 301/262/142 303/276/142 304/277/142 
s 1
f 304/277/143 303/276/143 280/278/143 279/279/143 
s 2
f 279/279/132 280/278/132 305/268/132 306/269/132 
s 1
f 306/269/133 305/268/133 307/270/133 308/271/133 
s 2
f 308/271/134 307/270/134 309/272/134 310/273/134 
s 1
f 310/274/135 309/275/135 311/270/135 312/271/135 
s 2
f 312/271/136 311/270/136 313/264/136 314/265/136 
s 1
f 314/265/137 313/264/137 315/266/137 316/267/137 
s 2
f 316/267/138 315/266/138 317/280/138 318/281/138 
s 1
f 318/281/139 317/280/139 319/262/139 320/263/139 
s 2
f 320/263/140 319/262/140 300/249/140 299/250/140 
s 4
f 312/289/130 318/282/130 320/291/130 310/278/130 
f 310/278/130 320/291/130 299/279/130 308/290/130 
f 308/290/130 299/279/130 302/283/130 306/288/130 
f 306/288/130 302/283/130 304/284/130 279/286/130 
f 318/282/130 312/289/130 314/287/130 316/285/130 
f 307/289/128 303/282/128 301/291/128 309/278/128 
f 309/278/128 301/291/128 300/279/128 311/290/128 
f 311/290/128 300/279/128 319/283/128 313/288/128 
f 313/288/128 319/283/128 317/284/128 315/286/128 
f 303/282/128 307/289/128 305/287/128 280/285/128 
s 1
f 321/324/155 322/325/156 323/326/157 324/327/158 
s 2
f 324/327/159 323/326/160 325/328/160 326/329/161 
s 1
f 326/329/162 325/328/163 327/330/163 328/331/164 
s 2
f 328/331/165 327/330/166 329/332/166 330/333/167 
s 1
f 330/333/168 329/332/169 331/334/170 332/335/171 
s 2
f 332/335/172 331/334/173 333/336/174 334/337/172 
s 4
f 334/337/175 335/338/176 336/339/176 332/335/176 
s 8
f 332/335/177 336/339/177 337/340/177 330/333/177 
s 4
f 330/333/178 337/340/178 338/341/178 328/331/178 
s 8
f 328/331/179 338/341/179 339/342/179 326/329/179 
s 4
f 326/329/180 339/342/180 340/343/181 324/327/181 
s 8
f 324/327/182 340/343/182 341/344/183 321/324/183 
s 1
f 341/344/184 340/343/185 342/345/186 343/346/187 
f 335/338/188 344/347/189 345/348/190 336/339/191 
f 336/339/191 345/348/190 346/349/192 337/340/193 
f 337/340/193 346/349/192 347/350/194 338/341/195 
f 338/341/195 347/350/194 348/351/196 339/342/197 
f 339/342/197 348/351/196 342/345/186 340/343/185 
s 2
f 349/352/198 322/353/199 350/354/200 351/355/198 
s 1
f 351/355/201 350/354/202 352/356/202 353/357/201 
s 2
f 353/357/203 352/356/204 354/358/204 355/359/203 
s 1
f 355/359/205 354/358/206 356/360/206 357/361/205 
s 2
f 357/361/207 356/360/208 358/362/208 359/363/207 
s 1
f 359/363/209 358/362/210 333/364/210 360/365/209 
s 4
f 351/366/128 357/367/128 359/368/128 349/369/128 
f 349/369/128 359/368/128 360/370/128 361/371/128 
f 361/371/128 360/370/128 362/372/128 363/373/128 
f 363/373/128 362/372/128 364/374/128 365/375/128 
f 357/367/128 351/366/128 353/376/128 355/377/128 
s 2
f 360/336/211 333/378/174 331/379/173 362/380/211 
s 1
f 362/380/212 331/379/170 329/381/169 364/332/212 
s 2
f 364/332/213 329/381/166 327/382/166 365/383/213 
s 1
f 365/383/214 327/382/163 325/384/163 363/328/214 
s 2
f 363/328/215 325/384/160 323/385/160 361/326/215 
s 1
f 361/326/216 323/385/157 322/386/156 349/325/216 
f 344/387/189 335/388/188 366/389/217 367/390/218 
f 367/390/218 366/389/217 368/391/219 369/392/220 
f 369/392/220 368/391/219 370/393/221 371/394/222 
f 371/394/222 370/393/221 372/395/223 373/396/224 
f 373/396/224 372/395/223 374/397/225 375/398/226 
f 375/398/226 374/397/225 341/399/184 343/400/187 
s 4
f 341/399/227 374/397/227 376/401/227 321/402/227 
s 2
f 321/402/228 376/401/228 350/355/200 322/352/199 
s 8
f 335/388/229 334/403/229 377/404/230 366/389/230 
s 4
f 366/389/231 377/404/231 378/405/232 368/391/232 
s 8
f 368/391/233 378/405/233 379/406/233 370/393/233 
s 4
f 370/393/234 379/406/234 380/407/234 372/395/234 
s 8
f 372/395/235 380/407/235 376/401/235 374/397/235 
s 1
f 334/403/236 333/365/210 358/363/210 377/404/236 
s 2
f 377/404/237 358/363/208 356/361/208 378/405/238 
s 1
f 378/405/239 356/361/206 354/408/206 379/406/239 
s 2
f 379/406/240 354/408/204 352/357/204 380/407/241 
s 1
f 380/407/242 352/357/202 350/355/202 376/401/242 
f 367/409/218 373/410/224 375/411/226 344/412/189 
f 344/412/189 375/411/226 343/413/187 345/414/190 
f 345/414/190 343/413/187 342/415/186 346/416/192 
f 346/416/192 342/415/186 348/417/196 347/418/194 
f 373/410/224 367/409/218 369/419/220 371/420/222 
f 381/421/243 382/325/244 383/326/245 384/422/246 
s 2
f 384/422/247 383/326/248 385/328/248 386/423/247 
s 4
f 386/423/249 385/328/250 387/330/250 388/424/249 
s 2
f 388/424/251 387/330/252 389/332/252 390/425/251 
s 4
f 390/425/253 389/332/254 391/334/254 392/426/253 
s 1
f 392/426/255 391/334/256 393/336/257 394/427/258 
s 2
f 392/426/259 394/427/260 395/428/261 396/429/262 
s 8
f 392/426/263 396/429/263 397/430/177 390/425/177 
s 1
f 390/425/264 397/430/264 398/431/264 388/424/264 
s 8
f 388/424/265 398/431/265 399/432/265 386/423/265 
s 16
f 386/423/266 399/432/266 400/433/180 384/422/180 
s 4
f 384/422/267 400/433/268 401/434/269 381/421/270 
s 32
f 401/434/271 400/433/272 402/435/273 403/436/274 
f 396/429/275 395/428/276 404/437/277 405/438/278 
f 396/429/275 405/438/278 406/439/279 397/430/193 
f 397/430/193 406/439/279 407/440/194 398/431/280 
f 398/431/280 407/440/194 408/441/281 399/432/282 
f 399/432/282 408/441/281 402/435/273 400/433/272 
s 1
f 409/442/283 410/443/284 411/444/285 
f 411/444/285 410/443/284 412/445/286 
f 411/444/285 412/445/286 413/446/287 
f 413/446/287 412/445/286 414/385/288 415/386/289 
f 412/445/286 410/443/284 416/447/290 417/448/291 
f 417/448/291 416/447/290 418/449/292 419/450/293 
f 419/450/293 418/449/292 420/451/294 421/452/295 
f 421/452/295 420/451/294 422/453/296 423/454/297 
f 423/454/297 422/453/296 424/455/298 
f 424/455/298 422/453/296 425/456/299 
f 424/455/298 426/457/300 423/454/297 
f 423/454/297 426/457/300 427/378/301 428/458/302 
s 4
f 423/454/303 428/458/304 429/381/305 421/452/303 
s 2
f 421/452/306 429/381/307 430/382/307 419/450/306 
s 4
f 419/450/308 430/382/309 431/384/309 417/448/310 
s 2
f 417/448/311 431/384/312 414/385/313 412/445/314 
s 1
f 415/352/289 382/459/244 432/460/315 433/355/316 
s 2
f 433/355/317 432/460/318 434/461/318 435/357/319 
s 4
f 435/357/320 434/461/321 436/462/321 437/359/322 
s 2
f 437/359/323 436/462/324 438/463/324 439/361/325 
s 4
f 439/361/326 438/463/327 440/464/327 441/363/328 
s 1
f 441/363/329 440/464/330 393/465/257 427/365/301 
f 427/364/301 426/466/300 442/467/331 441/362/329 
s 4
f 441/362/328 442/467/332 443/468/333 439/360/326 
s 2
f 439/360/325 443/468/334 444/469/335 437/470/323 
s 4
f 437/470/322 444/469/336 445/471/337 435/356/320 
s 2
f 435/356/319 445/471/338 446/472/339 433/473/317 
s 1
f 433/473/316 446/472/340 413/474/287 415/353/289 
f 413/474/287 446/472/340 411/475/285 
f 411/475/285 446/472/340 447/476/341 
f 411/475/285 447/476/341 409/477/283 
f 426/466/300 424/478/298 442/467/331 
f 442/467/331 424/478/298 448/479/342 
f 442/467/331 448/479/342 449/480/343 443/468/344 
f 443/468/344 449/480/343 450/481/345 444/469/346 
f 444/469/346 450/481/345 451/482/347 445/471/348 
f 445/471/348 451/482/347 447/476/341 446/472/340 
f 424/478/298 425/483/299 448/479/342 
s 32
f 452/409/349 453/410/350 454/411/351 404/412/277 
f 404/412/277 454/411/351 403/413/274 405/414/278 
f 405/414/278 403/413/274 402/415/273 406/416/279 
f 406/416/279 402/415/273 408/417/281 407/418/194 
f 453/410/350 452/409/349 455/419/352 456/420/222 
f 404/484/277 395/485/276 457/486/353 452/487/349 
f 452/487/349 457/486/353 458/488/354 455/489/352 
f 455/489/352 458/488/354 459/490/355 456/491/222 
f 456/491/222 459/490/355 460/492/223 453/493/350 
f 453/493/350 460/492/223 461/494/356 454/495/351 
f 454/495/351 461/494/356 401/496/271 403/497/274 
s 8
f 401/496/357 461/494/358 462/498/359 381/499/360 
s 1
f 381/499/243 462/498/361 432/355/315 382/352/244 
s 2
f 432/355/318 462/498/362 463/500/362 434/357/318 
s 4
f 434/357/321 463/500/363 464/501/363 436/359/321 
s 2
f 436/359/324 464/501/364 465/502/364 438/361/324 
s 4
f 438/361/327 465/502/365 466/503/365 440/363/327 
s 1
f 440/363/330 466/503/366 394/504/258 393/365/257 
s 8
f 394/504/367 466/503/368 457/486/369 395/485/370 
s 16
f 458/488/371 457/486/232 466/503/232 465/502/371 
s 1
f 459/490/372 458/488/372 465/502/372 464/501/372 
s 8
f 460/492/373 459/490/373 464/501/373 463/500/373 
s 16
f 461/494/374 460/492/374 463/500/374 462/498/374 
s 1
f 427/336/301 393/505/257 391/506/256 428/380/302 
s 4
f 428/380/304 391/506/254 389/507/254 429/332/305 
s 2
f 429/332/307 389/507/252 387/508/252 430/383/307 
s 4
f 430/383/309 387/508/250 385/509/250 431/328/309 
s 2
f 431/328/312 385/509/248 383/510/248 414/326/313 
s 1
f 414/326/288 383/510/245 382/511/244 415/325/289 
f 467/512/375 468/513/376 469/514/377 470/515/378 
f 470/515/378 469/514/377 471/516/379 472/517/380 
f 472/517/380 425/378/299 422/379/296 470/515/378 
f 470/515/378 422/379/296 473/518/381 
f 473/518/381 422/379/296 420/381/294 474/519/382 
f 474/519/382 420/381/294 418/382/292 475/520/383 
f 475/520/383 418/382/292 416/384/290 476/521/384 
f 475/520/383 476/521/384 477/522/385 478/523/386 
f 477/522/385 476/521/384 479/524/387 480/525/388 
f 480/525/388 479/524/387 481/526/389 482/527/390 
f 482/527/390 481/526/389 483/528/391 
f 483/528/391 481/526/389 410/385/284 409/386/283 
f 410/385/284 481/526/389 479/524/387 
f 410/385/284 479/524/387 476/521/384 416/384/290 
f 475/520/383 478/523/386 484/529/392 474/519/382 
f 474/519/382 484/529/392 467/512/375 473/518/381 
f 473/518/381 467/512/375 470/515/378 
f 469/530/377 468/531/376 485/532/393 471/533/379 
f 471/533/379 485/532/393 486/534/394 
f 486/534/394 485/532/393 487/535/395 488/536/396 
f 488/536/396 487/535/395 489/537/397 490/538/398 
f 490/538/398 489/537/397 491/539/399 492/540/400 
f 490/538/398 492/540/400 451/356/347 450/358/345 
f 451/356/347 492/540/400 493/541/401 447/473/341 
f 447/473/341 493/541/401 494/542/402 
f 447/473/341 494/542/402 483/543/391 409/353/283 
f 483/543/391 494/542/402 482/544/390 
f 482/544/390 494/542/402 493/541/401 495/545/403 
f 495/545/403 493/541/401 492/540/400 491/539/399 
f 490/538/398 450/358/345 449/360/343 488/536/396 
f 488/536/396 449/360/343 448/362/342 486/534/394 
f 486/534/394 448/362/342 471/533/379 
f 471/533/379 448/362/342 425/364/299 472/546/380 
f 495/366/403 487/367/395 485/368/393 482/369/390 
f 482/369/390 485/368/393 468/370/376 480/371/388 
f 480/371/388 468/370/376 467/372/375 477/373/385 
f 477/373/385 467/372/375 484/374/392 478/375/386 
f 487/367/395 495/366/403 491/376/399 489/377/397 
f 496/274/404 497/275/404 498/547/404 499/548/404 
s 2
f 499/548/405 498/547/405 500/549/405 501/550/405 
s 1
f 501/550/406 500/549/406 502/551/406 503/552/406 
s 2
f 503/552/407 502/551/407 504/553/407 505/554/407 
s 1
f 505/554/408 504/553/408 506/555/408 507/556/408 
s 2
f 507/556/409 506/555/409 508/557/409 509/558/409 
s 1
f 510/559/409 511/560/409 512/561/409 513/562/409 
s 2
f 513/562/408 512/561/408 514/563/408 515/564/408 
s 1
f 515/564/410 514/563/410 516/565/410 517/566/410 
s 2
f 517/566/406 516/565/406 518/567/406 519/568/406 
s 1
f 519/568/405 518/567/405 520/569/405 521/570/405 
s 2
f 521/570/404 520/569/404 522/249/404 523/250/404 
s 1
f 509/247/411 508/248/411 524/571/411 525/572/411 
s 2
f 525/572/412 524/571/412 526/573/412 527/574/412 
s 1
f 527/574/413 526/573/413 528/575/413 529/576/413 
s 2
f 529/576/414 528/575/414 530/577/414 531/578/414 
s 1
f 531/578/415 530/577/415 532/579/415 533/580/415 
s 2
f 533/580/416 532/579/416 497/581/416 496/582/416 
s 4
f 525/583/130 519/584/130 521/585/130 509/566/130 
f 509/566/130 521/585/130 523/586/130 534/587/130 
f 519/584/130 525/583/130 527/588/130 517/589/130 
f 517/589/130 527/588/130 529/590/130 531/591/130 
f 517/589/130 531/591/130 533/592/130 515/593/130 
f 515/593/130 533/592/130 510/594/130 513/595/130 
f 510/594/130 533/592/130 496/575/130 535/596/130 
f 535/596/130 496/575/130 499/597/130 536/598/130 
f 536/598/130 499/597/130 501/599/130 537/600/130 
f 537/600/130 501/599/130 503/601/130 505/602/130 
f 537/600/130 505/602/130 507/603/130 538/604/130 
f 538/604/130 507/603/130 509/566/130 534/587/130 
f 506/605/128 539/606/128 540/607/128 508/576/128 
f 508/576/128 540/607/128 522/608/128 524/609/128 
f 524/609/128 522/608/128 520/610/128 518/611/128 
f 539/606/128 506/605/128 504/612/128 541/613/128 
f 541/613/128 504/612/128 502/614/128 500/615/128 
f 541/613/128 500/615/128 498/616/128 542/617/128 
f 542/617/128 498/616/128 497/565/128 543/618/128 
f 543/618/128 497/565/128 512/619/128 511/620/128 
f 512/619/128 497/565/128 532/621/128 514/622/128 
f 514/622/128 532/621/128 530/623/128 516/624/128 
f 516/624/128 530/623/128 528/625/128 526/626/128 
f 516/624/128 526/626/128 524/609/128 518/611/128 
s 1
f 523/627/416 522/628/416 540/629/416 534/630/416 
s 2
f 534/630/415 540/629/415 539/631/415 538/632/415 
s 1
f 538/632/414 539/631/414 541/633/414 537/634/414 
s 2
f 537/634/417 541/633/417 542/635/417 536/636/417 
s 1
f 536/636/412 542/635/412 543/637/412 535/638/412 
s 2
f 535/638/411 543/637/411 511/272/411 510/273/411 
s 1
f 544/639/418 545/248/419 546/571/419 547/640/420 
s 2
f 547/640/421 546/571/422 548/549/422 549/641/421 
s 1
f 549/641/423 548/549/424 550/551/424 551/642/425 
s 2
f 551/642/426 550/551/427 552/577/428 553/643/429 
s 1
f 553/643/430 552/577/431 554/579/432 555/644/433 
s 2
f 555/644/434 554/579/435 556/581/436 557/645/437 
s 4
f 557/645/438 558/646/438 559/647/438 555/644/438 
s 8
f 555/644/439 559/647/439 560/648/439 553/643/439 
s 4
f 553/643/440 560/648/440 561/649/440 551/642/440 
s 8
f 551/642/441 561/649/441 562/650/441 549/641/441 
s 4
f 549/641/442 562/650/442 563/651/442 547/640/442 
s 8
f 547/640/443 563/651/443 564/652/443 544/639/443 
s 1
f 564/652/444 563/651/445 565/653/446 566/654/447 
f 558/646/448 567/655/449 568/656/450 559/647/451 
f 559/647/451 568/656/450 569/657/452 560/648/453 
f 560/648/453 569/657/452 570/658/454 561/649/455 
f 561/649/455 570/658/454 571/659/456 562/650/457 
f 562/650/457 571/659/456 565/653/446 563/651/445 
s 2
f 529/557/413 545/558/458 572/556/458 527/555/413 
s 1
f 527/555/412 572/556/459 573/660/459 525/661/412 
s 2
f 525/661/411 573/660/460 574/576/460 509/575/411 
s 1
f 509/575/409 574/576/461 575/662/461 507/663/409 
s 2
f 507/663/408 575/662/462 576/548/462 505/547/408 
s 1
f 505/547/407 576/548/463 556/274/464 503/275/407 
s 4
f 527/626/128 507/605/128 505/612/128 529/625/128 
f 529/625/128 505/612/128 503/614/128 531/623/128 
f 531/623/128 503/614/128 501/615/128 533/621/128 
f 533/621/128 501/615/128 499/616/128 496/565/128 
f 507/605/128 527/626/128 525/609/128 509/576/128 
s 2
f 503/581/406 556/582/436 554/580/435 501/579/406 
s 1
f 501/579/405 554/580/432 552/664/431 499/665/405 
s 2
f 499/665/404 552/664/428 550/552/427 496/551/404 
s 1
f 496/551/416 550/552/424 548/666/424 533/667/416 
s 2
f 533/667/415 548/666/422 546/572/422 531/571/415 
s 1
f 531/571/465 546/572/419 545/247/419 529/248/465 
f 567/668/449 558/669/448 577/670/466 578/671/467 
f 578/671/467 577/670/466 579/672/468 580/673/469 
f 580/673/469 579/672/468 581/674/470 582/675/471 
f 582/675/471 581/674/470 583/676/472 584/677/473 
f 584/677/473 583/676/472 585/678/474 586/679/475 
f 586/679/475 585/678/474 564/680/444 566/681/447 
s 4
f 564/680/476 585/678/477 587/682/477 544/683/476 
s 2
f 544/683/478 587/682/479 572/555/458 545/557/458 
s 8
f 558/669/480 557/684/480 588/685/480 577/670/480 
s 4
f 577/670/481 588/685/481 589/686/481 579/672/481 
s 8
f 579/672/482 589/686/482 590/687/482 581/674/482 
s 4
f 581/674/483 590/687/483 591/688/483 583/676/483 
s 8
f 583/676/484 591/688/484 587/682/484 585/678/484 
s 1
f 557/684/485 556/275/464 576/547/463 588/685/486 
s 2
f 588/685/487 576/547/462 575/573/462 589/686/487 
s 1
f 589/686/488 575/573/461 574/575/461 590/687/488 
s 2
f 590/687/489 574/575/460 573/553/460 591/688/490 
s 1
f 591/688/491 573/553/459 572/555/459 587/682/491 
f 578/602/467 584/583/473 586/588/475 567/601/449 
f 567/601/449 586/588/475 566/590/447 568/599/450 
f 568/599/450 566/590/447 565/591/446 569/597/452 
f 569/597/452 565/591/446 571/592/456 570/575/454 
f 584/583/473 578/602/467 580/603/469 582/566/471 
f 592/689/492 593/248/493 594/571/494 595/690/495 
s 2
f 595/690/496 594/571/497 596/549/497 597/691/496 
s 4
f 597/691/498 596/549/499 598/551/499 599/692/498 
s 2
f 599/692/500 598/551/501 600/577/501 601/693/500 
s 4
f 601/693/502 600/577/503 602/579/503 603/694/502 
s 1
f 603/694/504 602/579/505 604/581/506 605/695/507 
s 2
f 603/694/508 605/695/509 606/696/510 607/697/511 
s 8
f 603/694/512 607/697/512 608/698/512 601/693/512 
s 1
f 601/693/513 608/698/513 609/699/513 599/692/513 
s 8
f 599/692/441 609/699/514 610/700/514 597/691/514 
s 16
f 597/691/515 610/700/515 611/701/515 595/690/515 
s 4
f 595/690/516 611/701/517 612/702/518 592/689/519 
s 32
f 612/702/520 611/701/521 613/703/522 614/704/523 
f 607/697/524 606/696/525 615/705/526 616/706/527 
f 607/697/524 616/706/527 617/707/528 608/698/529 
f 608/698/529 617/707/528 618/708/530 609/699/531 
f 609/699/531 618/708/530 619/709/456 610/700/532 
f 610/700/532 619/709/456 613/703/522 611/701/521 
s 1
f 620/710/533 621/711/534 622/712/535 
f 622/712/535 621/711/534 623/713/536 
f 622/712/535 623/713/536 624/714/537 
f 624/714/537 623/713/536 625/572/538 626/247/539 
f 623/713/536 621/711/534 627/715/540 628/716/541 
f 628/716/541 627/715/540 629/717/542 630/718/543 
f 630/718/543 629/717/542 631/719/544 632/720/545 
f 632/720/545 631/719/544 633/721/546 634/722/547 
f 634/722/547 633/721/546 635/723/548 
f 635/723/548 633/721/546 636/724/549 
f 635/723/548 637/725/550 634/722/547 
f 634/722/547 637/725/550 638/582/551 639/580/552 
s 4
f 634/722/553 639/580/554 640/664/555 632/720/553 
s 2
f 632/720/556 640/664/557 641/552/557 630/718/558 
s 4
f 630/718/559 641/552/560 642/666/560 628/716/559 
s 2
f 628/716/561 642/666/562 625/572/563 623/713/564 
s 1
f 626/557/539 593/726/493 643/727/565 644/555/566 
s 2
f 644/555/567 643/727/568 645/728/568 646/661/569 
s 4
f 646/661/570 645/728/571 647/729/571 648/575/570 
s 2
f 648/575/572 647/729/573 649/730/573 650/663/572 
s 4
f 650/663/574 649/730/575 651/731/575 652/547/574 
s 1
f 652/547/576 651/731/577 604/732/506 638/275/551 
f 638/274/551 637/733/550 653/734/578 652/548/576 
s 4
f 652/548/574 653/734/579 654/735/579 650/574/574 
s 2
f 650/574/572 654/735/580 655/736/580 648/576/572 
s 4
f 648/576/570 655/736/581 656/737/581 646/554/570 
s 2
f 646/554/569 656/737/582 657/738/583 644/556/567 
s 1
f 644/556/566 657/738/584 624/739/537 626/558/539 
f 624/739/537 657/738/584 622/740/535 
f 622/740/535 657/738/584 658/741/585 
f 622/740/535 658/741/585 620/742/533 
f 637/733/550 635/743/548 653/734/578 
f 653/734/578 635/743/548 659/744/586 
f 653/734/578 659/744/586 660/745/587 654/735/588 
f 654/735/588 660/745/587 661/746/589 655/736/590 
f 655/736/590 661/746/589 662/747/591 656/737/592 
f 656/737/592 662/747/591 658/741/585 657/738/584 
f 635/743/548 636/748/549 659/744/586 
s 32
f 663/602/593 664/583/594 665/588/595 615/601/526 
f 615/601/526 665/588/595 614/590/523 616/599/527 
f 616/599/527 614/590/523 613/591/522 617/597/528 
f 617/597/528 613/591/522 619/592/456 618/575/530 
f 664/583/594 663/602/593 666/603/469 667/566/596 
f 615/749/526 606/750/525 668/751/597 663/752/593 
f 663/752/593 668/751/597 669/753/468 666/754/469 
f 666/754/469 669/753/468 670/755/470 667/756/596 
f 667/756/596 670/755/470 671/757/598 664/758/594 
f 664/758/594 671/757/598 672/759/599 665/760/595 
f 665/760/595 672/759/599 612/761/520 614/762/523 
s 8
f 612/761/600 672/759/601 673/763/602 592/764/603 
s 1
f 592/764/492 673/763/604 643/555/565 593/557/493 
s 2
f 643/555/568 673/763/605 674/765/605 645/661/568 
s 4
f 645/661/571 674/765/606 675/766/606 647/575/571 
s 2
f 647/575/573 675/766/607 676/767/607 649/663/573 
s 4
f 649/663/575 676/767/608 677/768/608 651/547/575 
s 1
f 651/547/577 677/768/609 605/769/507 604/275/506 
s 8
f 605/769/610 677/768/611 668/751/612 606/750/613 
s 16
f 669/753/614 668/751/614 677/768/614 676/767/614 
s 1
f 670/755/615 669/753/615 676/767/615 675/766/615 
s 8
f 671/757/616 670/755/616 675/766/616 674/765/616 
s 16
f 672/759/617 671/757/617 674/765/617 673/763/617 
s 1
f 638/581/551 604/770/506 602/771/505 639/579/552 
s 4
f 639/579/554 602/771/503 600/772/503 640/665/555 
s 2
f 640/665/557 600/772/501 598/773/501 641/551/557 
s 4
f 641/551/560 598/773/499 596/774/499 642/667/560 
s 2
f 642/667/562 596/774/497 594/775/497 625/571/563 
s 1
f 625/571/538 594/775/494 593/776/493 626/248/539 
f 678/777/618 679/778/619 680/779/620 681/780/621 
f 681/780/621 680/779/620 682/781/622 683/782/623 
f 683/782/623 636/582/549 633/580/546 681/780/621 
f 681/780/621 633/580/546 684/783/624 
f 684/783/624 633/580/546 631/664/544 685/784/625 
f 685/784/625 631/664/544 629/552/542 686/785/626 
f 686/785/626 629/552/542 627/550/540 687/786/627 
f 686/785/626 687/786/627 688/787/628 689/788/629 
f 688/787/628 687/786/627 690/789/630 691/790/631 
f 691/790/631 690/789/630 692/791/632 693/792/633 
f 693/792/633 692/791/632 694/793/634 
f 694/793/634 692/791/632 621/572/534 620/247/533 
f 621/572/534 692/791/632 690/789/630 
f 621/572/534 690/789/630 687/786/627 627/550/540 
f 686/785/626 689/788/629 695/794/635 685/784/625 
f 685/784/625 695/794/635 678/777/618 684/783/624 
f 684/783/624 678/777/618 681/780/621 
f 680/795/620 679/796/619 696/797/636 682/798/622 
f 682/798/622 696/797/636 697/799/637 
f 697/799/637 696/797/636 698/800/638 699/801/639 
f 699/801/639 698/800/638 700/802/640 701/803/641 
f 701/803/641 700/802/640 702/804/642 703/805/643 
f 701/803/641 703/805/643 662/554/591 661/576/589 
f 662/554/591 703/805/643 704/806/644 658/556/585 
f 658/556/585 704/806/644 705/807/645 
f 658/556/585 705/807/645 694/808/634 620/558/533 
f 694/808/634 705/807/645 693/809/633 
f 693/809/633 705/807/645 704/806/644 706/810/646 
f 706/810/646 704/806/644 703/805/643 702/804/642 
f 701/803/641 661/576/589 660/662/587 699/801/639 
f 699/801/639 660/662/587 659/548/586 697/799/637 
f 697/799/637 659/548/586 682/798/622 
f 682/798/622 659/548/586 636/274/549 683/811/623 
f 706/626/646 698/605/638 696/612/636 693/625/633 
f 693/625/633 696/612/636 679/614/619 691/623/631 
f 691/623/631 679/614/619 678/615/618 688/621/628 
f 688/621/628 678/615/618 695/616/635 689/565/629 
f 698/605/638 706/626/646 702/609/642 700/576/640 
f 707/639/647 708/248/648 709/571/419 710/640/420 
s 2
f 710/640/421 709/571/422 711/549/422 712/641/649 
s 1
f 712/641/425 711/549/424 713/551/424 714/642/650 
s 2
f 714/642/429 713/551/427 715/577/427 716/643/651 
s 1
f 716/643/433 715/577/432 717/579/431 718/644/433 
s 2
f 718/644/434 717/579/436 719/581/435 720/645/652 
s 4
f 720/645/438 721/646/438 722/647/438 718/644/438 
s 8
f 718/644/439 722/647/439 723/648/512 716/643/512 
s 4
f 716/643/440 723/648/440 724/649/440 714/642/440 
s 8
f 714/642/441 724/649/441 725/650/441 712/641/441 
s 4
f 712/641/442 725/650/442 726/651/442 710/640/442 
s 8
f 710/640/653 726/651/653 727/652/653 707/639/653 
s 1
f 727/652/444 726/651/654 728/812/446 729/654/655 
f 721/646/656 730/655/657 731/656/450 722/647/658 
f 722/647/658 731/656/450 732/657/452 723/648/453 
f 723/648/453 732/657/452 733/658/659 724/649/531 
f 724/649/531 733/658/659 734/659/456 725/650/532 
f 725/650/532 734/659/456 728/812/446 726/651/654 
s 2
f 735/557/413 708/558/660 736/556/458 737/555/413 
s 1
f 737/555/412 736/556/459 738/660/459 739/661/412 
s 2
f 739/661/411 738/660/661 740/576/460 741/575/411 
s 1
f 741/575/409 740/576/461 742/662/662 743/663/409 
s 2
f 743/663/408 742/662/462 744/548/663 745/547/408 
s 1
f 745/547/410 744/548/664 719/274/463 746/275/410 
s 4
f 737/626/128 743/605/128 745/612/128 735/625/128 
f 735/625/128 745/612/128 746/614/128 747/623/128 
f 747/623/128 746/614/128 748/615/128 749/621/128 
f 749/621/128 748/615/128 750/616/128 751/565/128 
f 743/605/128 737/626/128 739/609/128 741/576/128 
s 2
f 746/581/406 719/582/435 717/580/436 748/579/406 
s 1
f 748/579/405 717/580/431 715/664/432 750/665/405 
s 2
f 750/665/404 715/664/427 713/552/427 751/551/404 
s 1
f 751/551/416 713/552/424 711/666/424 749/667/416 
s 2
f 749/667/415 711/666/422 709/572/422 747/571/415 
s 1
f 747/571/465 709/572/419 708/247/648 735/248/465 
f 730/668/657 721/669/656 752/670/466 753/671/467 
f 753/671/467 752/670/466 754/672/665 755/673/469 
f 755/673/469 754/672/665 756/674/470 757/675/666 
f 757/675/666 756/674/470 758/676/472 759/677/473 
f 759/677/473 758/676/472 760/678/667 761/679/475 
f 761/679/475 760/678/667 727/680/444 729/681/655 
s 4
f 727/680/477 760/678/477 762/813/477 707/683/477 
s 2
f 707/683/478 762/813/478 736/555/458 708/557/660 
s 8
f 721/669/480 720/684/480 763/685/480 752/670/480 
s 4
f 752/670/481 763/685/481 764/686/481 754/672/481 
s 8
f 754/672/482 764/686/482 765/687/482 756/674/482 
s 4
f 756/674/483 765/687/483 766/688/483 758/676/483 
s 8
f 758/676/617 766/688/617 762/813/484 760/678/484 
s 1
f 720/684/668 719/275/463 744/547/664 763/685/669 
s 2
f 763/685/670 744/547/663 742/573/462 764/686/487 
s 1
f 764/686/488 742/573/662 740/575/461 765/687/488 
s 2
f 765/687/489 740/575/460 738/553/661 766/688/671 
s 1
f 766/688/672 738/553/459 736/555/459 762/813/491 
f 753/602/467 759/583/473 761/588/475 730/601/657 
f 730/601/657 761/588/475 729/590/655 731/599/450 
f 731/599/450 729/590/655 728/591/446 732/597/452 
f 732/597/452 728/591/446 734/592/456 733/575/659 
f 759/583/473 753/602/467 755/603/469 757/566/666 
f 767/689/673 768/248/493 769/571/494 770/690/674 
s 2
f 770/690/496 769/571/497 771/549/497 772/691/496 
s 4
f 772/691/498 771/549/499 773/551/499 774/692/498 
s 2
f 774/692/500 773/551/501 775/577/501 776/693/500 
s 4
f 776/693/502 775/577/503 777/579/503 778/694/502 
s 1
f 778/694/504 777/579/505 779/581/506 780/695/675 
s 2
f 778/694/508 780/695/509 781/696/510 782/697/511 
s 8
f 778/694/512 782/697/512 783/698/439 776/693/439 
s 1
f 776/693/513 783/698/513 784/699/440 774/692/513 
s 8
f 774/692/514 784/699/514 785/700/514 772/691/514 
s 16
f 772/691/515 785/700/515 786/701/515 770/690/515 
s 4
f 770/690/516 786/701/517 787/702/518 767/689/519 
s 32
f 787/702/520 786/701/521 788/703/522 789/704/523 
f 782/697/524 781/696/525 790/705/526 791/706/527 
f 782/697/524 791/706/527 792/707/528 783/698/529 
f 783/698/529 792/707/528 793/708/530 784/699/531 
f 784/699/531 793/708/530 794/709/456 785/700/532 
f 785/700/532 794/709/456 788/703/522 786/701/521 
s 1
f 795/814/676 796/711/677 797/712/678 
f 797/712/678 796/711/677 798/713/536 
f 797/712/678 798/713/536 799/714/679 
f 799/714/679 798/713/536 800/572/538 801/247/539 
f 798/713/536 796/711/677 802/715/540 803/716/541 
f 803/716/541 802/715/540 804/717/542 805/718/543 
f 805/718/543 804/717/542 806/719/680 807/720/681 
f 807/720/681 806/719/680 808/721/546 809/722/547 
f 809/722/547 808/721/546 810/723/682 
f 810/723/682 808/721/546 811/724/683 
f 810/723/682 812/725/550 809/722/547 
f 809/722/547 812/725/550 813/582/684 814/580/552 
s 4
f 809/722/553 814/580/554 815/664/555 807/720/685 
s 2
f 807/720/558 815/664/686 816/552/686 805/718/558 
s 4
f 805/718/559 816/552/560 817/666/560 803/716/687 
s 2
f 803/716/688 817/666/563 800/572/563 798/713/688 
s 1
f 801/557/539 768/726/493 818/727/689 819/555/566 
s 2
f 819/555/569 818/727/568 820/728/568 821/661/567 
s 4
f 821/661/690 820/728/571 822/729/571 823/575/690 
s 2
f 823/575/572 822/729/573 824/730/573 825/663/691 
s 4
f 825/663/692 824/730/575 826/731/575 827/547/574 
s 1
f 827/547/576 826/731/577 779/732/506 813/275/684 
f 813/274/684 812/733/550 828/734/693 827/548/576 
s 4
f 827/548/574 828/734/694 829/735/695 825/574/692 
s 2
f 825/574/691 829/735/696 830/736/580 823/576/572 
s 4
f 823/576/690 830/736/697 831/737/697 821/554/690 
s 2
f 821/554/567 831/737/583 832/738/582 819/556/569 
s 1
f 819/556/566 832/738/584 799/739/679 801/558/539 
f 799/739/679 832/738/584 797/740/678 
f 797/740/678 832/738/584 833/741/585 
f 797/740/678 833/741/585 795/742/676 
f 812/733/550 810/743/682 828/734/693 
f 828/734/693 810/743/682 834/744/698 
f 828/734/693 834/744/698 835/745/587 829/735/699 
f 829/735/699 835/745/587 836/746/700 830/736/590 
f 830/736/590 836/746/700 837/747/701 831/737/592 
f 831/737/592 837/747/701 833/741/585 832/738/584 
f 810/743/682 811/815/683 834/744/698 
s 32
f 838/602/593 839/583/594 840/588/702 790/601/526 
f 790/601/526 840/588/702 789/590/523 791/599/527 
f 791/599/527 789/590/523 788/591/522 792/597/528 
f 792/597/528 788/591/522 794/592/456 793/575/530 
f 839/583/594 838/602/593 841/603/469 842/566/596 
f 790/749/526 781/750/525 843/751/703 838/752/593 
f 838/752/593 843/751/703 844/753/468 841/754/469 
f 841/754/469 844/753/468 845/755/470 842/756/596 
f 842/756/596 845/755/470 846/757/598 839/758/594 
f 839/758/594 846/757/598 847/759/599 840/760/702 
f 840/760/702 847/759/599 787/761/520 789/762/523 
s 8
f 787/761/600 847/759/601 848/763/602 767/764/603 
s 1
f 767/764/673 848/763/704 818/555/689 768/557/493 
s 2
f 818/555/568 848/763/605 849/765/605 820/661/568 
s 4
f 820/661/571 849/765/606 850/766/606 822/575/571 
s 2
f 822/575/573 850/766/607 851/767/607 824/663/573 
s 4
f 824/663/575 851/767/608 852/768/608 826/547/575 
s 1
f 826/547/577 852/768/609 780/769/675 779/275/506 
s 8
f 780/769/610 852/768/611 843/751/612 781/750/613 
s 16
f 844/753/614 843/751/614 852/768/614 851/767/614 
s 1
f 845/755/615 844/753/615 851/767/615 850/766/615 
s 8
f 846/757/616 845/755/483 850/766/616 849/765/616 
s 16
f 847/759/617 846/757/484 849/765/484 848/763/617 
s 1
f 813/581/684 779/770/506 777/771/505 814/579/552 
s 4
f 814/579/554 777/771/503 775/772/503 815/665/555 
s 2
f 815/665/686 775/772/501 773/773/501 816/551/686 
s 4
f 816/551/560 773/773/499 771/774/499 817/667/560 
s 2
f 817/667/563 771/774/497 769/775/497 800/571/563 
s 1
f 800/571/538 769/775/494 768/776/493 801/248/539 
f 853/777/618 854/778/619 855/779/620 856/816/621 
f 856/816/621 855/779/620 857/781/622 858/782/623 
f 858/782/623 811/582/683 808/580/546 856/816/621 
f 856/816/621 808/580/546 859/783/624 
f 859/783/624 808/580/546 806/664/680 860/784/625 
f 860/784/625 806/664/680 804/552/542 861/785/626 
f 861/785/626 804/552/542 802/550/540 862/786/627 
f 861/785/626 862/786/627 863/787/628 864/788/629 
f 863/787/628 862/786/627 865/789/630 866/790/631 
f 866/790/631 865/789/630 867/791/632 868/792/633 
f 868/792/633 867/791/632 869/793/634 
f 869/793/634 867/791/632 796/572/677 795/247/676 
f 796/572/677 867/791/632 865/789/630 
f 796/572/677 865/789/630 862/786/627 802/550/540 
f 861/785/626 864/788/629 870/794/635 860/784/625 
f 860/784/625 870/794/635 853/777/618 859/783/624 
f 859/783/624 853/777/618 856/816/621 
f 855/795/620 854/796/619 871/797/636 857/798/622 
f 857/798/622 871/797/636 872/799/637 
f 872/799/637 871/797/636 873/800/638 874/801/639 
f 874/801/639 873/800/638 875/802/640 876/803/641 
f 876/803/641 875/802/640 877/804/642 878/805/643 
f 876/803/641 878/805/643 837/554/701 836/576/700 
f 837/554/701 878/805/643 879/806/644 833/556/585 
f 833/556/585 879/806/644 880/807/645 
f 833/556/585 880/807/645 869/808/634 795/558/676 
f 869/808/634 880/807/645 868/809/633 
f 868/809/633 880/807/645 879/806/644 881/810/646 
f 881/810/646 879/806/644 878/805/643 877/804/642 
f 876/803/641 836/576/700 835/662/587 874/801/639 
f 874/801/639 835/662/587 834/548/698 872/799/637 
f 872/799/637 834/548/698 857/798/622 
f 857/798/622 834/548/698 811/274/683 858/811/623 
f 881/626/646 873/605/638 871/612/636 868/625/633 
f 868/625/633 871/612/636 854/614/619 866/623/631 
f 866/623/631 854/614/619 853/615/618 863/621/628 
f 863/621/628 853/615/618 870/616/635 864/565/629 
f 873/605/638 881/626/646 877/609/642 875/576/640 
f 882/274/140 883/275/140 884/270/140 885/271/140 
s 2
f 885/271/139 884/270/139 886/276/139 887/277/139 
s 1
f 887/277/138 886/276/138 888/278/138 889/279/138 
s 2
f 889/279/137 888/278/137 890/280/137 891/281/137 
s 1
f 891/281/136 890/280/136 892/262/136 893/263/136 
s 2
f 893/263/135 892/262/135 894/249/135 895/250/135 
s 1
f 257/274/135 896/275/135 897/270/135 259/271/135 
s 2
f 259/271/136 897/270/136 898/264/136 261/265/136 
s 1
f 261/265/137 898/264/137 899/266/137 263/267/137 
s 2
f 263/267/138 899/266/138 900/280/138 265/281/138 
s 1
f 265/281/139 900/280/139 901/262/139 267/263/139 
s 2
f 267/263/140 901/262/140 902/249/140 240/250/140 
s 4
f 903/289/128 886/817/128 884/818/128 896/278/128 
f 896/278/128 884/818/128 883/819/128 904/820/128 
f 886/817/128 903/289/128 905/287/128 888/821/128 
f 888/821/128 905/287/128 906/285/128 907/282/128 
f 888/821/128 907/282/128 908/291/128 890/822/128 
f 890/822/128 908/291/128 894/823/128 892/824/128 
f 894/823/128 908/291/128 902/279/128 909/825/128 
f 909/825/128 902/279/128 901/283/128 910/826/128 
f 910/826/128 901/283/128 900/284/128 911/827/128 
f 911/827/128 900/284/128 899/286/128 898/288/128 
f 911/827/128 898/288/128 897/290/128 912/828/128 
f 912/828/128 897/290/128 896/278/128 904/820/128 
f 269/283/130 891/826/130 893/825/130 240/279/130 
f 240/279/130 893/825/130 895/823/130 913/824/130 
f 891/826/130 269/283/130 271/284/130 889/827/130 
f 889/827/130 271/284/130 252/286/130 253/288/130 
f 889/827/130 253/288/130 255/290/130 887/828/130 
f 887/828/130 255/290/130 882/819/130 885/820/130 
f 882/819/130 255/290/130 257/278/130 914/818/130 
f 914/818/130 257/278/130 259/289/130 915/817/130 
f 915/817/130 259/289/130 261/287/130 916/821/130 
f 916/821/130 261/287/130 263/285/130 265/282/130 
f 916/821/130 265/282/130 267/291/130 917/822/130 
f 917/822/130 267/291/130 240/279/130 913/824/130 
s 1
f 240/247/141 902/248/141 908/262/141 269/263/141 
s 2
f 269/263/142 908/262/142 907/276/142 271/277/142 
s 1
f 271/277/143 907/276/143 906/278/143 252/279/143 
s 2
f 252/279/132 906/278/132 905/268/132 253/269/132 
s 1
f 253/269/133 905/268/133 903/270/133 255/271/133 
s 2
f 255/271/134 903/270/134 896/272/134 257/273/134 
s 1
f 895/247/134 894/248/134 909/262/134 913/263/134 
s 2
f 913/263/133 909/262/133 910/264/133 917/265/133 
s 1
f 917/265/132 910/264/132 911/266/132 916/267/132 
s 2
f 916/267/143 911/266/143 912/268/143 915/269/143 
s 1
f 915/269/142 912/268/142 904/270/142 914/271/142 
s 2
f 914/271/141 904/270/141 883/272/141 882/273/141 
s 1
f 918/241/121 919/242/121 920/243/121 921/244/121 
s 2
f 920/243/122 919/242/122 922/245/122 923/246/122 
s 1
f 923/246/123 922/245/123 924/247/123 925/248/123 
s 2
f 921/248/124 926/249/124 927/250/124 918/247/124 
f 925/249/125 924/250/125 928/251/125 929/252/125 
s 1
f 929/252/126 928/251/126 930/253/126 931/254/126 
s 2
f 931/254/127 930/253/127 932/247/127 933/248/127 
s 4
f 921/248/128 920/255/128 923/256/128 926/247/128 
f 926/247/128 923/256/128 925/257/128 934/250/128 
f 934/250/128 925/257/128 929/258/128 931/259/128 
f 931/259/128 933/249/128 934/250/128 
s 1
f 926/248/129 934/249/129 935/250/129 927/247/129 
s 4
f 932/248/130 930/255/130 928/256/130 935/247/130 
f 935/247/130 928/256/130 924/257/130 927/250/130 
f 927/250/130 924/257/130 922/258/130 919/259/130 
f 919/259/130 918/249/130 927/250/130 
s 8
f 932/260/131 935/247/131 934/248/131 933/261/131 
s 1
f 936/247/132 937/248/132 938/262/132 939/263/132 
s 2
f 939/263/133 938/262/133 940/264/133 941/265/133 
s 1
f 941/265/134 940/264/134 942/266/134 943/267/134 
s 2
f 943/267/135 942/266/135 944/268/135 945/269/135 
s 1
f 945/269/136 944/268/136 946/270/136 947/271/136 
s 2
f 947/271/137 946/270/137 948/272/137 949/273/137 
s 1
f 949/274/138 948/275/138 950/270/138 951/271/138 
s 2
f 951/271/139 950/270/139 952/276/139 953/277/139 
s 1
f 953/277/140 952/276/140 925/278/140 924/279/140 
s 2
f 924/279/141 925/278/141 954/280/141 955/281/141 
s 1
f 955/281/142 954/280/142 956/262/142 957/263/142 
s 2
f 957/263/143 956/262/143 937/249/143 936/250/143 
s 4
f 951/282/130 955/283/130 957/284/130 949/285/130 
f 949/285/130 957/284/130 936/286/130 947/287/130 
f 947/287/130 936/286/130 939/288/130 945/289/130 
f 945/289/130 939/288/130 941/290/130 943/278/130 
f 955/283/130 951/282/130 953/291/130 924/279/130 
f 946/288/128 940/289/128 938/287/128 948/286/128 
f 948/286/128 938/287/128 937/285/128 950/284/128 
f 950/284/128 937/285/128 956/282/128 952/283/128 
f 952/283/128 956/282/128 954/291/128 925/279/128 
f 940/289/128 946/288/128 944/290/128 942/278/128 
s 1
f 958/241/121 959/242/121 960/243/121 961/244/121 
s 2
f 960/243/122 959/242/122 962/245/122 963/246/122 
s 1
f 963/246/123 962/245/123 902/247/123 964/248/123 
s 2
f 961/248/124 965/249/124 966/250/124 958/247/124 
f 964/249/125 902/250/125 967/251/125 968/252/125 
s 1
f 968/252/126 967/251/126 969/253/126 970/254/126 
s 2
f 970/254/127 969/253/127 971/247/127 972/248/127 
s 4
f 961/248/128 960/255/128 963/256/128 965/247/128 
f 965/247/128 963/256/128 964/257/128 973/250/128 
f 973/250/128 964/257/128 968/258/128 970/259/128 
f 970/259/128 972/249/128 973/250/128 
s 1
f 965/248/129 973/249/129 974/250/129 966/247/129 
s 4
f 971/248/130 969/255/130 967/256/130 974/247/130 
f 974/247/130 967/256/130 902/257/130 966/250/130 
f 966/250/130 902/257/130 962/258/130 959/259/130 
f 959/259/130 958/249/130 966/250/130 
s 8
f 971/260/131 974/247/131 973/248/131 972/261/131 
s 1
f 906/247/132 975/248/132 976/262/132 905/263/132 
s 2
f 905/263/133 976/262/133 977/264/133 903/265/133 
s 1
f 903/265/134 977/264/134 978/266/134 896/267/134 
s 2
f 896/267/135 978/266/135 979/268/135 897/269/135 
s 1
f 897/269/136 979/268/136 980/270/136 898/271/136 
s 2
f 898/271/137 980/270/137 981/272/137 899/273/137 
s 1
f 899/274/138 981/275/138 982/270/138 900/271/138 
s 2
f 900/271/139 982/270/139 983/276/139 901/277/139 
s 1
f 901/277/140 983/276/140 964/278/140 902/279/140 
s 2
f 902/279/141 964/278/141 984/280/141 908/281/141 
s 1
f 908/281/142 984/280/142 985/262/142 907/263/142 
s 2
f 907/263/143 985/262/143 975/249/143 906/250/143 
s 4
f 900/282/130 908/283/130 907/284/130 899/285/130 
f 899/285/130 907/284/130 906/286/130 898/287/130 
f 898/287/130 906/286/130 905/288/130 897/289/130 
f 897/289/130 905/288/130 903/290/130 896/278/130 
f 908/283/130 900/282/130 901/291/130 902/279/130 
f 980/288/128 977/289/128 976/287/128 981/286/128 
f 981/286/128 976/287/128 975/285/128 982/284/128 
f 982/284/128 975/285/128 985/282/128 983/283/128 
f 983/283/128 985/282/128 984/291/128 964/279/128 
f 977/289/128 980/288/128 979/290/128 978/278/128 
s 1
f 986/250/144 987/292/144 988/293/144 989/249/144 
s 2
f 988/293/145 987/292/145 990/245/145 991/246/145 
s 1
f 991/246/146 990/245/146 992/247/146 993/248/146 
f 994/250/147 995/247/147 996/248/147 997/249/147 
s 4
f 986/250/130 998/247/130 999/294/130 987/295/130 
f 987/295/130 999/294/130 1000/296/130 990/297/130 
f 990/297/130 1000/296/130 1001/298/130 992/299/130 
f 992/299/130 1001/298/130 1002/300/130 1003/301/130 
f 1003/301/130 1002/300/130 995/248/130 1004/302/130 
f 1004/302/130 995/248/130 994/249/130 
s 2
f 993/249/148 992/250/148 1003/303/148 1005/304/148 
s 1
f 1005/304/149 1003/303/149 1004/305/149 1006/306/149 
s 2
f 1006/306/150 1004/305/150 994/274/150 997/275/150 
s 4
f 989/247/128 988/307/128 1007/308/128 1008/250/128 
f 1007/308/128 988/307/128 991/309/128 1009/310/128 
f 1009/310/128 991/309/128 993/311/128 1010/312/128 
f 1010/312/128 993/311/128 1005/313/128 1011/314/128 
f 1011/314/128 1005/313/128 1006/315/128 996/249/128 
f 996/249/128 1006/315/128 997/248/128 
s 2
f 995/273/151 1002/316/151 1011/317/151 996/272/151 
s 1
f 1011/317/152 1002/316/152 1001/318/152 1010/319/152 
s 2
f 1010/319/131 1001/318/131 1000/320/131 1009/321/131 
s 1
f 1009/321/153 1000/320/153 999/322/153 1007/323/153 
s 2
f 1007/323/154 999/322/154 998/247/154 1008/248/154 
s 8
f 986/247/129 989/248/129 1008/249/129 998/250/129 
s 1
f 1012/247/141 1013/248/141 1014/262/141 1015/263/141 
s 2
f 1015/263/142 1014/262/142 1016/276/142 1017/277/142 
s 1
f 1017/277/143 1016/276/143 993/278/143 992/279/143 
s 2
f 992/279/132 993/278/132 1018/268/132 1019/269/132 
s 1
f 1019/269/133 1018/268/133 1020/270/133 1021/271/133 
s 2
f 1021/271/134 1020/270/134 1022/272/134 1023/273/134 
s 1
f 1023/274/135 1022/275/135 1024/270/135 1025/271/135 
s 2
f 1025/271/136 1024/270/136 1026/264/136 1027/265/136 
s 1
f 1027/265/137 1026/264/137 1028/266/137 1029/267/137 
s 2
f 1029/267/138 1028/266/138 1030/280/138 1031/281/138 
s 1
f 1031/281/139 1030/280/139 1032/262/139 1033/263/139 
s 2
f 1033/263/140 1032/262/140 1013/249/140 1012/250/140 
s 4
f 1025/289/130 1031/282/130 1033/291/130 1023/278/130 
f 1023/278/130 1033/291/130 1012/279/130 1021/290/130 
f 1021/290/130 1012/279/130 1015/283/130 1019/288/130 
f 1019/288/130 1015/283/130 1017/284/130 992/286/130 
f 1031/282/130 1025/289/130 1027/287/130 1029/285/130 
f 1020/289/128 1016/282/128 1014/291/128 1022/278/128 
f 1022/278/128 1014/291/128 1013/279/128 1024/290/128 
f 1024/290/128 1013/279/128 1032/283/128 1026/288/128 
f 1026/288/128 1032/283/128 1030/284/128 1028/286/128 
f 1016/282/128 1020/289/128 1018/287/128 993/285/128 
s 1
f 1034/249/140 1035/250/140 1036/263/140 1037/262/140 
s 2
f 1037/262/139 1036/263/139 1038/829/139 1039/830/139 
s 1
f 1039/830/138 1038/829/138 1040/267/138 1041/266/138 
s 2
f 1041/266/137 1040/267/137 1042/831/137 1043/832/137 
s 1
f 1043/832/136 1042/831/136 1044/271/136 1045/270/136 
s 2
f 1045/270/135 1044/271/135 1046/274/135 1047/275/135 
s 1
f 1047/272/134 1046/273/134 1048/271/134 1049/270/134 
s 2
f 1049/270/133 1048/271/133 1050/833/133 1051/834/133 
s 1
f 1051/834/132 1050/833/132 1052/279/132 1053/278/132 
s 2
f 1053/278/143 1052/279/143 1054/835/143 1055/836/143 
s 1
f 1055/836/142 1054/835/142 1056/263/142 1057/262/142 
s 2
f 1057/262/141 1056/263/141 1035/247/141 1034/248/141 
s 4
f 1049/289/128 1055/282/128 1057/291/128 1047/278/128 
f 1047/278/128 1057/291/128 1034/279/128 1045/290/128 
f 1045/290/128 1034/279/128 1037/283/128 1043/288/128 
f 1043/288/128 1037/283/128 1039/284/128 1041/286/128 
f 1055/282/128 1049/289/128 1051/287/128 1053/285/128 
f 1044/289/130 1038/282/130 1036/291/130 1046/278/130 
f 1046/278/130 1036/291/130 1035/279/130 1048/290/130 
f 1048/290/130 1035/279/130 1056/283/130 1050/288/130 
f 1050/288/130 1056/283/130 1054/284/130 1052/286/130 
f 1038/282/130 1044/289/130 1042/287/130 1040/285/130 
s 1
f 1058/274/140 1059/275/140 1060/270/140 1061/271/140 
s 2
f 1061/271/139 1060/270/139 1062/276/139 1063/277/139 
s 1
f 1063/277/138 1062/276/138 1064/278/138 1065/279/138 
s 2
f 1065/279/137 1064/278/137 1066/280/137 1067/281/137 
s 1
f 1067/281/136 1066/280/136 1068/262/136 1069/263/136 
s 2
f 1069/263/135 1068/262/135 1070/249/135 1071/250/135 
s 1
f 978/274/135 1072/275/135 1073/270/135 979/271/135 
s 2
f 979/271/136 1073/270/136 1074/264/136 980/265/136 
s 1
f 980/265/137 1074/264/137 1075/266/137 981/267/137 
s 2
f 981/267/138 1075/266/138 1076/280/138 982/281/138 
s 1
f 982/281/139 1076/280/139 1077/262/139 983/263/139 
s 2
f 983/263/140 1077/262/140 1078/249/140 964/250/140 
s 4
f 1079/289/128 1062/817/128 1060/818/128 1072/278/128 
f 1072/278/128 1060/818/128 1059/819/128 1080/820/128 
f 1062/817/128 1079/289/128 1081/287/128 1064/821/128 
f 1064/821/128 1081/287/128 1082/285/128 1083/282/128 
f 1064/821/128 1083/282/128 1084/291/128 1066/822/128 
f 1066/822/128 1084/291/128 1070/823/128 1068/824/128 
f 1070/823/128 1084/291/128 1078/279/128 1085/825/128 
f 1085/825/128 1078/279/128 1077/283/128 1086/826/128 
f 1086/826/128 1077/283/128 1076/284/128 1087/827/128 
f 1087/827/128 1076/284/128 1075/286/128 1074/288/128 
f 1087/827/128 1074/288/128 1073/290/128 1088/828/128 
f 1088/828/128 1073/290/128 1072/278/128 1080/820/128 
f 984/283/130 1067/826/130 1069/825/130 964/279/130 
f 964/279/130 1069/825/130 1071/823/130 1089/824/130 
f 1067/826/130 984/283/130 985/284/130 1065/827/130 
f 1065/827/130 985/284/130 975/286/130 976/288/130 
f 1065/827/130 976/288/130 977/290/130 1063/828/130 
f 1063/828/130 977/290/130 1058/819/130 1061/820/130 
f 1058/819/130 977/290/130 978/278/130 1090/818/130 
f 1090/818/130 978/278/130 979/289/130 1091/817/130 
f 1091/817/130 979/289/130 980/287/130 1092/821/130 
f 1092/821/130 980/287/130 981/285/130 982/282/130 
f 1092/821/130 982/282/130 983/291/130 1093/822/130 
f 1093/822/130 983/291/130 964/279/130 1089/824/130 
s 1
f 964/247/141 1078/248/141 1084/262/141 984/263/141 
s 2
f 984/263/142 1084/262/142 1083/276/142 985/277/142 
s 1
f 985/277/143 1083/276/143 1082/278/143 975/279/143 
s 2
f 975/279/132 1082/278/132 1081/268/132 976/269/132 
s 1
f 976/269/133 1081/268/133 1079/270/133 977/271/133 
s 2
f 977/271/134 1079/270/134 1072/272/134 978/273/134 
s 1
f 1071/247/134 1070/248/134 1085/262/134 1089/263/134 
s 2
f 1089/263/133 1085/262/133 1086/264/133 1093/265/133 
s 1
f 1093/265/132 1086/264/132 1087/266/132 1092/267/132 
s 2
f 1092/267/143 1087/266/143 1088/268/143 1091/269/143 
s 1
f 1091/269/142 1088/268/142 1080/270/142 1090/271/142 
s 2
f 1090/271/141 1080/270/141 1059/272/141 1058/273/141 
s 1
f 1094/241/121 1095/242/121 1096/243/121 1097/244/121 
s 2
f 1096/243/122 1095/242/122 1098/245/122 1099/246/122 
s 1
f 1099/246/123 1098/245/123 1100/247/123 1101/248/123 
s 2
f 1097/248/124 1102/249/124 1103/250/124 1094/247/124 
f 1101/249/125 1100/250/125 1104/251/125 1105/252/125 
s 1
f 1105/252/126 1104/251/126 1106/253/126 1107/254/126 
s 2
f 1107/254/127 1106/253/127 1108/247/127 1109/248/127 
s 4
f 1097/248/128 1096/255/128 1099/256/128 1102/247/128 
f 1102/247/128 1099/256/128 1101/257/128 1110/250/128 
f 1110/250/128 1101/257/128 1105/258/128 1107/259/128 
f 1107/259/128 1109/249/128 1110/250/128 
s 1
f 1102/248/129 1110/249/129 1111/250/129 1103/247/129 
s 4
f 1108/248/130 1106/255/130 1104/256/130 1111/247/130 
f 1111/247/130 1104/256/130 1100/257/130 1103/250/130 
f 1103/250/130 1100/257/130 1098/258/130 1095/259/130 
f 1095/259/130 1094/249/130 1103/250/130 
s 8
f 1108/260/131 1111/247/131 1110/248/131 1109/261/131 
s 1
f 1082/247/132 1112/248/132 1113/262/132 1081/263/132 
s 2
f 1081/263/133 1113/262/133 1114/264/133 1079/265/133 
s 1
f 1079/265/134 1114/264/134 1115/266/134 1072/267/134 
s 2
f 1072/267/135 1115/266/135 1116/268/135 1073/269/135 
s 1
f 1073/269/136 1116/268/136 1117/270/136 1074/271/136 
s 2
f 1074/271/137 1117/270/137 1118/272/137 1075/273/137 
s 1
f 1075/274/138 1118/275/138 1119/270/138 1076/271/138 
s 2
f 1076/271/139 1119/270/139 1120/276/139 1077/277/139 
s 1
f 1077/277/140 1120/276/140 1121/278/140 1078/279/140 
s 2
f 1078/279/141 1121/278/141 1122/280/141 1084/281/141 
s 1
f 1084/281/142 1122/280/142 1123/262/142 1083/263/142 
s 2
f 1083/263/143 1123/262/143 1112/249/143 1082/250/143 
s 4
f 1076/282/130 1084/283/130 1083/284/130 1075/285/130 
f 1075/285/130 1083/284/130 1082/286/130 1074/287/130 
f 1074/287/130 1082/286/130 1081/288/130 1073/289/130 
f 1073/289/130 1081/288/130 1079/290/130 1072/278/130 
f 1084/283/130 1076/282/130 1077/291/130 1078/279/130 
f 1117/288/128 1114/289/128 1113/287/128 1118/286/128 
f 1118/286/128 1113/287/128 1112/285/128 1119/284/128 
f 1119/284/128 1112/285/128 1123/282/128 1120/283/128 
f 1120/283/128 1123/282/128 1122/291/128 1121/279/128 
f 1114/289/128 1117/288/128 1116/290/128 1115/278/128 
s 1
f 1124/247/132 1125/248/132 1126/262/132 1127/263/132 
s 2
f 1127/263/133 1126/262/133 1128/264/133 1129/265/133 
s 1
f 1129/265/134 1128/264/134 1130/266/134 1131/267/134 
s 2
f 1131/267/135 1130/266/135 1132/268/135 1133/269/135 
s 1
f 1133/269/136 1132/268/136 1134/270/136 1135/271/136 
s 2
f 1135/271/137 1134/270/137 1136/272/137 1137/273/137 
s 1
f 1137/274/138 1136/275/138 1138/270/138 1139/271/138 
s 2
f 1139/271/139 1138/270/139 1140/276/139 1141/277/139 
s 1
f 1141/277/140 1140/276/140 1101/278/140 1100/279/140 
s 2
f 1100/279/141 1101/278/141 1142/280/141 1143/281/141 
s 1
f 1143/281/142 1142/280/142 1144/262/142 1145/263/142 
s 2
f 1145/263/143 1144/262/143 1125/249/143 1124/250/143 
s 4
f 1139/282/130 1143/283/130 1145/284/130 1137/285/130 
f 1137/285/130 1145/284/130 1124/286/130 1135/287/130 
f 1135/287/130 1124/286/130 1127/288/130 1133/289/130 
f 1133/289/130 1127/288/130 1129/290/130 1131/278/130 
f 1143/283/130 1139/282/130 1141/291/130 1100/279/130 
f 1134/288/128 1128/289/128 1126/287/128 1136/286/128 
f 1136/286/128 1126/287/128 1125/285/128 1138/284/128 
f 1138/284/128 1125/285/128 1144/282/128 1140/283/128 
f 1140/283/128 1144/282/128 1142/291/128 1101/279/128 
f 1128/289/128 1134/288/128 1132/290/128 1130/278/128 
s 1
f 1146/241/121 1147/242/121 1148/243/121 1149/244/121 
s 2
f 1148/243/122 1147/242/122 1150/245/122 1151/246/122 
s 1
f 1151/246/123 1150/245/123 1078/247/123 1121/248/123 
s 2
f 1149/248/124 1152/249/124 1153/250/124 1146/247/124 
f 1121/249/125 1078/250/125 1154/251/125 1155/252/125 
s 1
f 1155/252/126 1154/251/126 1156/253/126 1157/254/126 
s 2
f 1157/254/127 1156/253/127 1158/247/127 1159/248/127 
s 4
f 1149/248/128 1148/255/128 1151/256/128 1152/247/128 
f 1152/247/128 1151/256/128 1121/257/128 1160/250/128 
f 1160/250/128 1121/257/128 1155/258/128 1157/259/128 
f 1157/259/128 1159/249/128 1160/250/128 
s 1
f 1152/248/129 1160/249/129 1161/250/129 1153/247/129 
s 4
f 1158/248/130 1156/255/130 1154/256/130 1161/247/130 
f 1161/247/130 1154/256/130 1078/257/130 1153/250/130 
f 1153/250/130 1078/257/130 1150/258/130 1147/259/130 
f 1147/259/130 1146/249/130 1153/250/130 
s 8
f 1158/260/131 1161/247/131 1160/248/131 1159/261/131 
s 1
f 1162/250/144 1163/292/144 1164/293/144 1165/249/144 
s 2
f 1164/293/145 1163/292/145 1166/245/145 1167/246/145 
s 1
f 1167/246/146 1166/245/146 1168/247/146 1169/248/146 
f 1170/250/147 1171/247/147 1172/248/147 1173/249/147 
s 4
f 1162/250/130 1174/247/130 1175/294/130 1163/295/130 
f 1163/295/130 1175/294/130 1176/296/130 1166/297/130 
f 1166/297/130 1176/296/130 1177/298/130 1168/299/130 
f 1168/299/130 1177/298/130 1178/300/130 1179/301/130 
f 1179/301/130 1178/300/130 1171/248/130 1180/302/130 
f 1180/302/130 1171/248/130 1170/249/130 
s 2
f 1169/249/148 1168/250/148 1179/303/148 1181/304/148 
s 1
f 1181/304/149 1179/303/149 1180/305/149 1182/306/149 
s 2
f 1182/306/150 1180/305/150 1170/274/150 1173/275/150 
s 4
f 1165/247/128 1164/307/128 1183/308/128 1184/250/128 
f 1183/308/128 1164/307/128 1167/309/128 1185/310/128 
f 1185/310/128 1167/309/128 1169/311/128 1186/312/128 
f 1186/312/128 1169/311/128 1181/313/128 1187/314/128 
f 1187/314/128 1181/313/128 1182/315/128 1172/249/128 
f 1172/249/128 1182/315/128 1173/248/128 
s 2
f 1171/273/151 1178/316/151 1187/317/151 1172/272/151 
s 1
f 1187/317/152 1178/316/152 1177/318/152 1186/319/152 
s 2
f 1186/319/131 1177/318/131 1176/320/131 1185/321/131 
s 1
f 1185/321/153 1176/320/153 1175/322/153 1183/323/153 
s 2
f 1183/323/154 1175/322/154 1174/247/154 1184/248/154 
s 8
f 1162/247/129 1165/248/129 1184/249/129 1174/250/129 
s 1
f 1188/247/141 1189/248/141 1190/262/141 1191/263/141 
s 2
f 1191/263/142 1190/262/142 1192/276/142 1193/277/142 
s 1
f 1193/277/143 1192/276/143 1169/278/143 1168/279/143 
s 2
f 1168/279/132 1169/278/132 1194/268/132 1195/269/132 
s 1
f 1195/269/133 1194/268/133 1196/270/133 1197/271/133 
s 2
f 1197/271/134 1196/270/134 1198/272/134 1199/273/134 
s 1
f 1199/274/135 1198/275/135 1200/270/135 1201/271/135 
s 2
f 1201/271/136 1200/270/136 1202/264/136 1203/265/136 
s 1
f 1203/265/137 1202/264/137 1204/266/137 1205/267/137 
s 2
f 1205/267/138 1204/266/138 1206/280/138 1207/281/138 
s 1
f 1207/281/139 1206/280/139 1208/262/139 1209/263/139 
s 2
f 1209/263/140 1208/262/140 1189/249/140 1188/250/140 
s 4
f 1201/289/130 1207/282/130 1209/291/130 1199/278/130 
f 1199/278/130 1209/291/130 1188/279/130 1197/290/130 
f 1197/290/130 1188/279/130 1191/283/130 1195/288/130 
f 1195/288/130 1191/283/130 1193/284/130 1168/286/130 
f 1207/282/130 1201/289/130 1203/287/130 1205/285/130 
f 1196/289/128 1192/282/128 1190/291/128 1198/278/128 
f 1198/278/128 1190/291/128 1189/279/128 1200/290/128 
f 1200/290/128 1189/279/128 1208/283/128 1202/288/128 
f 1202/288/128 1208/283/128 1206/284/128 1204/286/128 
f 1192/282/128 1196/289/128 1194/287/128 1169/285/128 
s 1
f 1210/249/140 1211/250/140 1212/263/140 1213/262/140 
s 2
f 1213/262/139 1212/263/139 1214/829/139 1215/830/139 
s 1
f 1215/830/138 1214/829/138 1216/267/138 1217/266/138 
s 2
f 1217/266/137 1216/267/137 1218/831/137 1219/832/137 
s 1
f 1219/832/136 1218/831/136 1220/271/136 1221/270/136 
s 2
f 1221/270/135 1220/271/135 1222/274/135 1223/275/135 
s 1
f 1223/272/134 1222/273/134 1224/271/134 1225/270/134 
s 2
f 1225/270/133 1224/271/133 1226/833/133 1227/834/133 
s 1
f 1227/834/132 1226/833/132 1228/279/132 1229/278/132 
s 2
f 1229/278/143 1228/279/143 1230/835/143 1231/836/143 
s 1
f 1231/836/142 1230/835/142 1232/263/142 1233/262/142 
s 2
f 1233/262/141 1232/263/141 1211/247/141 1210/248/141 
s 4
f 1225/289/128 1231/282/128 1233/291/128 1223/278/128 
f 1223/278/128 1233/291/128 1210/279/128 1221/290/128 
f 1221/290/128 1210/279/128 1213/283/128 1219/288/128 
f 1219/288/128 1213/283/128 1215/284/128 1217/286/128 
f 1231/282/128 1225/289/128 1227/287/128 1229/285/128 
f 1220/289/130 1214/282/130 1212/291/130 1222/278/130 
f 1222/278/130 1212/291/130 1211/279/130 1224/290/130 
f 1224/290/130 1211/279/130 1232/283/130 1226/288/130 
f 1226/288/130 1232/283/130 1230/284/130 1228/286/130 
f 1214/282/130 1220/289/130 1218/287/130 1216/285/130 
s 1
f 1234/837/705 1235/838/705 1236/839/705 1237/840/705 
s 2
f 1237/840/706 1236/839/706 1238/841/706 1239/842/706 
s 1
f 1239/842/707 1238/841/707 1240/838/707 1241/837/707 
s 2
f 1241/837/708 1240/838/708 1242/843/708 1243/844/708 
s 1
f 1243/844/709 1242/843/709 1244/845/709 1245/846/709 
s 2
f 1245/846/710 1244/845/710 1246/847/710 1247/848/710 
s 1
f 1247/848/711 1246/847/711 1248/843/711 1249/844/711 
s 2
f 1249/844/712 1248/843/712 1250/845/712 1251/846/712 
s 1
f 1251/846/713 1250/845/713 1252/847/713 1253/848/713 
s 2
f 1253/848/714 1252/847/714 1254/839/714 1255/840/714 
s 1
f 1255/840/715 1254/839/715 1256/841/715 1257/842/715 
s 2
f 1257/842/716 1256/841/716 1235/838/716 1234/837/716 
s 4
f 1239/849/128 1245/850/128 1247/851/128 1237/852/128 
f 1237/852/128 1247/851/128 1249/853/128 1234/854/128 
f 1234/854/128 1249/853/128 1251/845/128 1257/855/128 
f 1257/855/128 1251/845/128 1253/856/128 1255/857/128 
f 1245/850/128 1239/849/128 1241/858/128 1243/859/128 
f 1235/860/130 1252/861/130 1250/862/130 1236/863/130 
f 1236/863/130 1250/862/130 1248/864/130 1238/846/130 
f 1238/846/130 1248/864/130 1246/865/130 1240/866/130 
f 1240/866/130 1246/865/130 1244/867/130 1242/868/130 
f 1252/861/130 1235/860/130 1256/869/130 1254/870/130 
s 1
f 1258/871/717 1259/872/718 1260/873/719 1261/874/720 
f 1261/874/720 1260/873/719 1262/875/721 1263/876/722 
f 1263/876/722 1262/875/721 1264/877/723 1265/878/724 
f 1265/878/724 1264/877/723 1266/879/725 1267/880/726 
f 1266/879/725 1264/877/723 1262/875/721 1268/881/128 
f 1259/882/718 1269/883/727 1268/884/128 1260/885/719 
f 1270/250/728 1271/886/729 1272/887/730 1273/888/731 
f 1273/888/731 1272/887/730 1266/879/725 1268/881/128 
f 1271/886/729 1267/880/726 1266/879/725 1272/887/730 
f 1260/873/719 1268/881/128 1262/875/721 
f 1274/889/732 1275/890/733 1276/891/734 1277/892/735 
f 1277/892/735 1276/891/734 1278/893/736 1279/894/737 
f 1279/894/737 1278/893/736 1280/895/738 
f 1275/890/733 1274/889/732 1281/896/739 1282/897/740 
f 1281/896/739 1274/889/732 1283/898/741 1284/899/742 
f 1281/896/739 1284/899/742 1285/900/743 
f 1285/900/743 1284/899/742 1286/249/744 
f 1287/901/745 1288/902/746 1285/900/743 
f 1285/900/743 1288/902/746 1281/896/739 
f 1288/902/746 1282/897/740 1281/896/739 
f 1282/897/740 1278/893/736 1276/891/734 1275/890/733 
f 1279/894/737 1280/895/738 1289/903/747 1290/904/748 
f 1290/904/748 1289/903/747 1291/905/749 
f 1291/905/749 1289/903/747 1292/906/750 
f 1293/907/751 1294/908/752 1291/905/749 
f 1291/905/749 1294/908/752 1290/904/748 
f 1294/908/752 1295/909/753 1296/910/754 1290/904/748 
f 1290/904/748 1296/910/754 1279/894/737 
f 1296/910/754 1277/892/735 1279/894/737 
s 2
f 1297/250/755 1298/886/756 1299/911/757 1300/912/758 
s 1
f 1300/912/759 1299/911/760 1301/913/761 
f 1301/913/761 1299/911/760 1302/914/762 
f 1301/913/761 1302/914/762 1303/915/763 1304/916/764 
f 1303/915/763 1302/914/762 1305/917/765 1306/918/766 
f 1306/918/766 1305/917/765 1307/919/767 1270/920/728 
f 1270/920/728 1307/919/767 1308/921/768 1271/922/729 
f 1271/922/729 1308/921/768 1309/923/769 1267/924/726 
f 1267/924/726 1309/923/769 1310/925/770 1265/926/724 
f 1310/925/770 1309/923/769 1311/927/771 
f 1310/925/770 1311/927/771 1312/928/772 
s 2
f 1312/928/773 1311/927/774 1313/874/775 1314/871/776 
s 4
f 1299/911/777 1298/886/778 1315/929/779 1316/930/780 
s 1
f 1316/930/781 1315/929/782 1317/931/782 1318/932/781 
s 2
f 1318/932/783 1317/931/784 1319/933/785 1320/934/786 
s 4
f 1320/934/787 1319/933/788 1313/874/789 1311/927/790 
s 8
f 1305/917/791 1302/914/792 1299/911/792 1316/930/791 
s 16
f 1307/919/793 1305/917/793 1316/930/793 1318/932/793 
s 8
f 1308/921/794 1307/919/794 1318/932/794 1320/934/794 
s 16
f 1309/923/795 1308/921/795 1320/934/795 1311/927/795 
s 1
f 1284/935/742 1321/936/796 1322/937/797 1286/938/744 
f 1286/938/744 1322/937/797 1323/939/798 1324/940/799 
f 1324/940/799 1323/939/798 1325/941/800 1326/942/801 
f 1326/942/801 1325/941/800 1327/943/802 
f 1327/943/802 1325/941/800 1328/944/803 
f 1328/944/803 1325/941/800 1329/945/804 
f 1328/944/803 1329/945/804 1330/946/805 
s 2
f 1330/946/806 1329/945/807 1331/947/808 1332/249/809 
f 1333/907/810 1334/948/811 1335/949/812 1336/950/813 
s 1
f 1336/950/814 1335/949/815 1337/951/816 
f 1337/951/816 1335/949/815 1283/952/741 
f 1337/951/816 1283/952/741 1277/953/735 
f 1277/953/735 1283/952/741 1274/954/732 
f 1284/935/742 1283/952/741 1321/936/796 
s 8
f 1321/936/817 1338/955/817 1339/956/817 1322/937/817 
s 16
f 1322/937/818 1339/956/818 1340/957/819 1323/939/819 
s 8
f 1323/939/820 1340/957/820 1329/945/820 1325/941/820 
s 2
f 1338/955/821 1341/958/822 1342/959/822 1339/956/821 
s 1
f 1339/956/823 1342/959/824 1343/960/824 1340/957/825 
s 4
f 1340/957/826 1343/960/827 1331/947/828 1329/945/829 
s 16
f 1283/952/830 1335/949/831 1338/955/832 1321/936/832 
s 4
f 1335/949/833 1334/948/834 1341/958/834 1338/955/835 
s 2
f 1333/871/810 1314/961/776 1313/962/775 1334/874/811 
s 4
f 1334/874/834 1313/962/789 1319/963/788 1341/964/834 
s 2
f 1341/964/822 1319/963/785 1317/965/784 1342/931/822 
s 1
f 1342/931/824 1317/965/782 1315/966/782 1343/967/824 
s 4
f 1343/967/827 1315/966/779 1298/968/778 1331/886/828 
s 2
f 1331/886/808 1298/968/756 1297/969/755 1332/250/809 
s 1
f 1287/970/745 1285/971/743 1344/972/836 
f 1344/972/836 1285/971/743 1345/973/837 
f 1344/972/836 1345/973/837 1346/974/838 1347/975/839 
f 1347/975/839 1346/974/838 1348/976/840 1349/977/841 
f 1349/977/841 1348/976/840 1327/978/802 1350/979/842 
f 1350/979/842 1327/978/802 1351/980/843 
f 1286/981/744 1324/982/799 1285/971/743 
f 1285/971/743 1324/982/799 1345/973/837 
f 1324/982/799 1326/983/801 1345/973/837 
f 1345/973/837 1326/983/801 1346/974/838 
f 1326/983/801 1327/978/802 1348/976/840 1346/974/838 
f 1350/979/842 1351/980/843 1352/984/844 1353/985/845 
f 1352/984/844 1351/980/843 1354/986/846 1355/987/847 
f 1352/984/844 1355/987/847 1291/988/749 
f 1291/988/749 1355/987/847 1293/272/751 
f 1292/989/750 1356/990/848 1291/988/749 
f 1291/988/749 1356/990/848 1352/984/844 
f 1356/990/848 1353/985/845 1352/984/844 
f 1353/985/845 1349/977/841 1350/979/842 
f 1292/978/750 1289/991/747 1353/992/845 1356/993/848 
f 1353/992/845 1289/991/747 1280/994/738 1349/995/841 
f 1349/995/841 1280/994/738 1278/996/736 1347/997/839 
f 1347/997/839 1278/996/736 1282/998/740 1344/999/836 
f 1344/999/836 1282/998/740 1288/1000/746 1287/1001/745 
f 1270/1002/728 1273/1003/731 1357/1004/849 1306/1005/766 
f 1306/1005/766 1357/1004/849 1358/1006/850 1303/964/763 
f 1303/964/763 1358/1006/850 1359/1007/851 1304/931/764 
f 1304/931/764 1359/1007/851 1360/1008/852 1361/929/853 
f 1360/1008/852 1359/1007/851 1358/1006/850 1268/884/128 
f 1273/1003/731 1268/884/128 1358/1006/850 1357/1004/849 
f 1258/273/717 1362/1009/854 1269/883/727 1259/882/718 
f 1362/1009/854 1361/929/853 1360/1008/852 1269/883/727 
f 1269/883/727 1360/1008/852 1268/884/128 
s 4
f 1332/1002/855 1297/1010/856 1363/1011/857 1364/1005/858 
s 2
f 1364/1005/859 1363/1011/860 1365/1012/861 1366/876/862 
s 1
f 1366/876/863 1365/1012/864 1367/1013/865 1368/878/863 
s 2
f 1368/878/866 1367/1013/867 1369/1014/867 1370/1015/866 
s 4
f 1370/1015/868 1369/1014/869 1371/1016/869 1372/1009/870 
s 8
f 1372/1009/871 1371/1016/872 1314/1017/873 1333/273/874 
f 1372/1018/871 1333/272/874 1336/1019/875 1373/1020/876 
s 1
f 1373/1020/877 1336/1019/814 1337/1021/816 
f 1373/1020/877 1337/1021/816 1374/1022/878 
f 1374/1022/878 1337/1021/816 1277/1023/735 
f 1374/1022/878 1277/1023/735 1296/1024/754 
f 1374/1022/878 1296/1024/754 1295/1025/753 
f 1295/1025/753 1294/1026/752 1293/1027/751 1375/1028/879 
f 1375/1028/879 1293/1027/751 1355/1029/847 1376/1030/880 
f 1376/1030/880 1355/1029/847 1354/1031/846 
f 1354/1031/846 1351/1032/843 1327/1033/802 
f 1327/1033/802 1328/1034/803 1354/1031/846 
f 1354/1031/846 1328/1034/803 1377/1035/881 
s 8
f 1354/1031/882 1377/1035/883 1378/1036/884 1376/1030/884 
s 4
f 1376/1030/885 1378/1036/885 1379/1037/885 1375/1028/885 
s 8
f 1375/1028/886 1379/1037/886 1380/1038/887 1295/1025/887 
s 16
f 1295/1025/888 1380/1038/888 1373/1020/888 1374/1022/888 
s 1
f 1328/1034/803 1330/1039/805 1377/1035/881 
s 4
f 1377/1035/889 1330/1039/890 1332/981/855 1364/1040/858 
s 2
f 1377/1035/891 1364/1040/859 1366/1041/862 1378/1036/892 
s 1
f 1378/1036/893 1366/1041/863 1368/1042/863 1379/1037/893 
s 2
f 1379/1037/894 1368/1042/866 1370/1043/866 1380/1038/895 
s 4
f 1380/1038/896 1370/1043/868 1372/1018/870 1373/1020/897 
s 1
f 1263/1044/722 1265/1045/724 1310/1046/770 1381/1047/898 
f 1381/1047/898 1310/1046/770 1382/1048/899 
f 1382/1048/899 1310/1046/770 1312/1049/772 
s 8
f 1382/1048/900 1312/1049/901 1314/273/873 1371/1009/872 
s 4
f 1382/1048/902 1371/1009/869 1369/880/869 1383/1050/903 
s 2
f 1383/1050/904 1369/880/867 1367/878/867 1384/1051/904 
s 1
f 1384/1051/905 1367/878/865 1365/1052/864 1385/1053/906 
s 2
f 1385/1053/907 1365/1052/861 1363/1005/860 1386/1054/908 
s 4
f 1386/1054/909 1363/1005/857 1297/1002/856 1300/1055/910 
s 1
f 1300/1055/759 1301/1056/761 1386/1054/911 
f 1386/1054/911 1301/1056/761 1387/1057/912 
s 8
f 1386/1054/913 1387/1057/913 1388/1058/913 1385/1053/913 
s 4
f 1385/1053/914 1388/1058/914 1389/1059/914 1384/1051/914 
s 8
f 1384/1051/915 1389/1059/915 1390/1060/915 1383/1050/915 
s 16
f 1383/1050/916 1390/1060/916 1381/1047/917 1382/1048/917 
s 1
f 1301/1056/761 1304/1061/764 1361/1062/853 1387/1057/912 
f 1387/1057/912 1361/1062/853 1362/1063/854 1388/1058/918 
f 1388/1058/918 1362/1063/854 1258/1064/717 1389/1059/919 
f 1389/1059/919 1258/1064/717 1261/1065/720 1390/1060/920 
f 1390/1060/920 1261/1065/720 1263/1044/722 1381/1047/898 
f 1391/1066/921 1392/1067/921 1393/1068/921 1394/1069/921 
s 2
f 1394/1069/922 1393/1068/922 1395/1070/922 1396/1071/922 
s 1
f 1396/1071/923 1395/1070/923 1397/1072/923 1398/1073/923 
s 2
f 1398/1073/924 1397/1072/924 1399/1074/924 1400/1075/924 
s 1
f 1400/1075/925 1399/1074/925 1401/1076/925 1402/1077/925 
s 2
f 1402/1077/926 1401/1076/926 1403/1072/926 1404/1073/926 
s 1
f 1404/1073/927 1403/1072/927 1405/1074/927 1406/1075/927 
s 2
f 1406/1075/928 1405/1074/928 1407/1076/928 1408/1077/928 
s 1
f 1408/1077/929 1407/1076/929 1409/1078/929 1410/1079/929 
s 2
f 1410/1079/930 1409/1078/930 1411/1068/930 1412/1069/930 
s 1
f 1412/1069/931 1411/1068/931 1413/1070/931 1414/1071/931 
s 2
f 1414/1071/932 1413/1070/932 1392/1067/932 1391/1066/932 
s 4
f 1396/1080/128 1402/1081/128 1404/1082/128 1394/1083/128 
f 1394/1083/128 1404/1082/128 1406/1084/128 1391/1085/128 
f 1391/1085/128 1406/1084/128 1408/1076/128 1414/1086/128 
f 1414/1086/128 1408/1076/128 1410/1087/128 1412/1088/128 
f 1402/1081/128 1396/1080/128 1398/1089/128 1400/1090/128 
f 1392/1091/130 1409/1092/130 1407/1093/130 1393/1094/130 
f 1393/1094/130 1407/1093/130 1405/1095/130 1395/1077/130 
f 1395/1077/130 1405/1095/130 1403/1096/130 1397/1097/130 
f 1397/1097/130 1403/1096/130 1401/1098/130 1399/1099/130 
f 1409/1092/130 1392/1091/130 1413/1100/130 1411/1101/130 
s 1
f 1415/1102/933 1416/1103/934 1417/1104/935 1418/1105/936 
f 1418/1105/936 1417/1104/935 1419/1106/937 1420/1107/938 
f 1420/1107/938 1419/1106/937 1421/1108/939 1422/1109/940 
f 1422/1109/940 1421/1108/939 1423/1110/941 1424/1111/942 
f 1423/1110/941 1421/1108/939 1419/1106/937 1425/1112/128 
f 1416/1113/934 1426/1114/943 1425/1115/128 1417/1116/935 
f 1427/1117/944 1428/1118/945 1429/1119/946 1430/1120/947 
f 1430/1120/947 1429/1119/946 1423/1110/941 1425/1112/128 
f 1428/1118/945 1424/1111/942 1423/1110/941 1429/1119/946 
f 1417/1104/935 1425/1112/128 1419/1106/937 
f 1431/1121/948 1432/1122/949 1433/1123/950 1434/1124/951 
f 1434/1124/951 1433/1123/950 1435/1125/952 1436/1126/953 
f 1436/1126/953 1435/1125/952 1437/1127/954 
f 1432/1122/949 1431/1121/948 1438/1128/955 1439/1129/956 
f 1438/1128/955 1431/1121/948 1440/1130/957 1441/1131/958 
f 1438/1128/955 1441/1131/958 1442/1132/959 
f 1442/1132/959 1441/1131/958 1443/1133/960 
f 1444/1134/961 1445/1135/962 1442/1132/959 
f 1442/1132/959 1445/1135/962 1438/1128/955 
f 1445/1135/962 1439/1129/956 1438/1128/955 
f 1439/1129/956 1435/1125/952 1433/1123/950 1432/1122/949 
f 1436/1126/953 1437/1127/954 1446/1136/963 1447/1137/964 
f 1447/1137/964 1446/1136/963 1448/1138/965 
f 1448/1138/965 1446/1136/963 1449/1139/966 
f 1450/1140/967 1451/1141/968 1448/1138/965 
f 1448/1138/965 1451/1141/968 1447/1137/964 
f 1451/1141/968 1452/1142/969 1453/1143/970 1447/1137/964 
f 1447/1137/964 1453/1143/970 1436/1126/953 
f 1453/1143/970 1434/1124/951 1436/1126/953 
s 2
f 1454/1117/971 1455/1144/972 1456/1145/973 1457/1146/974 
s 1
f 1457/1146/975 1456/1145/976 1458/1147/977 
f 1458/1147/977 1456/1145/976 1459/1148/978 
f 1458/1147/977 1459/1148/978 1460/1149/979 1461/1150/980 
f 1460/1149/979 1459/1148/978 1462/1151/981 1463/1152/982 
f 1463/1152/982 1462/1151/981 1464/1153/983 1427/1154/944 
f 1427/1154/944 1464/1153/983 1465/1155/984 1428/1156/945 
f 1428/1156/945 1465/1155/984 1466/1157/985 1424/1158/942 
f 1424/1158/942 1466/1157/985 1467/1159/986 1422/1160/940 
f 1467/1159/986 1466/1157/985 1468/1161/987 
f 1467/1159/986 1468/1161/987 1469/1162/988 
s 2
f 1469/1162/989 1468/1161/990 1470/1105/991 1471/1102/992 
s 4
f 1456/1145/993 1455/1144/994 1472/1163/995 1473/1164/996 
s 1
f 1473/1164/997 1472/1163/998 1474/1165/998 1475/1166/997 
s 2
f 1475/1166/999 1474/1165/1000 1476/1167/1000 1477/1168/999 
s 4
f 1477/1168/1001 1476/1167/1002 1470/1105/1002 1468/1161/1003 
s 8
f 1462/1151/1004 1459/1148/1005 1456/1145/1005 1473/1164/1004 
s 16
f 1464/1153/1006 1462/1151/1006 1473/1164/1006 1475/1166/1006 
s 8
f 1465/1155/1007 1464/1153/1007 1475/1166/1007 1477/1168/1007 
s 16
f 1466/1157/1008 1465/1155/1008 1477/1168/1008 1468/1161/1008 
s 1
f 1441/1169/958 1478/1170/1009 1479/1171/1010 1443/1172/960 
f 1443/1172/960 1479/1171/1010 1480/1173/1011 1481/1174/1012 
f 1481/1174/1012 1480/1173/1011 1482/1175/1013 1483/1176/1014 
f 1483/1176/1014 1482/1175/1013 1484/1177/1015 
f 1484/1177/1015 1482/1175/1013 1485/1178/1016 
f 1485/1178/1016 1482/1175/1013 1486/1179/1017 
f 1485/1178/1016 1486/1179/1017 1487/1180/1018 
s 2
f 1487/1180/1019 1486/1179/1020 1488/1181/1021 1489/1133/1022 
f 1490/1140/1023 1491/1182/1024 1492/1183/1025 1493/1184/1026 
s 1
f 1493/1184/1027 1492/1183/1028 1494/1185/1029 
f 1494/1185/1029 1492/1183/1028 1440/1186/957 
f 1494/1185/1029 1440/1186/957 1434/1187/951 
f 1434/1187/951 1440/1186/957 1431/1188/948 
f 1441/1169/958 1440/1186/957 1478/1170/1009 
s 8
f 1478/1170/1030 1495/1189/1030 1496/1190/1030 1479/1171/1030 
s 16
f 1479/1171/1031 1496/1190/1031 1497/1191/1031 1480/1173/1031 
s 8
f 1480/1173/1032 1497/1191/1032 1486/1179/1032 1482/1175/1032 
s 2
f 1495/1189/1033 1498/1192/1034 1499/1193/1034 1496/1190/1035 
s 1
f 1496/1190/1036 1499/1193/1037 1500/1194/1037 1497/1191/1038 
s 4
f 1497/1191/1039 1500/1194/1040 1488/1181/1040 1486/1179/1039 
s 16
f 1440/1186/1041 1492/1183/1041 1495/1189/1042 1478/1170/1042 
s 4
f 1492/1183/1043 1491/1182/1044 1498/1192/1044 1495/1189/1045 
s 2
f 1490/1102/1023 1471/1195/992 1470/1196/991 1491/1105/1024 
s 4
f 1491/1105/1044 1470/1196/1002 1476/1197/1002 1498/1198/1044 
s 2
f 1498/1198/1034 1476/1197/1000 1474/1199/1000 1499/1165/1034 
s 1
f 1499/1165/1037 1474/1199/998 1472/1200/998 1500/1163/1037 
s 4
f 1500/1163/1040 1472/1200/995 1455/1201/994 1488/1202/1040 
s 2
f 1488/1202/1021 1455/1201/972 1454/1203/971 1489/1117/1022 
s 1
f 1444/1204/961 1442/1205/959 1501/1206/1046 
f 1501/1206/1046 1442/1205/959 1502/1207/1047 
f 1501/1206/1046 1502/1207/1047 1503/1208/1048 1504/1209/1049 
f 1504/1209/1049 1503/1208/1048 1505/1210/1050 1506/1211/1051 
f 1506/1211/1051 1505/1210/1050 1484/1212/1015 1507/1213/1052 
f 1507/1213/1052 1484/1212/1015 1508/1214/1053 
f 1443/1215/960 1481/1216/1012 1442/1205/959 
f 1442/1205/959 1481/1216/1012 1502/1207/1047 
f 1481/1216/1012 1483/1217/1014 1502/1207/1047 
f 1502/1207/1047 1483/1217/1014 1503/1208/1048 
f 1483/1217/1014 1484/1212/1015 1505/1210/1050 1503/1208/1048 
f 1507/1213/1052 1508/1214/1053 1509/1218/1054 1510/1219/1055 
f 1509/1218/1054 1508/1214/1053 1511/1220/1056 1512/1221/1057 
f 1509/1218/1054 1512/1221/1057 1448/1222/965 
f 1448/1222/965 1512/1221/1057 1450/1223/967 
f 1449/1224/966 1513/1225/1058 1448/1222/965 
f 1448/1222/965 1513/1225/1058 1509/1218/1054 
f 1513/1225/1058 1510/1219/1055 1509/1218/1054 
f 1510/1219/1055 1506/1211/1051 1507/1213/1052 
f 1449/1226/966 1446/1227/963 1510/1228/1055 1513/1229/1058 
f 1510/1228/1055 1446/1227/963 1437/1230/954 1506/1231/1051 
f 1506/1231/1051 1437/1230/954 1435/1232/952 1504/1233/1049 
f 1504/1233/1049 1435/1232/952 1439/1234/956 1501/1235/1046 
f 1501/1235/1046 1439/1234/956 1445/1236/962 1444/1237/961 
f 1427/1238/944 1430/1239/947 1514/1240/1059 1463/1241/982 
f 1463/1241/982 1514/1240/1059 1515/1242/1060 1460/1198/979 
f 1460/1198/979 1515/1242/1060 1516/1243/1061 1461/1165/980 
f 1461/1165/980 1516/1243/1061 1517/1244/1062 1518/1163/1063 
f 1517/1244/1062 1516/1243/1061 1515/1242/1060 1425/1115/128 
f 1430/1239/947 1425/1115/128 1515/1242/1060 1514/1240/1059 
f 1415/1245/933 1519/1144/1064 1426/1114/943 1416/1113/934 
f 1519/1144/1064 1518/1163/1063 1517/1244/1062 1426/1114/943 
f 1426/1114/943 1517/1244/1062 1425/1115/128 
s 4
f 1489/1238/1065 1454/1246/1066 1520/1247/1067 1521/1241/1068 
s 2
f 1521/1241/1069 1520/1247/1070 1522/1248/1071 1523/1107/1069 
s 1
f 1523/1107/1072 1522/1248/1073 1524/1249/1073 1525/1109/1072 
s 2
f 1525/1109/1074 1524/1249/1075 1526/1250/1075 1527/1111/1074 
s 4
f 1527/1111/1076 1526/1250/1077 1528/1251/1077 1529/1252/1076 
s 8
f 1529/1252/1078 1528/1251/1079 1471/1253/1080 1490/1245/1081 
f 1529/1254/1078 1490/1223/1081 1493/1255/1082 1530/1256/1083 
s 1
f 1530/1256/1084 1493/1255/1027 1494/1257/1029 
f 1530/1256/1084 1494/1257/1029 1531/1258/1085 
f 1531/1258/1085 1494/1257/1029 1434/1259/951 
f 1531/1258/1085 1434/1259/951 1453/1260/970 
f 1531/1258/1085 1453/1260/970 1452/1261/969 
f 1452/1261/969 1451/1262/968 1450/1263/967 1532/1264/1086 
f 1532/1264/1086 1450/1263/967 1512/1265/1057 1533/1266/1087 
f 1533/1266/1087 1512/1265/1057 1511/1267/1056 
f 1511/1267/1056 1508/1268/1053 1484/1269/1015 
f 1484/1269/1015 1485/1270/1016 1511/1267/1056 
f 1511/1267/1056 1485/1270/1016 1534/1271/1088 
s 8
f 1511/1267/1089 1534/1271/1089 1535/1272/1090 1533/1266/1090 
s 4
f 1533/1266/1091 1535/1272/1091 1536/1273/1091 1532/1264/1091 
s 8
f 1532/1264/1092 1536/1273/1092 1537/1274/1092 1452/1261/1092 
s 16
f 1452/1261/1093 1537/1274/1093 1530/1256/1093 1531/1258/1093 
s 1
f 1485/1270/1016 1487/1275/1018 1534/1271/1088 
s 4
f 1534/1271/1094 1487/1275/1095 1489/1215/1065 1521/1276/1068 
s 2
f 1534/1271/1096 1521/1276/1069 1523/1277/1069 1535/1272/1096 
s 1
f 1535/1272/1097 1523/1277/1072 1525/1278/1072 1536/1273/1097 
s 2
f 1536/1273/1098 1525/1278/1074 1527/1279/1074 1537/1274/1099 
s 4
f 1537/1274/1100 1527/1279/1076 1529/1254/1076 1530/1256/1100 
s 1
f 1420/1280/938 1422/1281/940 1467/1282/986 1538/1283/1101 
f 1538/1283/1101 1467/1282/986 1539/1284/1102 
f 1539/1284/1102 1467/1282/986 1469/1285/988 
s 8
f 1539/1284/1103 1469/1285/1104 1471/1245/1080 1528/1118/1079 
s 4
f 1539/1284/1105 1528/1118/1077 1526/1111/1077 1540/1286/1106 
s 2
f 1540/1286/1107 1526/1111/1075 1524/1109/1075 1541/1287/1107 
s 1
f 1541/1287/1108 1524/1109/1073 1522/1288/1073 1542/1289/1108 
s 2
f 1542/1289/1109 1522/1288/1071 1520/1241/1070 1543/1290/1110 
s 4
f 1543/1290/1111 1520/1241/1067 1454/1238/1066 1457/1291/1112 
s 1
f 1457/1291/975 1458/1292/977 1543/1290/1113 
f 1543/1290/1113 1458/1292/977 1544/1293/1114 
s 8
f 1543/1290/1115 1544/1293/1115 1545/1294/1115 1542/1289/1115 
s 4
f 1542/1289/1116 1545/1294/1116 1546/1295/1116 1541/1287/1116 
s 8
f 1541/1287/1117 1546/1295/1117 1547/1296/1117 1540/1286/1117 
s 16
f 1540/1286/1118 1547/1296/1118 1538/1283/1118 1539/1284/1118 
s 1
f 1458/1292/977 1461/1297/980 1518/1298/1063 1544/1293/1114 
f 1544/1293/1114 1518/1298/1063 1519/1299/1064 1545/1294/1119 
f 1545/1294/1119 1519/1299/1064 1415/1300/933 1546/1295/1120 
f 1546/1295/1120 1415/1300/933 1418/1301/936 1547/1296/1121 
f 1547/1296/1121 1418/1301/936 1420/1280/938 1538/1283/1101 
f 1548/1302/1122 1549/1303/1123 1550/1304/1124 1551/1305/1125 
f 1551/1305/1125 1550/1304/1124 1552/1306/1126 1553/1307/1127 
f 1553/1307/1127 1552/1306/1126 1554/1308/1128 1555/1309/1129 
f 1555/1309/1129 1554/1308/1128 1556/1310/1130 1557/1311/1131 
f 1556/1310/1130 1554/1308/1128 1552/1306/1126 1558/1312/1132 
f 1549/1303/1123 1559/1313/1133 1558/1312/1132 1550/1304/1124 
f 1560/1314/1134 1561/1315/1135 1562/1316/1136 1563/1317/1137 
f 1563/1317/1137 1562/1316/1136 1556/1310/1130 1558/1312/1132 
f 1561/1315/1135 1557/1311/1131 1556/1310/1130 1562/1316/1136 
f 1550/1304/1124 1558/1312/1132 1552/1306/1126 
f 1564/1318/1138 1565/1319/1139 1566/1320/1140 1567/1321/1141 
f 1567/1321/1141 1566/1320/1140 1568/1322/1142 1569/1323/1143 
f 1569/1323/1143 1568/1322/1142 1570/1324/1144 
f 1565/1319/1139 1564/1318/1138 1571/1325/1145 1572/1326/1146 
f 1571/1325/1145 1564/1318/1138 1573/1327/1147 1574/1328/1148 
f 1571/1325/1145 1574/1328/1148 1575/1329/1149 
f 1575/1329/1149 1574/1328/1148 1576/1330/1150 
f 1577/1331/1151 1578/1332/1152 1575/1329/1149 
f 1575/1329/1149 1578/1332/1152 1571/1325/1145 
f 1578/1332/1152 1572/1326/1146 1571/1325/1145 
f 1572/1326/1146 1568/1322/1142 1566/1320/1140 1565/1319/1139 
f 1569/1323/1143 1570/1324/1144 1579/1333/1153 1580/1334/1154 
f 1580/1334/1154 1579/1333/1153 1581/1335/1155 
f 1581/1335/1155 1579/1333/1153 1582/1336/1156 
f 1583/1337/1157 1584/1338/1158 1581/1335/1155 
f 1581/1335/1155 1584/1338/1158 1580/1334/1154 
f 1584/1338/1158 1585/1339/1159 1586/1340/1160 1580/1334/1154 
f 1580/1334/1154 1586/1340/1160 1569/1323/1143 
f 1586/1340/1160 1567/1321/1141 1569/1323/1143 
s 2
f 1587/1314/1161 1588/1315/1162 1589/1341/1163 1590/1342/1164 
s 1
f 1590/1342/1165 1589/1341/1166 1591/1343/1167 
f 1591/1343/1167 1589/1341/1166 1592/1344/1168 
f 1591/1343/1167 1592/1344/1168 1593/1345/1169 1594/1346/1170 
f 1593/1345/1169 1592/1344/1168 1595/1347/1171 1596/1348/1172 
f 1596/1348/1172 1595/1347/1171 1597/1349/1173 1560/1350/1134 
f 1560/1350/1134 1597/1349/1173 1598/1351/1174 1561/1352/1135 
f 1561/1352/1135 1598/1351/1174 1599/1353/1175 1557/1354/1131 
f 1557/1354/1131 1599/1353/1175 1600/1355/1176 1555/1356/1129 
f 1600/1355/1176 1599/1353/1175 1601/1357/1177 
f 1600/1355/1176 1601/1357/1177 1602/1358/1178 
s 2
f 1602/1358/1179 1601/1357/1180 1603/1359/1181 1604/1360/1182 
s 4
f 1589/1341/1183 1588/1315/1184 1605/1311/1184 1606/1361/1183 
s 1
f 1606/1361/1185 1605/1311/1186 1607/1362/1186 1608/1363/1187 
s 2
f 1608/1363/1188 1607/1362/1189 1609/1364/1190 1610/1365/1188 
s 4
f 1610/1365/1191 1609/1364/1192 1603/1359/1192 1601/1357/1191 
s 8
f 1595/1347/1193 1592/1344/1193 1589/1341/1193 1606/1361/1193 
s 16
f 1597/1349/1194 1595/1347/1194 1606/1361/1194 1608/1363/1194 
s 8
f 1598/1351/1195 1597/1349/1195 1608/1363/1195 1610/1365/1195 
s 16
f 1599/1353/1196 1598/1351/1196 1610/1365/1196 1601/1357/1196 
s 1
f 1574/1366/1148 1611/1367/1197 1612/1368/1198 1576/1369/1150 
f 1576/1369/1150 1612/1368/1198 1613/1370/1199 1614/1371/1200 
f 1614/1371/1200 1613/1370/1199 1615/1372/1201 1616/1373/1202 
f 1616/1373/1202 1615/1372/1201 1617/1374/1203 
f 1617/1374/1203 1615/1372/1201 1618/1375/1204 
f 1618/1375/1204 1615/1372/1201 1619/1376/1205 
f 1618/1375/1204 1619/1376/1205 1620/1377/1206 
s 2
f 1620/1377/1207 1619/1376/1208 1621/1378/1209 1622/1330/1210 
f 1623/1379/1211 1624/1380/1212 1625/1381/1213 1626/1382/1214 
s 1
f 1626/1382/1215 1625/1381/1216 1627/1383/1217 
f 1627/1383/1217 1625/1381/1216 1573/1384/1147 
f 1627/1383/1217 1573/1384/1147 1567/1385/1141 
f 1567/1385/1141 1573/1384/1147 1564/1386/1138 
f 1574/1366/1148 1573/1384/1147 1611/1367/1197 
s 8
f 1611/1367/1218 1628/1387/1218 1629/1388/1218 1612/1368/1218 
s 16
f 1612/1368/1219 1629/1388/1219 1630/1389/1220 1613/1370/1220 
s 8
f 1613/1370/1221 1630/1389/1221 1619/1376/1221 1615/1372/1221 
s 2
f 1628/1387/1222 1631/1390/1223 1632/1391/1223 1629/1388/1222 
s 1
f 1629/1388/1224 1632/1391/1225 1633/1392/1225 1630/1389/1226 
s 4
f 1630/1389/1227 1633/1392/1228 1621/1378/1228 1619/1376/1229 
s 16
f 1573/1384/1230 1625/1381/1230 1628/1387/1230 1611/1367/1230 
s 4
f 1625/1381/1231 1624/1380/1232 1631/1390/1232 1628/1387/1231 
s 2
f 1623/1360/1211 1604/1393/1182 1603/1394/1181 1624/1359/1212 
s 4
f 1624/1359/1232 1603/1394/1192 1609/1395/1192 1631/1364/1232 
s 2
f 1631/1364/1223 1609/1395/1190 1607/1396/1189 1632/1309/1223 
s 1
f 1632/1309/1225 1607/1396/1186 1605/1397/1186 1633/1311/1225 
s 4
f 1633/1311/1228 1605/1397/1184 1588/1398/1184 1621/1315/1228 
s 2
f 1621/1315/1209 1588/1398/1162 1587/1399/1161 1622/1314/1210 
s 1
f 1577/1400/1151 1575/1401/1149 1634/1402/1233 
f 1634/1402/1233 1575/1401/1149 1635/1403/1234 
f 1634/1402/1233 1635/1403/1234 1636/1404/1235 1637/1405/1236 
f 1637/1405/1236 1636/1404/1235 1638/1406/1237 1639/1407/1238 
f 1639/1407/1238 1638/1406/1237 1617/1408/1203 1640/1409/1239 
f 1640/1409/1239 1617/1408/1203 1641/1410/1240 
f 1576/1379/1150 1614/1411/1200 1575/1401/1149 
f 1575/1401/1149 1614/1411/1200 1635/1403/1234 
f 1614/1411/1200 1616/1412/1202 1635/1403/1234 
f 1635/1403/1234 1616/1412/1202 1636/1404/1235 
f 1616/1412/1202 1617/1408/1203 1638/1406/1237 1636/1404/1235 
f 1640/1409/1239 1641/1410/1240 1642/1413/1241 1643/1414/1242 
f 1642/1413/1241 1641/1410/1240 1644/1415/1243 1645/1416/1244 
f 1642/1413/1241 1645/1416/1244 1581/1417/1155 
f 1581/1417/1155 1645/1416/1244 1583/1418/1157 
f 1582/1419/1156 1646/1420/1245 1581/1417/1155 
f 1581/1417/1155 1646/1420/1245 1642/1413/1241 
f 1646/1420/1245 1643/1414/1242 1642/1413/1241 
f 1643/1414/1242 1639/1407/1238 1640/1409/1239 
f 1582/1421/1156 1579/1422/1153 1643/1423/1242 1646/1424/1245 
f 1643/1423/1242 1579/1422/1153 1570/1425/1144 1639/1426/1238 
f 1639/1426/1238 1570/1425/1144 1568/1427/1142 1637/1428/1236 
f 1637/1428/1236 1568/1427/1142 1572/1429/1146 1634/1430/1233 
f 1634/1430/1233 1572/1429/1146 1578/1431/1152 1577/1432/1151 
f 1560/1360/1134 1563/1433/1137 1647/1434/1246 1596/1359/1172 
f 1596/1359/1172 1647/1434/1246 1648/1435/1247 1593/1364/1169 
f 1593/1364/1169 1648/1435/1247 1649/1436/1248 1594/1437/1170 
f 1594/1437/1170 1649/1436/1248 1650/1438/1249 1651/1439/1250 
f 1650/1438/1249 1649/1436/1248 1648/1435/1247 1558/1440/1132 
f 1563/1433/1137 1558/1440/1132 1648/1435/1247 1647/1434/1246 
f 1548/1441/1122 1652/1442/1251 1559/1443/1133 1549/1444/1123 
f 1652/1442/1251 1651/1439/1250 1650/1438/1249 1559/1443/1133 
f 1559/1443/1133 1650/1438/1249 1558/1440/1132 
s 4
f 1622/1302/1252 1587/1445/1253 1653/1446/1254 1654/1305/1255 
s 2
f 1654/1305/1256 1653/1446/1257 1655/1447/1257 1656/1307/1256 
s 1
f 1656/1307/1258 1655/1447/1259 1657/1448/1260 1658/1437/1258 
s 2
f 1658/1437/1261 1657/1448/1262 1659/1449/1262 1660/1439/1261 
s 4
f 1660/1439/1263 1659/1449/1264 1661/1450/1264 1662/1442/1265 
s 8
f 1662/1442/1266 1661/1450/1267 1604/1451/1268 1623/1441/1269 
f 1662/1452/1266 1623/1418/1269 1626/1453/1270 1663/1454/1271 
s 1
f 1663/1454/1272 1626/1453/1215 1627/1455/1217 
f 1663/1454/1272 1627/1455/1217 1664/1456/1273 
f 1664/1456/1273 1627/1455/1217 1567/1457/1141 
f 1664/1456/1273 1567/1457/1141 1586/1458/1160 
f 1664/1456/1273 1586/1458/1160 1585/1459/1159 
f 1585/1459/1159 1584/1460/1158 1583/1461/1157 1665/1462/1274 
f 1665/1462/1274 1583/1461/1157 1645/1463/1244 1666/1464/1275 
f 1666/1464/1275 1645/1463/1244 1644/1465/1243 
f 1644/1465/1243 1641/1466/1240 1617/1467/1203 
f 1617/1467/1203 1618/1468/1204 1644/1465/1243 
f 1644/1465/1243 1618/1468/1204 1667/1469/1276 
s 8
f 1644/1465/1277 1667/1469/1277 1668/1470/1277 1666/1464/1277 
s 4
f 1666/1464/1278 1668/1470/1278 1669/1471/1278 1665/1462/1278 
s 8
f 1665/1462/1279 1669/1471/1279 1670/1472/1280 1585/1459/1280 
s 16
f 1585/1459/1281 1670/1472/1281 1663/1454/1281 1664/1456/1281 
s 1
f 1618/1468/1204 1620/1473/1206 1667/1469/1276 
s 4
f 1667/1469/1282 1620/1473/1283 1622/1337/1252 1654/1474/1255 
s 2
f 1667/1469/1284 1654/1474/1256 1656/1475/1256 1668/1470/1285 
s 1
f 1668/1470/1286 1656/1475/1258 1658/1476/1258 1669/1471/1286 
s 2
f 1669/1471/1287 1658/1476/1261 1660/1477/1261 1670/1472/1287 
s 4
f 1670/1472/1288 1660/1477/1263 1662/1452/1265 1663/1454/1289 
s 1
f 1553/1478/1127 1555/1479/1129 1600/1480/1176 1671/1481/1290 
f 1671/1481/1290 1600/1480/1176 1672/1482/1291 
f 1672/1482/1291 1600/1480/1176 1602/1483/1178 
s 8
f 1672/1482/1292 1602/1483/1293 1604/1441/1268 1661/1442/1267 
s 4
f 1672/1482/1294 1661/1442/1264 1659/1439/1264 1673/1484/1294 
s 2
f 1673/1484/1295 1659/1439/1262 1657/1485/1262 1674/1486/1295 
s 1
f 1674/1486/1296 1657/1485/1260 1655/1307/1259 1675/1487/1297 
s 2
f 1675/1487/1298 1655/1307/1257 1653/1305/1257 1676/1488/1298 
s 4
f 1676/1488/1299 1653/1305/1254 1587/1302/1253 1590/1489/1300 
s 1
f 1590/1489/1165 1591/1490/1167 1676/1488/1301 
f 1676/1488/1301 1591/1490/1167 1677/1491/1302 
s 8
f 1676/1488/1303 1677/1491/1303 1678/1492/1303 1675/1487/1303 
s 4
f 1675/1487/1304 1678/1492/1304 1679/1493/1304 1674/1486/1304 
s 8
f 1674/1486/1305 1679/1493/1305 1680/1494/1306 1673/1484/1306 
s 16
f 1673/1484/1307 1680/1494/1307 1671/1481/1307 1672/1482/1307 
s 1
f 1591/1490/1167 1594/1495/1170 1651/1496/1250 1677/1491/1302 
f 1677/1491/1302 1651/1496/1250 1652/1497/1251 1678/1492/1308 
f 1678/1492/1308 1652/1497/1251 1548/1498/1122 1679/1493/1309 
f 1679/1493/1309 1548/1498/1122 1551/1499/1125 1680/1494/1310 
f 1680/1494/1310 1551/1499/1125 1553/1478/1127 1671/1481/1290 
f 1207/1500/138 1030/1501/138 1028/267/138 1205/266/138 
s 2
f 1205/266/137 1028/267/137 1026/1502/137 1203/1503/137 
s 1
f 1203/1503/136 1026/1502/136 1024/1504/136 1201/1505/136 
s 2
f 1201/1505/135 1024/1504/135 1022/267/135 1199/266/135 
s 1
f 1199/266/134 1022/267/134 1020/1506/134 1197/1507/134 
s 2
f 1197/1507/133 1020/1506/133 1018/1508/133 1195/1509/133 
s 1
f 1195/1509/132 1018/1508/132 993/279/132 1168/278/132 
s 2
f 1168/278/143 993/279/143 1016/1510/143 1193/1511/143 
s 1
f 1193/1511/142 1016/1510/142 1014/1508/142 1191/1509/142 
s 2
f 1191/1509/141 1014/1508/141 1013/279/141 1188/278/141 
s 1
f 1188/278/140 1013/279/140 1032/1512/140 1209/1513/140 
s 2
f 1209/1513/139 1032/1512/139 1030/1501/139 1207/1500/139 
s 4
f 1203/288/128 1197/289/128 1195/287/128 1205/286/128 
f 1205/286/128 1195/287/128 1168/285/128 1207/284/128 
f 1207/284/128 1168/285/128 1193/282/128 1209/283/128 
f 1209/283/128 1193/282/128 1191/291/128 1188/279/128 
f 1197/289/128 1203/288/128 1201/290/128 1199/278/128 
f 1030/282/130 1014/283/130 1016/284/130 1028/285/130 
f 1028/285/130 1016/284/130 993/286/130 1026/287/130 
f 1026/287/130 993/286/130 1018/288/130 1024/289/130 
f 1024/289/130 1018/288/130 1020/290/130 1022/278/130 
f 1014/283/130 1030/282/130 1032/291/130 1013/279/130 
s 1
f 1031/1500/138 317/1501/138 315/267/138 1029/266/138 
s 2
f 1029/266/137 315/267/137 313/1502/137 1027/1503/137 
s 1
f 1027/1503/136 313/1502/136 311/1504/136 1025/1505/136 
s 2
f 1025/1505/135 311/1504/135 309/267/135 1023/266/135 
s 1
f 1023/266/134 309/267/134 307/1506/134 1021/1507/134 
s 2
f 1021/1507/133 307/1506/133 305/1508/133 1019/1509/133 
s 1
f 1019/1509/132 305/1508/132 280/279/132 992/278/132 
s 2
f 992/278/143 280/279/143 303/1510/143 1017/1511/143 
s 1
f 1017/1511/142 303/1510/142 301/1508/142 1015/1509/142 
s 2
f 1015/1509/141 301/1508/141 300/279/141 1012/278/141 
s 1
f 1012/278/140 300/279/140 319/1512/140 1033/1513/140 
s 2
f 1033/1513/139 319/1512/139 317/1501/139 1031/1500/139 
s 4
f 1027/288/128 1021/289/128 1019/287/128 1029/286/128 
f 1029/286/128 1019/287/128 992/285/128 1031/284/128 
f 1031/284/128 992/285/128 1017/282/128 1033/283/128 
f 1033/283/128 1017/282/128 1015/291/128 1012/279/128 
f 1021/289/128 1027/288/128 1025/290/128 1023/278/128 
f 317/282/130 301/283/130 303/284/130 315/285/130 
f 315/285/130 303/284/130 280/286/130 313/287/130 
f 313/287/130 280/286/130 305/288/130 311/289/130 
f 311/289/130 305/288/130 307/290/130 309/278/130 
f 301/283/130 317/282/130 319/291/130 300/279/130 
s 1
f 318/1500/138 1681/1501/138 1682/267/138 316/266/138 
s 2
f 316/266/137 1682/267/137 1683/1502/137 314/1503/137 
s 1
f 314/1503/136 1683/1502/136 1684/1504/136 312/1505/136 
s 2
f 312/1505/135 1684/1504/135 1685/267/135 310/266/135 
s 1
f 310/266/134 1685/267/134 1686/1506/134 308/1507/134 
s 2
f 308/1507/133 1686/1506/133 1687/1508/133 306/1509/133 
s 1
f 306/1509/132 1687/1508/132 1688/279/132 279/278/132 
s 2
f 279/278/143 1688/279/143 1689/1510/143 304/1511/143 
s 1
f 304/1511/142 1689/1510/142 1690/1508/142 302/1509/142 
s 2
f 302/1509/141 1690/1508/141 1691/279/141 299/278/141 
s 1
f 299/278/140 1691/279/140 1692/1512/140 320/1513/140 
s 2
f 320/1513/139 1692/1512/139 1681/1501/139 318/1500/139 
s 4
f 314/288/128 308/289/128 306/287/128 316/286/128 
f 316/286/128 306/287/128 279/285/128 318/284/128 
f 318/284/128 279/285/128 304/282/128 320/283/128 
f 320/283/128 304/282/128 302/291/128 299/279/128 
f 308/289/128 314/288/128 312/290/128 310/278/128 
f 1681/282/130 1690/283/130 1689/284/130 1682/285/130 
f 1682/285/130 1689/284/130 1688/286/130 1683/287/130 
f 1683/287/130 1688/286/130 1687/288/130 1684/289/130 
f 1684/289/130 1687/288/130 1686/290/130 1685/278/130 
f 1690/283/130 1681/282/130 1692/291/130 1691/279/130 
s 1
f 1693/274/135 1694/275/135 1695/270/135 1696/271/135 
s 2
f 1696/271/136 1695/270/136 1697/264/136 1698/265/136 
s 1
f 1698/265/137 1697/264/137 1699/266/137 1700/267/137 
s 2
f 1700/267/138 1699/266/138 1701/280/138 1702/281/138 
s 1
f 1702/281/139 1701/280/139 1703/262/139 1704/263/139 
s 2
f 1704/263/140 1703/262/140 1705/249/140 1706/250/140 
f 1694/272/134 1693/273/134 1707/271/134 1708/270/134 
s 1
f 1708/270/133 1707/271/133 1709/833/133 1710/834/133 
s 2
f 1710/834/132 1709/833/132 1711/279/132 1712/278/132 
s 1
f 1712/278/143 1711/279/143 1713/835/143 1714/836/143 
s 2
f 1714/836/142 1713/835/142 1715/263/142 1716/262/142 
s 1
f 1716/262/141 1715/263/141 1706/247/141 1705/248/141 
s 4
f 1715/283/130 1709/288/130 1707/290/130 1706/279/130 
f 1706/279/130 1707/290/130 1693/278/130 1704/291/130 
f 1704/291/130 1693/278/130 1696/289/130 1702/282/130 
f 1702/282/130 1696/289/130 1698/287/130 1700/285/130 
f 1709/288/130 1715/283/130 1713/284/130 1711/286/130 
f 1703/283/128 1697/288/128 1695/290/128 1705/279/128 
f 1705/279/128 1695/290/128 1694/278/128 1716/291/128 
f 1716/291/128 1694/278/128 1708/289/128 1714/282/128 
f 1714/282/128 1708/289/128 1710/287/128 1712/285/128 
f 1697/288/128 1703/283/128 1701/284/128 1699/286/128 
s 1
f 1717/1514/1311 1718/628/1312 1719/629/1313 1720/1515/1314 
s 2
f 1720/1515/1315 1719/629/1316 1721/631/1317 1722/1516/1315 
s 1
f 1722/1516/1318 1721/631/1319 1723/633/1319 1724/1517/1320 
s 2
f 1724/1517/1321 1723/633/1322 1725/635/1322 1726/1518/1323 
s 1
f 1726/1518/1324 1725/635/1325 1727/637/1325 1728/1519/1326 
s 2
f 1728/1519/1327 1727/637/1328 1729/272/1329 1730/1520/1330 
s 4
f 1730/1520/1331 1731/1521/1331 1732/1522/1331 1728/1519/1331 
s 8
f 1728/1519/1332 1732/1522/1332 1733/1523/1332 1726/1518/1332 
s 4
f 1726/1518/1333 1733/1523/1333 1734/1524/1333 1724/1517/1333 
s 8
f 1724/1517/1334 1734/1524/1334 1735/1525/1334 1722/1516/1334 
s 4
f 1722/1516/1335 1735/1525/1335 1736/1526/1336 1720/1515/1336 
s 8
f 1720/1515/1337 1736/1526/1337 1737/1527/1337 1717/1514/1337 
s 1
f 1737/1527/1338 1736/1526/1339 1738/1528/1340 1739/1529/1341 
f 1731/1521/1342 1740/1530/1343 1741/1531/1344 1732/1522/1345 
f 1732/1522/1345 1741/1531/1344 1742/1532/1346 1733/1523/1347 
f 1733/1523/1347 1742/1532/1346 1743/1533/1348 1734/1524/1349 
f 1734/1524/1349 1743/1533/1348 1744/1534/1350 1735/1525/1351 
f 1735/1525/1351 1744/1534/1350 1738/1528/1340 1736/1526/1339 
s 2
f 1745/249/1352 1718/250/1353 1746/570/1354 1747/569/1352 
s 1
f 1747/569/1355 1746/570/1356 1748/1535/1357 1749/1536/1355 
s 2
f 1749/1536/1358 1748/1535/1359 1750/566/1360 1751/565/1358 
s 1
f 1751/565/1361 1750/566/1362 1752/1537/1363 1753/1538/1361 
s 2
f 1753/1538/1364 1752/1537/1365 1754/562/1365 1755/561/1364 
s 1
f 1755/561/1366 1754/562/1367 1729/559/1368 1756/560/1366 
s 4
f 1747/602/128 1753/583/128 1755/588/128 1745/601/128 
f 1745/601/128 1755/588/128 1756/590/128 1757/599/128 
f 1757/599/128 1756/590/128 1758/591/128 1759/597/128 
f 1759/597/128 1758/591/128 1760/592/128 1761/575/128 
f 1753/583/128 1747/602/128 1749/603/128 1751/566/128 
s 1
f 1718/627/1312 1745/628/1369 1757/629/1369 1719/630/1313 
s 2
f 1719/630/1316 1757/629/1370 1759/631/1370 1721/632/1317 
s 1
f 1721/632/1319 1759/631/1371 1761/633/1371 1723/634/1319 
s 2
f 1723/634/1322 1761/633/1372 1760/635/1372 1725/636/1322 
s 1
f 1725/636/1325 1760/635/1373 1758/637/1373 1727/638/1325 
s 2
f 1727/638/1328 1758/637/1374 1756/272/1374 1729/273/1329 
f 1718/249/1353 1717/1539/1375 1762/1540/1376 1746/569/1354 
s 1
f 1746/569/1356 1762/1540/1377 1763/1541/1377 1748/1536/1357 
s 2
f 1748/1536/1359 1763/1541/1378 1764/1542/1378 1750/565/1360 
s 1
f 1750/565/1362 1764/1542/1379 1765/1543/1380 1752/1538/1363 
s 2
f 1752/1538/1365 1765/1543/1381 1766/1544/1382 1754/561/1365 
s 1
f 1754/561/1367 1766/1544/1383 1730/1545/1384 1729/560/1368 
s 8
f 1730/1545/1385 1766/1544/1385 1767/1546/1385 1731/1547/1385 
s 1
f 1731/1547/1342 1767/1546/1386 1768/1548/1387 1740/1549/1343 
s 4
f 1717/1539/1388 1737/1550/1388 1769/1551/1388 1762/1540/1388 
s 8
f 1762/1540/1389 1769/1551/1389 1770/1552/1389 1763/1541/1389 
s 4
f 1763/1541/1390 1770/1552/1390 1771/1553/1390 1764/1542/1390 
s 8
f 1764/1542/1391 1771/1553/1391 1772/1554/1391 1765/1543/1391 
s 4
f 1765/1543/1392 1772/1554/1392 1767/1546/1393 1766/1544/1393 
s 1
f 1737/1550/1338 1739/1555/1341 1773/1556/1394 1769/1551/1395 
f 1769/1551/1395 1773/1556/1394 1774/1557/1396 1770/1552/1397 
f 1770/1552/1397 1774/1557/1396 1775/1558/1398 1771/1553/1399 
f 1771/1553/1399 1775/1558/1398 1776/1559/1400 1772/1554/1401 
f 1772/1554/1401 1776/1559/1400 1768/1548/1387 1767/1546/1386 
f 1768/626/1387 1774/605/1396 1773/612/1394 1740/625/1343 
f 1740/625/1343 1773/612/1394 1739/614/1341 1741/623/1344 
f 1741/623/1344 1739/614/1341 1738/615/1340 1742/621/1346 
f 1742/621/1346 1738/615/1340 1744/616/1350 1743/565/1348 
f 1774/605/1396 1768/626/1387 1776/609/1400 1775/576/1398 
f 1777/1560/1402 1778/628/1403 1779/629/1404 1780/1561/1405 
s 2
f 1780/1561/1406 1779/629/1407 1781/631/1407 1782/1562/1406 
s 4
f 1782/1562/1408 1781/631/1409 1783/633/1409 1784/1563/1408 
s 2
f 1784/1563/1410 1783/633/1411 1785/635/1411 1786/1564/1410 
s 4
f 1786/1564/1412 1785/635/1413 1787/637/1413 1788/1565/1412 
s 1
f 1788/1565/1414 1787/637/1415 1789/272/1416 1790/1566/1417 
s 2
f 1788/1565/1418 1790/1566/1419 1791/1567/1420 1792/1568/1421 
s 8
f 1788/1565/1422 1792/1568/1422 1793/1569/1422 1786/1564/1422 
s 1
f 1786/1564/1423 1793/1569/1423 1794/1570/1423 1784/1563/1423 
s 8
f 1784/1563/1334 1794/1570/1424 1795/1571/1424 1782/1562/1424 
s 16
f 1782/1562/1336 1795/1571/1336 1796/1572/1335 1780/1561/1335 
s 4
f 1780/1561/1425 1796/1572/1426 1797/1573/1427 1777/1560/1428 
s 32
f 1797/1573/1429 1796/1572/1430 1798/1574/1431 1799/1575/1432 
f 1792/1568/1433 1791/1567/1434 1800/1576/1435 1801/1577/1436 
f 1792/1568/1433 1801/1577/1436 1802/1578/1346 1793/1569/1347 
f 1793/1569/1347 1802/1578/1346 1803/1579/1437 1794/1570/1349 
f 1794/1570/1349 1803/1579/1437 1804/1580/1438 1795/1571/1439 
f 1795/1571/1439 1804/1580/1438 1798/1574/1431 1796/1572/1430 
s 1
f 1805/1581/1440 1806/1582/1441 1807/1583/1442 
f 1807/1583/1442 1806/1582/1441 1808/1584/1443 
f 1807/1583/1442 1808/1584/1443 1809/1585/1444 
f 1809/1585/1444 1808/1584/1443 1810/630/1445 1811/627/1446 
f 1808/1584/1443 1806/1582/1441 1812/1586/1447 1813/1587/1448 
f 1813/1587/1448 1812/1586/1447 1814/1588/1449 1815/1589/1450 
f 1815/1589/1450 1814/1588/1449 1816/1590/1451 1817/1591/1452 
f 1817/1591/1452 1816/1590/1451 1818/1592/1453 1819/1593/1454 
f 1819/1593/1454 1818/1592/1453 1820/1594/1455 
f 1820/1594/1455 1818/1592/1453 1821/1595/1456 
f 1820/1594/1455 1822/1596/1457 1819/1593/1454 
f 1819/1593/1454 1822/1596/1457 1823/273/1458 1824/638/1459 
s 4
f 1819/1593/1460 1824/638/1461 1825/1597/1462 1817/1591/1463 
s 2
f 1817/1591/1464 1825/1597/1465 1826/634/1466 1815/1589/1464 
s 4
f 1815/1589/1467 1826/634/1468 1827/1598/1468 1813/1587/1467 
s 2
f 1813/1587/1469 1827/1598/1470 1810/630/1470 1808/1584/1471 
s 1
f 1811/249/1446 1778/1599/1403 1828/1600/1472 1829/569/1473 
s 2
f 1829/569/1474 1828/1600/1475 1830/1601/1475 1831/1536/1476 
s 4
f 1831/1536/1477 1830/1601/1478 1832/1602/1478 1833/565/1479 
s 2
f 1833/565/1480 1832/1602/1481 1834/1603/1481 1835/1538/1480 
s 4
f 1835/1538/1482 1834/1603/1483 1836/1604/1483 1837/561/1482 
s 1
f 1837/561/1484 1836/1604/1485 1789/1605/1416 1823/560/1458 
f 1805/1606/1440 1807/1607/1442 1838/1608/1486 
f 1838/1608/1486 1807/1607/1442 1839/1609/1487 
f 1838/1608/1486 1839/1609/1487 1840/1610/1488 1841/1611/1489 
f 1841/1611/1489 1840/1610/1488 1842/1612/1490 1843/1613/1491 
f 1843/1613/1491 1842/1612/1490 1844/1614/1492 1845/1615/1493 
f 1845/1615/1493 1844/1614/1492 1846/1616/1494 1847/1617/1495 
f 1847/1617/1495 1846/1616/1494 1820/1618/1455 
f 1820/1618/1455 1846/1616/1494 1822/1619/1457 
f 1822/1619/1457 1846/1616/1494 1837/562/1484 1823/559/1458 
f 1807/1607/1442 1809/1620/1444 1839/1609/1487 
f 1839/1609/1487 1809/1620/1444 1811/250/1446 1829/570/1473 
s 2
f 1839/1609/1496 1829/570/1474 1831/1535/1476 1840/1610/1497 
s 4
f 1840/1610/1498 1831/1535/1477 1833/566/1479 1842/1612/1499 
s 2
f 1842/1612/1500 1833/566/1480 1835/1537/1480 1844/1614/1500 
s 4
f 1844/1614/1501 1835/1537/1482 1837/562/1482 1846/1616/1502 
s 1
f 1820/1618/1455 1821/1621/1456 1847/1617/1495 
s 32
f 1848/626/1503 1849/605/1396 1850/612/1504 1800/625/1435 
f 1800/625/1435 1850/612/1504 1799/614/1432 1801/623/1436 
f 1801/623/1436 1799/614/1432 1798/615/1431 1802/621/1346 
f 1802/621/1346 1798/615/1431 1804/616/1438 1803/565/1437 
f 1849/605/1396 1848/626/1503 1851/609/1505 1852/576/1506 
s 1
f 1828/569/1472 1778/249/1403 1777/1622/1402 1853/1623/1507 
s 8
f 1853/1623/1508 1777/1622/1509 1797/1624/1510 1854/1625/1511 
s 32
f 1854/1625/1512 1797/1624/1429 1799/1626/1432 1850/1627/1504 
f 1854/1625/1512 1850/1627/1504 1849/1628/1396 1855/1629/1513 
f 1855/1629/1513 1849/1628/1396 1852/1630/1506 1856/1631/1399 
f 1856/1631/1399 1852/1630/1506 1851/1632/1505 1857/1633/1514 
f 1857/1633/1514 1851/1632/1505 1848/1634/1503 1858/1635/1515 
f 1858/1635/1515 1848/1634/1503 1800/1636/1435 1791/1637/1434 
s 8
f 1791/1637/1516 1790/1638/1517 1859/1639/1518 1858/1635/1519 
s 16
f 1858/1635/1392 1859/1639/1392 1860/1640/1393 1857/1633/1393 
s 1
f 1857/1633/1520 1860/1640/1520 1861/1641/1391 1856/1631/1520 
s 8
f 1856/1631/1521 1861/1641/1521 1862/1642/1521 1855/1629/1521 
s 16
f 1855/1629/1522 1862/1642/1522 1853/1623/1522 1854/1625/1522 
s 1
f 1790/1638/1417 1789/560/1416 1836/561/1485 1859/1639/1523 
s 4
f 1859/1639/1524 1836/561/1483 1834/563/1483 1860/1640/1524 
s 2
f 1860/1640/1525 1834/563/1481 1832/565/1481 1861/1641/1525 
s 4
f 1861/1641/1526 1832/565/1478 1830/567/1478 1862/1642/1526 
s 2
f 1862/1642/1527 1830/567/1475 1828/569/1475 1853/1623/1527 
s 1
f 1778/1643/1403 1811/628/1446 1810/629/1445 1779/1644/1404 
s 2
f 1779/1644/1407 1810/629/1470 1827/631/1470 1781/1645/1407 
s 4
f 1781/1645/1409 1827/631/1468 1826/633/1468 1783/1646/1409 
s 2
f 1783/1646/1411 1826/633/1466 1825/635/1465 1785/1647/1411 
s 4
f 1785/1647/1413 1825/635/1462 1824/637/1461 1787/1648/1413 
s 1
f 1787/1648/1415 1824/637/1459 1823/272/1458 1789/1649/1416 
f 1806/630/1441 1805/627/1440 1863/1650/1528 1864/1651/1529 
f 1864/1651/1529 1863/1650/1528 1865/1652/1530 1866/1653/1531 
f 1866/1653/1531 1867/1654/1532 1868/1655/1533 1864/1651/1529 
f 1864/1651/1529 1868/1655/1533 1869/1656/1534 
f 1869/1656/1534 1868/1655/1533 1870/1657/1535 1871/1658/1536 
f 1871/1658/1536 1870/1657/1535 1872/1659/1537 1873/1660/1538 
f 1873/1660/1538 1872/1659/1537 1874/1661/1539 1875/1662/1540 
f 1873/1660/1538 1875/1662/1540 1816/636/1451 1814/634/1449 
f 1816/636/1451 1875/1662/1540 1876/1663/1541 1818/638/1453 
f 1818/638/1453 1876/1663/1541 1877/1664/1542 
f 1818/638/1453 1877/1664/1542 1878/1665/1543 1821/273/1456 
f 1878/1665/1543 1877/1664/1542 1879/1666/1544 1880/1667/1545 
f 1879/1666/1544 1877/1664/1542 1876/1663/1541 1881/1668/1546 
f 1881/1668/1546 1876/1663/1541 1875/1662/1540 1874/1661/1539 
f 1873/1660/1538 1814/634/1449 1812/1598/1447 1871/1658/1536 
f 1871/1658/1536 1812/1598/1447 1806/630/1441 1869/1656/1534 
f 1869/1656/1534 1806/630/1441 1864/1651/1529 
f 1880/1669/1545 1879/1670/1544 1882/1671/1547 1883/1672/1548 
f 1883/1672/1548 1882/1671/1547 1884/1673/1549 
f 1884/1673/1549 1882/1671/1547 1885/1674/1550 1886/1675/1551 
f 1886/1675/1551 1885/1674/1550 1887/1676/1552 1888/1677/1553 
f 1888/1677/1553 1887/1676/1552 1889/1678/1554 1890/1679/1555 
f 1888/1677/1553 1890/1679/1555 1841/568/1489 1843/566/1491 
f 1841/568/1489 1890/1679/1555 1891/1680/1556 1838/570/1486 
f 1838/570/1486 1891/1680/1556 1865/1681/1530 
f 1838/570/1486 1865/1681/1530 1863/1682/1528 1805/250/1440 
f 1866/1683/1531 1865/1681/1530 1892/1684/1557 1867/1685/1532 
f 1892/1684/1557 1865/1681/1530 1891/1680/1556 
f 1892/1684/1557 1891/1680/1556 1890/1679/1555 1889/1678/1554 
f 1888/1677/1553 1843/566/1491 1845/1537/1493 1886/1675/1551 
f 1886/1675/1551 1845/1537/1493 1847/562/1495 1884/1673/1549 
f 1884/1673/1549 1847/562/1495 1883/1672/1548 
f 1883/1672/1548 1847/562/1495 1821/559/1456 1878/1686/1543 
f 1878/1686/1543 1880/1669/1545 1883/1672/1548 
f 1892/602/1557 1885/583/1550 1882/588/1547 1867/601/1532 
f 1867/601/1532 1882/588/1547 1879/590/1544 1868/599/1533 
f 1868/599/1533 1879/590/1544 1881/591/1546 1870/597/1535 
f 1870/597/1535 1881/591/1546 1874/592/1539 1872/575/1537 
f 1885/583/1550 1892/602/1557 1889/603/1554 1887/566/1552 
f 1893/1687/1558 1894/1688/1558 1895/1689/1558 1896/1690/1558 
s 2
f 1896/1690/1559 1895/1689/1559 1897/1691/1559 1898/1692/1559 
s 1
f 1898/1692/1560 1897/1691/1560 1899/862/1560 1900/849/1560 
s 2
f 1900/849/1561 1899/862/1561 1901/1689/1561 1902/1690/1561 
s 1
f 1902/1690/1562 1901/1689/1562 1903/1691/1562 1904/1692/1562 
s 2
f 1904/1692/1563 1903/1691/1563 1905/862/1563 1906/849/1563 
s 1
f 1906/849/1564 1905/862/1564 1907/1693/1564 1908/1694/1564 
s 2
f 1908/1694/1565 1907/1693/1565 1909/1695/1565 1910/1696/1565 
s 1
f 1910/1696/1566 1909/1695/1566 1911/1688/1566 1912/1687/1566 
s 2
f 1912/1687/1567 1911/1688/1567 1913/1693/1567 1914/1694/1567 
s 1
f 1914/1694/1568 1913/1693/1568 1915/1695/1568 1916/1696/1568 
s 2
f 1916/1696/1569 1915/1695/1569 1894/1688/1569 1893/1687/1569 
s 4
f 1898/860/128 1904/861/128 1906/862/128 1896/863/128 
f 1896/863/128 1906/862/128 1908/864/128 1893/846/128 
f 1893/846/128 1908/864/128 1910/865/128 1916/866/128 
f 1916/866/128 1910/865/128 1912/867/128 1914/868/128 
f 1904/861/128 1898/860/128 1900/869/128 1902/870/128 
f 1894/849/130 1911/850/130 1909/851/130 1895/852/130 
f 1895/852/130 1909/851/130 1907/853/130 1897/854/130 
f 1897/854/130 1907/853/130 1905/845/130 1899/855/130 
f 1899/855/130 1905/845/130 1903/856/130 1901/857/130 
f 1911/850/130 1894/849/130 1915/858/130 1913/859/130 
s 1
f 1917/1697/1570 1918/1698/1571 1919/1699/1572 1920/1700/1573 
f 1920/1700/1573 1919/1699/1572 1921/1701/1574 1922/884/1132 
f 1918/1698/1571 1923/1702/1575 1921/1701/1574 1919/1699/1572 
f 1923/1702/1575 1924/1001/1576 1925/1703/1577 1921/1701/1574 
f 1921/1701/1574 1925/1703/1577 1926/1704/1578 1922/884/1132 
f 1925/1703/1577 1924/1001/1576 1927/1705/1579 1926/1704/1578 
f 1926/1704/1578 1927/1705/1579 1928/1706/1580 1929/1707/1581 
f 1929/1707/1581 1928/1706/1580 1930/247/1582 1931/1708/1583 
f 1931/1709/1583 1932/1710/1584 1922/881/1132 1929/1711/1581 
f 1929/1707/1581 1922/884/1132 1926/1704/1578 
f 1933/248/1585 1934/1712/1586 1935/1713/1587 
f 1935/1713/1587 1934/1712/1586 1936/1714/1588 
f 1935/1713/1587 1936/1714/1588 1937/1715/1589 
f 1937/1715/1589 1936/1714/1588 1938/1716/1590 1939/1717/1591 
f 1939/1717/1591 1938/1716/1590 1940/1718/1592 1941/1719/1593 
f 1941/1719/1593 1940/1718/1592 1942/1720/1594 1943/1721/1595 
f 1943/1721/1595 1942/1720/1594 1944/1722/1596 
f 1934/1712/1586 1945/1723/1597 1946/1724/1598 1936/1714/1588 
f 1936/1714/1588 1946/1724/1598 1938/1716/1590 
f 1946/1724/1598 1942/1720/1594 1940/1718/1592 1938/1716/1590 
f 1943/1721/1595 1944/1722/1596 1947/1725/1599 1948/1726/1600 
f 1947/1725/1599 1944/1722/1596 1949/1727/1601 1950/1728/1602 
f 1947/1725/1599 1950/1728/1602 1951/1729/1603 
f 1951/1729/1603 1950/1728/1602 1952/1730/1604 
f 1953/1731/1605 1954/1732/1606 1951/1729/1603 
f 1951/1729/1603 1954/1732/1606 1947/1725/1599 
f 1954/1732/1606 1948/1726/1600 1947/1725/1599 
f 1948/1726/1600 1941/1719/1593 1943/1721/1595 
f 1937/1715/1589 1955/1733/1607 1935/1713/1587 
s 2
f 1956/1734/1608 1957/1735/1609 1958/1736/1610 1959/1737/1611 
s 1
f 1959/1737/1612 1958/1736/1613 1960/1738/1614 
f 1960/1738/1614 1958/1736/1613 1961/1739/1615 
f 1960/1738/1614 1961/1739/1615 1927/1740/1579 1924/1741/1576 
f 1927/1740/1579 1961/1739/1615 1962/1742/1616 1928/1743/1580 
f 1928/1743/1580 1962/1742/1616 1963/1744/1617 1930/1745/1582 
f 1930/1745/1582 1963/1744/1617 1964/1746/1618 1965/1747/1619 
f 1965/1747/1619 1964/1746/1618 1966/1748/1620 1967/1749/1621 
f 1967/1749/1621 1966/1748/1620 1968/1750/1622 1969/1751/1623 
f 1968/1750/1622 1966/1748/1620 1970/1752/1624 
f 1968/1750/1622 1970/1752/1624 1971/1753/1625 
s 2
f 1971/1753/1626 1970/1752/1627 1972/1754/1628 1973/274/1629 
s 4
f 1958/1736/1630 1957/1735/1631 1974/1702/1632 1975/1755/1633 
s 1
f 1975/1755/1634 1974/1702/1635 1976/1001/1636 1977/1756/1637 
s 2
f 1977/1756/1638 1976/1001/1639 1978/1757/1639 1979/1758/1638 
s 4
f 1979/1758/1640 1978/1757/1641 1972/1754/1642 1970/1752/1643 
s 8
f 1962/1742/1644 1961/1739/1644 1958/1736/1644 1975/1755/1644 
s 16
f 1963/1744/1645 1962/1742/1645 1975/1755/1645 1977/1756/1645 
s 8
f 1964/1746/1646 1963/1744/1646 1977/1756/1646 1979/1758/1646 
s 16
f 1966/1748/1647 1964/1746/1648 1979/1758/1648 1970/1752/1647 
s 1
f 1980/1759/1649 1942/1760/1594 1981/1761/1650 
f 1981/1761/1650 1942/1760/1594 1946/1762/1598 
f 1981/1761/1650 1946/1762/1598 1945/1763/1597 
f 1945/1763/1597 1934/1764/1586 1933/1765/1585 1982/1766/1651 
f 1982/1766/1651 1933/1765/1585 1983/1767/1652 1984/1768/1653 
f 1984/1768/1653 1983/1767/1652 1985/1769/1654 1986/1770/1655 
f 1986/1770/1655 1985/1769/1654 1987/1771/1656 
f 1987/1771/1656 1988/1772/1657 1986/1770/1655 
f 1986/1770/1655 1988/1772/1657 1989/1773/1658 
s 8
f 1986/1770/1659 1989/1773/1659 1990/1774/1659 1984/1768/1659 
s 16
f 1984/1768/1660 1990/1774/1660 1991/1775/1661 1982/1766/1661 
s 8
f 1982/1766/1662 1991/1775/1662 1992/1776/1662 1945/1763/1662 
s 16
f 1945/1763/1663 1992/1776/1663 1993/1777/1664 1981/1761/1664 
s 1
f 1981/1761/1650 1993/1777/1665 1980/1759/1649 
f 1980/1759/1649 1993/1777/1665 1994/1778/1666 
s 2
f 1994/1778/1667 1993/1777/1668 1995/1779/1669 1996/1780/1670 
f 1997/275/1671 1998/1781/1672 1989/1773/1673 1999/1782/1674 
s 1
f 1999/1782/1675 1989/1773/1658 1988/1772/1657 
s 4
f 2000/1783/1676 1995/1779/1676 1993/1777/1677 1992/1776/1678 
s 1
f 2001/1784/1679 2000/1783/1679 1992/1776/1680 1991/1775/1680 
s 2
f 2002/1785/1681 2001/1784/1681 1991/1775/1682 1990/1774/1683 
s 4
f 1998/1781/1684 2002/1785/1685 1990/1774/1686 1989/1773/1687 
s 2
f 1997/274/1671 1973/1786/1629 1972/1787/1628 1998/1754/1672 
s 4
f 1998/1754/1684 1972/1787/1642 1978/1788/1641 2002/1789/1685 
s 2
f 2002/1789/1681 1978/1788/1639 1976/1790/1639 2001/1001/1681 
s 1
f 2001/1001/1679 1976/1790/1636 1974/1791/1635 2000/1792/1679 
s 4
f 2000/1792/1676 1974/1791/1632 1957/1793/1631 1995/1735/1676 
s 2
f 1995/1735/1669 1957/1793/1609 1956/1794/1608 1996/1734/1670 
s 1
f 1933/1780/1585 1935/1795/1587 1983/1796/1652 
f 1983/1796/1652 1935/1795/1587 2003/1797/1688 
f 1983/1796/1652 2003/1797/1688 1985/1798/1654 
f 1985/1798/1654 2003/1797/1688 2004/1799/1689 2005/1800/1690 
f 1985/1798/1654 2005/1800/1690 2006/1801/1691 1987/1802/1656 
f 1987/1802/1656 2006/1801/1691 2007/1803/1692 2008/1804/1693 
f 2008/1804/1693 2007/1803/1692 2009/1805/1694 
f 1955/1806/1607 2010/1807/1695 1935/1795/1587 
f 1935/1795/1587 2010/1807/1695 2003/1797/1688 
f 2010/1807/1695 2004/1799/1689 2003/1797/1688 
f 2004/1799/1689 2007/1803/1692 2006/1801/1691 2005/1800/1690 
f 2008/1804/1693 2009/1805/1694 2011/1808/1696 2012/1809/1697 
f 2012/1809/1697 2011/1808/1696 1951/1810/1603 
f 1951/1810/1603 2011/1808/1696 1953/1811/1605 
f 1952/275/1604 2013/1812/1698 1951/1810/1603 
f 1951/1810/1603 2013/1812/1698 2012/1809/1697 
f 2013/1812/1698 2014/1813/1699 2015/1814/1700 2012/1809/1697 
f 2012/1809/1697 2015/1814/1700 2008/1804/1693 
f 2015/1814/1700 1987/1802/1656 2008/1804/1693 
f 1955/931/1607 1937/1815/1589 2004/1816/1689 2010/1817/1695 
f 2004/1816/1689 1937/1815/1589 1939/1818/1591 2007/1819/1692 
f 2007/1819/1692 1939/1818/1591 1941/1820/1593 2009/1821/1694 
f 2009/1821/1694 1941/1820/1593 1948/1822/1600 2011/1823/1696 
f 2011/1823/1696 1948/1822/1600 1954/1824/1606 1953/1720/1605 
f 1930/1734/1582 1965/1735/1619 1932/1710/1584 1931/1709/1583 
f 1965/1735/1619 1967/1825/1621 2016/1826/1701 1932/1710/1584 
f 1932/1710/1584 2016/1826/1701 2017/1827/1702 1922/881/1132 
f 1967/1825/1621 1969/1828/1623 2017/1827/1702 2016/1826/1701 
f 2017/1827/1702 1969/1828/1623 2018/1757/1703 2019/1829/1704 
f 2019/1829/1704 2018/1757/1703 2020/1754/1705 2021/1830/1706 
f 2021/1830/1706 2020/1754/1705 1917/274/1570 1920/1831/1573 
f 1920/1831/1573 1922/881/1132 2019/1829/1704 2021/1830/1706 
f 2019/1829/1704 1922/881/1132 2017/1827/1702 
s 4
f 1973/1832/1707 1997/1697/1708 2022/1698/1709 2023/1833/1710 
s 2
f 2023/1833/1711 2022/1698/1712 2024/1825/1713 2025/1834/1714 
s 1
f 2025/1834/1715 2024/1825/1716 2026/1828/1716 2027/1835/1717 
s 2
f 2027/1835/1718 2026/1828/1719 2028/1705/1719 2029/1836/1718 
s 4
f 2029/1836/1720 2028/1705/1721 2030/1706/1722 2031/1837/1720 
s 8
f 2031/1837/1723 2030/1706/1724 1996/247/1725 1956/1838/1726 
s 1
f 1944/1839/1596 1942/1840/1594 1949/1841/1601 
f 1949/1841/1601 1942/1840/1594 1980/1842/1649 
f 1949/1841/1601 1980/1842/1649 2032/1843/1727 
f 2032/1843/1727 1980/1842/1649 1994/1844/1666 
s 8
f 2032/1843/1728 1994/1844/1729 1996/248/1725 2030/1845/1724 
s 4
f 1997/1730/1708 1999/1846/1730 2033/1847/1731 2022/1848/1709 
s 2
f 2022/1848/1712 2033/1847/1732 2034/1849/1733 2024/1850/1713 
s 1
f 2024/1850/1716 2034/1849/1734 2035/1851/1735 2026/1852/1716 
s 2
f 2026/1852/1719 2035/1851/1736 2036/1853/1737 2028/1854/1719 
s 4
f 2028/1854/1721 2036/1853/1738 2032/1843/1739 2030/1845/1722 
s 1
f 1999/1846/1675 1988/1855/1657 2033/1847/1740 
f 2033/1847/1740 1988/1855/1657 2037/1856/1741 
s 8
f 2033/1847/1742 2037/1856/1742 2014/1857/1743 2034/1849/1743 
s 4
f 2034/1849/1744 2014/1857/1744 2038/1858/1744 2035/1851/1744 
s 8
f 2035/1851/1745 2038/1858/1745 2039/1859/1746 2036/1853/1746 
s 16
f 2036/1853/1747 2039/1859/1747 1949/1841/1747 2032/1843/1747 
s 1
f 1988/1855/1657 1987/1860/1656 2037/1856/1741 
f 2037/1856/1741 1987/1860/1656 2015/1861/1700 
f 2037/1856/1741 2015/1861/1700 2014/1857/1699 
f 2014/1857/1699 2013/1862/1698 1952/1863/1604 2038/1858/1748 
f 2038/1858/1748 1952/1863/1604 1950/1864/1602 2039/1859/1749 
f 2039/1859/1749 1950/1864/1602 1949/1841/1601 
s 8
f 1956/247/1726 1959/1865/1750 2040/1866/1751 2031/1706/1723 
s 4
f 2031/1706/1720 2040/1866/1752 2041/1867/1753 2029/1868/1720 
s 2
f 2029/1868/1718 2041/1867/1754 2042/1869/1754 2027/1828/1718 
s 1
f 2027/1828/1717 2042/1869/1755 2043/1870/1756 2025/1871/1715 
s 2
f 2025/1871/1714 2043/1870/1757 2044/1872/1758 2023/1698/1711 
s 4
f 2023/1698/1710 2044/1872/1759 1971/1873/1760 1973/1697/1707 
s 1
f 1971/1873/1625 2044/1872/1761 1968/1874/1622 
f 1968/1874/1622 2044/1872/1761 2045/1875/1762 
f 1968/1874/1622 2045/1875/1762 2018/1876/1703 1969/1877/1623 
f 2018/1876/1703 2045/1875/1762 2046/1878/1763 2020/1879/1705 
f 2020/1879/1705 2046/1878/1763 2047/1880/1764 1917/1881/1570 
f 1917/1881/1570 2047/1880/1764 2048/1882/1765 1918/1883/1571 
f 1918/1883/1571 2048/1882/1765 2049/1884/1766 1923/1885/1575 
f 1923/1885/1575 2049/1884/1766 1960/1886/1614 1924/1887/1576 
f 1960/1886/1614 2049/1884/1766 2040/1866/1767 
f 1960/1886/1614 2040/1866/1767 1959/1865/1612 
s 16
f 2041/1867/1768 2040/1866/1769 2049/1884/1769 2048/1882/1768 
s 8
f 2042/1869/1770 2041/1867/1770 2048/1882/1770 2047/1880/1770 
s 4
f 2043/1870/1771 2042/1869/1771 2047/1880/1771 2046/1878/1771 
s 8
f 2044/1872/1772 2043/1870/1772 2046/1878/1772 2045/1875/1772 
s 1
f 1226/1888/132 1051/1889/132 2050/279/132 2051/278/132 
s 2
f 2051/278/143 2050/279/143 1055/1510/143 1230/1511/143 
s 1
f 1230/1511/142 1055/1510/142 2052/1508/142 2053/1509/142 
s 2
f 2053/1509/141 2052/1508/141 2054/279/141 2055/278/141 
s 1
f 2055/278/140 2054/279/140 2056/1512/140 2057/1513/140 
s 2
f 2057/1513/139 2056/1512/139 1039/1504/139 1214/1505/139 
s 1
f 1214/1505/138 1039/1504/138 2058/267/138 2059/266/138 
s 2
f 2059/266/137 2058/267/137 1043/1502/137 1218/1503/137 
s 1
f 1218/1503/136 1043/1502/136 2060/1504/136 2061/1505/136 
s 2
f 2061/1505/135 2060/1504/135 2062/267/135 2063/266/135 
s 1
f 2063/266/134 2062/267/134 2064/1506/134 2065/1507/134 
s 2
f 2065/1507/133 2064/1506/133 1051/1889/133 1226/1888/133 
s 4
f 1230/282/128 2057/283/128 1214/284/128 2051/285/128 
f 2051/285/128 1214/284/128 2059/286/128 1226/287/128 
f 1226/287/128 2059/286/128 1218/288/128 2065/289/128 
f 2065/289/128 1218/288/128 2061/290/128 2063/278/128 
f 2057/283/128 1230/282/128 2053/291/128 2055/279/128 
f 1051/288/130 2060/289/130 1043/287/130 2050/286/130 
f 2050/286/130 1043/287/130 2058/285/130 1055/284/130 
f 1055/284/130 2058/285/130 1039/282/130 2052/283/130 
f 2052/283/130 1039/282/130 2056/291/130 2054/279/130 
f 2060/289/130 1051/288/130 2064/290/130 2062/278/130 
s 1
f 1050/1888/132 1710/1889/132 1712/279/132 2066/278/132 
s 2
f 2066/278/143 1712/279/143 1714/1510/143 1054/1511/143 
s 1
f 1054/1511/142 1714/1510/142 1716/1508/142 2067/1509/142 
s 2
f 2067/1509/141 1716/1508/141 1705/279/141 2068/278/141 
s 1
f 2068/278/140 1705/279/140 1703/1512/140 2069/1513/140 
s 2
f 2069/1513/139 1703/1512/139 1701/1504/139 1038/1505/139 
s 1
f 1038/1505/138 1701/1504/138 1699/267/138 2070/266/138 
s 2
f 2070/266/137 1699/267/137 1697/1502/137 1042/1503/137 
s 1
f 1042/1503/136 1697/1502/136 1695/1504/136 2071/1505/136 
s 2
f 2071/1505/135 1695/1504/135 1694/267/135 2072/266/135 
s 1
f 2072/266/134 1694/267/134 1708/1506/134 2073/1507/134 
s 2
f 2073/1507/133 1708/1506/133 1710/1889/133 1050/1888/133 
s 4
f 1054/282/128 2069/283/128 1038/284/128 2066/285/128 
f 2066/285/128 1038/284/128 2070/286/128 1050/287/128 
f 1050/287/128 2070/286/128 1042/288/128 2073/289/128 
f 2073/289/128 1042/288/128 2071/290/128 2072/278/128 
f 2069/283/128 1054/282/128 2067/291/128 2068/279/128 
f 1710/288/130 1695/289/130 1697/287/130 1712/286/130 
f 1712/286/130 1697/287/130 1699/285/130 1714/284/130 
f 1714/284/130 1699/285/130 1701/282/130 1716/283/130 
f 1716/283/130 1701/282/130 1703/291/130 1705/279/130 
f 1695/289/130 1710/288/130 1708/290/130 1694/278/130 
s 1
f 1709/1888/132 2074/1889/132 2075/279/132 1711/278/132 
s 2
f 1711/278/143 2075/279/143 2076/1510/143 1713/1511/143 
s 1
f 1713/1511/142 2076/1510/142 2077/1508/142 1715/1509/142 
s 2
f 1715/1509/141 2077/1508/141 2078/279/141 1706/278/141 
s 1
f 1706/278/140 2078/279/140 2079/1512/140 1704/1513/140 
s 2
f 1704/1513/139 2079/1512/139 2080/1504/139 1702/1505/139 
s 1
f 1702/1505/138 2080/1504/138 2081/267/138 1700/266/138 
s 2
f 1700/266/137 2081/267/137 2082/1502/137 1698/1503/137 
s 1
f 1698/1503/136 2082/1502/136 2083/1504/136 1696/1505/136 
s 2
f 1696/1505/135 2083/1504/135 2084/267/135 1693/266/135 
s 1
f 1693/266/134 2084/267/134 2085/1506/134 1707/1507/134 
s 2
f 1707/1507/133 2085/1506/133 2074/1889/133 1709/1888/133 
s 4
f 1713/282/128 1704/283/128 1702/284/128 1711/285/128 
f 1711/285/128 1702/284/128 1700/286/128 1709/287/128 
f 1709/287/128 1700/286/128 1698/288/128 1707/289/128 
f 1707/289/128 1698/288/128 1696/290/128 1693/278/128 
f 1704/283/128 1713/282/128 1715/291/128 1706/279/128 
f 2074/288/130 2083/289/130 2082/287/130 2075/286/130 
f 2075/286/130 2082/287/130 2081/285/130 2076/284/130 
f 2076/284/130 2081/285/130 2080/282/130 2077/283/130 
f 2077/283/130 2080/282/130 2079/291/130 2078/279/130 
f 2083/289/130 2074/288/130 2085/290/130 2084/278/130 
s 1
f 2086/1687/1558 2087/1688/1558 2088/1689/1558 2089/1690/1558 
s 2
f 2089/1690/1559 2088/1689/1559 2090/1691/1559 2091/1692/1559 
s 1
f 2091/1692/1560 2090/1691/1560 2092/862/1560 2093/849/1560 
s 2
f 2093/849/1561 2092/862/1561 2094/1689/1561 2095/1690/1561 
s 1
f 2095/1690/1562 2094/1689/1562 2096/1691/1562 2097/1692/1562 
s 2
f 2097/1692/1563 2096/1691/1563 2098/862/1563 2099/849/1563 
s 1
f 2099/849/1564 2098/862/1564 2100/1693/1564 2101/1694/1564 
s 2
f 2101/1694/1565 2100/1693/1565 2102/1695/1565 2103/1696/1565 
s 1
f 2103/1696/1566 2102/1695/1566 2104/1688/1566 2105/1687/1566 
s 2
f 2105/1687/1567 2104/1688/1567 2106/1693/1567 2107/1694/1567 
s 1
f 2107/1694/1568 2106/1693/1568 2108/1695/1568 2109/1696/1568 
s 2
f 2109/1696/1569 2108/1695/1569 2087/1688/1569 2086/1687/1569 
s 4
f 2091/860/128 2097/861/128 2099/862/128 2089/863/128 
f 2089/863/128 2099/862/128 2101/864/128 2086/846/128 
f 2086/846/128 2101/864/128 2103/865/128 2109/866/128 
f 2109/866/128 2103/865/128 2105/867/128 2107/868/128 
f 2097/861/128 2091/860/128 2093/869/128 2095/870/128 
f 2087/849/130 2104/850/130 2102/851/130 2088/852/130 
f 2088/852/130 2102/851/130 2100/853/130 2090/854/130 
f 2090/854/130 2100/853/130 2098/845/130 2092/855/130 
f 2092/855/130 2098/845/130 2096/856/130 2094/857/130 
f 2104/850/130 2087/849/130 2108/858/130 2106/859/130 
s 1
f 1127/1509/132 938/1508/132 937/279/132 1124/278/132 
s 2
f 1124/278/143 937/279/143 956/1512/143 1145/1513/143 
s 1
f 1145/1513/142 956/1512/142 954/1508/142 1143/1509/142 
s 2
f 1143/1509/141 954/1508/141 925/279/141 1100/278/141 
s 1
f 1100/278/140 925/279/140 952/1502/140 1141/1503/140 
s 2
f 1141/1503/139 952/1502/139 950/1504/139 1139/1505/139 
s 1
f 1139/1505/138 950/1504/138 948/267/138 1137/266/138 
s 2
f 1137/266/137 948/267/137 946/1506/137 1135/1507/137 
s 1
f 1135/1507/136 946/1506/136 944/1504/136 1133/1505/136 
s 2
f 1133/1505/135 944/1504/135 942/267/135 1131/266/135 
s 1
f 1131/266/134 942/267/134 940/1510/134 1129/1511/134 
s 2
f 1129/1511/133 940/1510/133 938/1508/133 1127/1509/133 
s 4
f 1145/282/128 1141/283/128 1139/284/128 1124/285/128 
f 1124/285/128 1139/284/128 1137/286/128 1127/287/128 
f 1127/287/128 1137/286/128 1135/288/128 1129/289/128 
f 1129/289/128 1135/288/128 1133/290/128 1131/278/128 
f 1141/283/128 1145/282/128 1143/291/128 1100/279/128 
f 938/288/130 944/289/130 946/287/130 937/286/130 
f 937/286/130 946/287/130 948/285/130 956/284/130 
f 956/284/130 948/285/130 950/282/130 954/283/130 
f 954/283/130 950/282/130 952/291/130 925/279/130 
f 944/289/130 938/288/130 940/290/130 942/278/130 
s 1
f 939/1509/132 213/1508/132 212/279/132 936/278/132 
s 2
f 936/278/143 212/279/143 231/1512/143 957/1513/143 
s 1
f 957/1513/142 231/1512/142 229/1508/142 955/1509/142 
s 2
f 955/1509/141 229/1508/141 200/279/141 924/278/141 
s 1
f 924/278/140 200/279/140 227/1502/140 953/1503/140 
s 2
f 953/1503/139 227/1502/139 225/1504/139 951/1505/139 
s 1
f 951/1505/138 225/1504/138 223/267/138 949/266/138 
s 2
f 949/266/137 223/267/137 221/1506/137 947/1507/137 
s 1
f 947/1507/136 221/1506/136 219/1504/136 945/1505/136 
s 2
f 945/1505/135 219/1504/135 217/267/135 943/266/135 
s 1
f 943/266/134 217/267/134 215/1510/134 941/1511/134 
s 2
f 941/1511/133 215/1510/133 213/1508/133 939/1509/133 
s 4
f 957/282/128 953/283/128 951/284/128 936/285/128 
f 936/285/128 951/284/128 949/286/128 939/287/128 
f 939/287/128 949/286/128 947/288/128 941/289/128 
f 941/289/128 947/288/128 945/290/128 943/278/128 
f 953/283/128 957/282/128 955/291/128 924/279/128 
f 213/288/130 219/289/130 221/287/130 212/286/130 
f 212/286/130 221/287/130 223/285/130 231/284/130 
f 231/284/130 223/285/130 225/282/130 229/283/130 
f 229/283/130 225/282/130 227/291/130 200/279/130 
f 219/289/130 213/288/130 215/290/130 217/278/130 
s 1
f 214/1509/132 2110/1508/132 2111/279/132 211/278/132 
s 2
f 211/278/143 2111/279/143 2112/1512/143 232/1513/143 
s 1
f 232/1513/142 2112/1512/142 2113/1508/142 230/1509/142 
s 2
f 230/1509/141 2113/1508/141 2114/279/141 199/278/141 
s 1
f 199/278/140 2114/279/140 2115/1502/140 228/1503/140 
s 2
f 228/1503/139 2115/1502/139 2116/1504/139 226/1505/139 
s 1
f 226/1505/138 2116/1504/138 2117/267/138 224/266/138 
s 2
f 224/266/137 2117/267/137 2118/1506/137 222/1507/137 
s 1
f 222/1507/136 2118/1506/136 2119/1504/136 220/1505/136 
s 2
f 220/1505/135 2119/1504/135 2120/267/135 218/266/135 
s 1
f 218/266/134 2120/267/134 2121/1510/134 216/1511/134 
s 2
f 216/1511/133 2121/1510/133 2110/1508/133 214/1509/133 
s 4
f 232/282/128 228/283/128 226/284/128 211/285/128 
f 211/285/128 226/284/128 224/286/128 214/287/128 
f 214/287/128 224/286/128 222/288/128 216/289/128 
f 216/289/128 222/288/128 220/290/128 218/278/128 
f 228/283/128 232/282/128 230/291/128 199/279/128 
f 2110/288/130 2119/289/130 2118/287/130 2111/286/130 
f 2111/286/130 2118/287/130 2117/285/130 2112/284/130 
f 2112/284/130 2117/285/130 2116/282/130 2113/283/130 
f 2113/283/130 2116/282/130 2115/291/130 2114/279/130 
f 2119/289/130 2110/288/130 2121/290/130 2120/278/130 
# 1914 polygons - 314 triangles

