# 3ds Max Wavefront OBJ Exporter v0.97b - (c)2007 guruware
# File Created: 29.12.2016 14:29:09

mtllib Compile Shelving System_V4.mtl

#
# object Block_Compile_Shelving_System___Shelve
#

v  575.0000 746.2098 31.4962
v  575.0000 746.2098 397.4962
v  -575.0000 746.2098 397.4962
v  -575.0000 746.2098 31.4962
v  545.0000 746.2098 427.4962
v  -545.0000 746.2098 427.4962
v  -569.2705 746.2098 415.1298
v  -573.5317 746.2098 406.7668
v  -554.2705 746.2098 426.0280
v  -562.6335 746.2098 421.7668
v  573.5317 746.2098 406.7668
v  569.2705 746.2098 415.1298
v  562.6335 746.2098 421.7668
v  554.2705 746.2098 426.0280
v  575.0000 748.2098 397.4962
v  573.5317 748.2098 406.7668
v  569.2705 748.2098 415.1298
v  562.6335 748.2098 421.7668
v  554.2705 748.2098 426.0280
v  545.0000 748.2098 427.4962
v  575.0000 748.2098 31.4962
v  575.0000 746.7457 29.4962
v  575.0000 748.2098 28.0321
v  575.0000 749.2098 29.7642
v  575.0000 748.4778 30.4962
v  575.0000 750.2098 27.4962
v  575.0000 750.2098 29.4962
v  575.0000 786.2098 27.4962
v  575.0000 786.2098 29.4962
v  -575.0000 750.2098 27.4962
v  -575.0000 748.2098 28.0321
v  -575.0000 746.7457 29.4962
v  -575.0000 748.2098 397.4962
v  -575.0000 748.2098 31.4962
v  -575.0000 748.4778 30.4962
v  -575.0000 749.2098 29.7642
v  -575.0000 750.2098 29.4962
v  -575.0000 786.2098 29.4962
v  -575.0000 786.2098 27.4962
v  -545.0000 748.2098 427.4962
v  -554.2705 748.2098 426.0280
v  -562.6335 748.2098 421.7668
v  -569.2705 748.2098 415.1298
v  -573.5317 748.2098 406.7668
v  -573.5317 795.4803 27.4962
v  -569.2705 803.8434 27.4962
v  573.5317 795.4803 27.4962
v  -562.6335 810.4803 27.4962
v  569.2705 803.8434 27.4962
v  -545.0000 816.2098 27.4962
v  562.6335 810.4803 27.4962
v  545.0000 816.2098 27.4962
v  554.2705 814.7415 27.4962
v  -554.2705 814.7415 27.4962
v  -573.5317 795.4803 29.4962
v  -569.2705 803.8434 29.4962
v  -562.6335 810.4803 29.4962
v  -554.2705 814.7415 29.4962
v  -545.0000 816.2098 29.4962
v  545.0000 816.2098 29.4962
v  554.2705 814.7415 29.4962
v  562.6335 810.4803 29.4962
v  569.2705 803.8434 29.4962
v  573.5317 795.4803 29.4962
# 64 vertices

vn 0.0000 -0.9914 -0.1305
vn 0.0000 -1.0000 -0.0000
vn 0.9969 0.0000 0.0785
vn 0.9511 0.0000 0.3090
vn 0.8090 0.0000 0.5878
vn 0.5878 0.0000 0.8090
vn 0.3090 0.0000 0.9511
vn 0.0785 0.0000 0.9969
vn 1.0000 0.0000 -0.0000
vn 0.9969 0.0785 -0.0000
vn 0.0000 -0.1305 -0.9914
vn 0.0000 -0.2588 -0.9659
vn 0.0000 -0.7071 -0.7071
vn 0.0000 -0.9659 -0.2588
vn -0.9969 0.0000 0.0785
vn -1.0000 0.0000 -0.0000
vn -0.9969 0.0785 -0.0000
vn -0.0785 0.0000 0.9969
vn -0.3090 0.0000 0.9511
vn -0.5878 0.0000 0.8090
vn -0.8090 0.0000 0.5878
vn -0.9511 0.0000 0.3090
vn 0.0000 1.0000 -0.0000
vn 0.0000 0.9914 0.1305
vn 0.0000 0.0000 -1.0000
vn 0.0000 0.9659 0.2588
vn 0.0000 0.7071 0.7071
vn 0.0000 0.2588 0.9659
vn 0.0000 0.1305 0.9914
vn -0.9511 0.3090 -0.0000
vn -0.8090 0.5878 -0.0000
vn -0.5878 0.8090 -0.0000
vn -0.3090 0.9511 -0.0000
vn -0.0785 0.9969 -0.0000
vn 0.0785 0.9969 -0.0000
vn 0.3090 0.9511 -0.0000
vn 0.5878 0.8090 -0.0000
vn 0.8090 0.5878 -0.0000
vn 0.9511 0.3090 -0.0000
vn 0.0000 0.0000 1.0000
# 40 vertex normals

vt 0.0000 1.0000 0.0000
vt 0.0000 0.0758 0.0000
vt 1.0000 0.0758 0.0000
vt 1.0000 1.0000 0.0000
vt 0.0261 0.0000 0.0000
vt 0.9739 0.0000 0.0000
vt 0.9950 0.0312 0.0000
vt 0.9987 0.0523 0.0000
vt 0.9820 0.0037 0.0000
vt 0.9892 0.0145 0.0000
vt 0.0013 0.0523 0.0000
vt 0.0050 0.0312 0.0000
vt 0.0108 0.0145 0.0000
vt 0.0180 0.0037 0.0000
vt 1.0000 1.0000 1.0000
vt 0.6910 1.0000 0.9511
vt 0.6910 0.0000 0.9511
vt 1.0000 0.0000 1.0000
vt 0.4122 1.0000 0.8090
vt 0.4122 0.0000 0.8090
vt 0.5878 1.0000 0.1910
vt 0.5878 0.0000 0.1910
vt 0.3090 1.0000 0.0489
vt 0.3090 0.0000 0.0489
vt 0.0000 0.0000 0.0000
vt 0.0000 0.0500 0.0000
vt 0.9892 0.0000 0.0000
vt 0.9892 0.0500 0.0000
vt 0.9946 0.0134 0.0000
vt 0.9986 0.0500 0.0000
vt 0.9939 0.0750 0.0000
vt 0.9919 0.0567 0.0000
vt 1.0000 0.1000 0.0000
vt 0.9946 0.1000 0.0000
vt 0.9946 1.0000 0.0000
vt 0.0000 1.0000 1.0000
vt 0.0000 0.5000 0.8660
vt 1.0000 0.5000 0.8660
vt 0.0000 0.5000 0.1340
vt 1.0000 0.5000 0.1340
vt 1.0000 0.0000 0.0000
vt 1.0000 0.0500 0.0000
vt 0.0108 0.0500 0.0000
vt 0.0108 0.0000 0.0000
vt 0.0014 0.0500 0.0000
vt 0.0054 0.0134 0.0000
vt 0.0081 0.0567 0.0000
vt 0.0061 0.0750 0.0000
vt 0.0054 0.1000 0.0000
vt 0.0000 0.1000 0.0000
vt 0.0054 1.0000 0.0000
vt 0.6910 1.0000 0.0489
vt 0.6910 0.0000 0.0489
vt 0.8090 1.0000 0.4122
vt 0.8090 0.0000 0.4122
vt 1.0000 0.5455 0.0000
vt 0.9987 0.6859 0.0000
vt 0.0000 0.5455 0.0000
vt 0.9950 0.8126 0.0000
vt 0.0013 0.6859 0.0000
vt 0.9892 0.9132 0.0000
vt 0.0050 0.8126 0.0000
vt 0.9739 1.0000 0.0000
vt 0.0108 0.9132 0.0000
vt 0.0261 1.0000 0.0000
vt 0.0180 0.9778 0.0000
vt 0.9820 0.9778 0.0000
vt 1.0000 0.3090 0.0489
vt 0.0000 0.3090 0.0489
vt 0.1910 0.0000 0.5878
vt 0.1910 1.0000 0.5878
vt 0.0000 0.0000 1.0000
vt 0.3090 0.0000 0.9511
vt 0.3090 1.0000 0.9511
vt 0.5878 0.0000 0.8090
vt 0.5878 1.0000 0.8090
vt 0.0000 0.5878 0.8090
vt 1.0000 0.5878 0.8090
vt 0.0000 0.3090 0.9511
vt 1.0000 0.3090 0.9511
# 80 texture coords

g Block_Compile_Shelving_System___Shelve
usemtl wire_255255255
s 1
f 1/1/1 2/2/2 3/3/2 4/4/1 
f 3/3/2 2/2/2 5/5/2 6/6/2 
f 3/3/2 6/6/2 7/7/2 8/8/2 
f 7/7/2 6/6/2 9/9/2 10/10/2 
f 5/5/2 2/2/2 11/11/2 12/12/2 
f 12/12/2 13/13/2 14/14/2 5/5/2 
s 2
f 15/15/3 16/16/4 11/17/4 2/18/3 
f 11/17/4 16/16/4 17/19/5 12/20/5 
f 12/20/5 17/19/5 18/21/6 13/22/6 
f 13/22/6 18/21/6 19/23/7 14/24/7 
f 14/24/7 19/23/7 20/1/8 5/25/8 
f 15/26/3 2/25/3 1/27/9 21/28/9 
f 21/28/9 1/27/9 22/29/9 23/30/9 
f 21/28/9 23/30/9 24/31/9 25/32/9 
f 24/31/9 23/30/9 26/33/9 27/34/9 
f 27/34/9 26/33/9 28/4/10 29/35/10 
s 1
f 30/15/11 26/36/11 23/37/12 31/38/12 
s 4
f 31/38/13 23/37/13 22/39/13 32/40/13 
s 1
f 32/40/14 22/39/14 1/25/1 4/41/1 
s 2
f 33/42/15 34/43/16 4/44/16 3/41/15 
f 4/44/16 34/43/16 31/45/16 32/46/16 
f 31/45/16 34/43/16 35/47/16 36/48/16 
f 31/45/16 36/48/16 37/49/16 30/50/16 
f 30/50/16 37/49/16 38/51/17 39/1/17 
f 6/41/18 40/4/18 41/52/19 9/53/19 
f 9/53/19 41/52/19 42/54/20 10/55/20 
f 10/55/20 42/54/20 43/21/21 7/22/21 
f 7/22/21 43/21/21 44/23/22 8/24/22 
f 8/24/22 44/23/22 33/1/15 3/25/15 
f 6/25/18 5/41/8 20/4/8 40/1/18 
s 1
f 44/11/23 43/12/23 40/5/23 33/2/23 
f 33/2/23 40/5/23 20/6/23 15/3/23 
f 33/2/23 15/3/23 21/4/24 34/1/24 
f 40/5/23 43/12/23 42/13/23 41/14/23 
f 15/3/23 20/6/23 17/7/23 16/8/23 
f 17/7/23 20/6/23 19/9/23 18/10/23 
f 30/41/11 39/56/25 45/57/25 28/58/25 
f 28/58/25 45/57/25 46/59/25 47/60/25 
f 47/60/25 46/59/25 48/61/25 49/62/25 
f 49/62/25 48/61/25 50/63/25 51/64/25 
f 51/64/25 50/63/25 52/65/25 53/66/25 
f 48/61/25 54/67/25 50/63/25 
f 28/58/25 26/25/11 30/41/11 
f 34/25/24 21/41/24 25/40/26 35/39/26 
s 4
f 35/39/27 25/40/27 24/38/27 36/37/27 
s 1
f 36/37/28 24/38/28 27/15/29 37/36/29 
s 2
f 38/41/17 55/68/30 45/69/30 39/25/17 
f 45/69/30 55/68/30 56/70/31 46/71/31 
f 46/71/31 56/70/31 57/20/32 48/19/32 
f 48/19/32 57/20/32 58/17/33 54/16/33 
f 54/16/33 58/17/33 59/18/34 50/15/34 
f 50/1/34 59/25/34 60/41/35 52/4/35 
f 52/36/35 60/72/35 61/73/36 53/74/36 
f 53/74/36 61/73/36 62/75/37 51/76/37 
f 51/76/37 62/75/37 63/77/38 49/78/38 
f 49/78/38 63/77/38 64/79/39 47/80/39 
f 47/80/39 64/79/39 29/72/10 28/18/10 
s 1
f 27/41/29 29/56/40 38/58/40 37/25/29 
f 38/58/40 29/56/40 64/57/40 55/60/40 
f 55/60/40 64/57/40 63/59/40 56/62/40 
f 56/62/40 63/59/40 62/61/40 57/64/40 
f 57/64/40 62/61/40 60/63/40 59/65/40 
f 60/63/40 62/61/40 61/67/40 
f 59/65/40 58/66/40 57/64/40 
# 60 polygons - 4 triangles

#
# object Block_Compile_Shelving_System___Shelve
#

v  575.0000 461.2098 31.4962
v  575.0000 461.2098 397.4962
v  -575.0000 461.2098 397.4962
v  -575.0000 461.2098 31.4962
v  545.0000 461.2098 427.4962
v  -545.0000 461.2098 427.4962
v  -569.2705 461.2098 415.1298
v  -573.5317 461.2098 406.7668
v  -554.2705 461.2098 426.0280
v  -562.6335 461.2098 421.7668
v  573.5317 461.2098 406.7668
v  569.2705 461.2098 415.1298
v  562.6335 461.2098 421.7668
v  554.2705 461.2098 426.0280
v  575.0000 463.2098 397.4962
v  573.5317 463.2098 406.7668
v  569.2705 463.2098 415.1298
v  562.6335 463.2098 421.7668
v  554.2705 463.2098 426.0280
v  545.0000 463.2098 427.4962
v  575.0000 463.2098 31.4962
v  575.0000 461.7457 29.4962
v  575.0000 463.2098 28.0321
v  575.0000 464.2098 29.7642
v  575.0000 463.4778 30.4962
v  575.0000 465.2098 27.4962
v  575.0000 465.2098 29.4962
v  575.0000 501.2098 27.4962
v  575.0000 501.2098 29.4962
v  -575.0000 465.2098 27.4962
v  -575.0000 463.2098 28.0321
v  -575.0000 461.7457 29.4962
v  -575.0000 463.2098 397.4962
v  -575.0000 463.2098 31.4962
v  -575.0000 463.4778 30.4962
v  -575.0000 464.2098 29.7642
v  -575.0000 465.2098 29.4962
v  -575.0000 501.2098 29.4962
v  -575.0000 501.2098 27.4962
v  -545.0000 463.2098 427.4962
v  -554.2705 463.2098 426.0280
v  -562.6335 463.2098 421.7668
v  -569.2705 463.2098 415.1298
v  -573.5317 463.2098 406.7668
v  -573.5317 510.4803 27.4962
v  -569.2705 518.8434 27.4962
v  573.5317 510.4803 27.4962
v  -562.6335 525.4803 27.4962
v  569.2705 518.8434 27.4962
v  -545.0000 531.2098 27.4962
v  562.6335 525.4803 27.4962
v  545.0000 531.2098 27.4962
v  554.2705 529.7415 27.4962
v  -554.2705 529.7415 27.4962
v  -573.5317 510.4803 29.4962
v  -569.2705 518.8434 29.4962
v  -562.6335 525.4803 29.4962
v  -554.2705 529.7415 29.4962
v  -545.0000 531.2098 29.4962
v  545.0000 531.2098 29.4962
v  554.2705 529.7415 29.4962
v  562.6335 525.4803 29.4962
v  569.2705 518.8434 29.4962
v  573.5317 510.4803 29.4962
# 64 vertices

vn 0.0000 -0.9914 -0.1305
vn 0.0000 -1.0000 -0.0000
vn 0.9969 0.0000 0.0785
vn 0.9511 0.0000 0.3090
vn 0.8090 0.0000 0.5878
vn 0.5878 0.0000 0.8090
vn 0.3090 0.0000 0.9511
vn 0.0785 0.0000 0.9969
vn 1.0000 0.0000 -0.0000
vn 0.9969 0.0785 -0.0000
vn 0.0000 -0.1305 -0.9914
vn 0.0000 -0.2588 -0.9659
vn 0.0000 -0.7071 -0.7071
vn 0.0000 -0.9659 -0.2588
vn -0.9969 0.0000 0.0785
vn -1.0000 0.0000 -0.0000
vn -0.9969 0.0785 -0.0000
vn -0.0785 0.0000 0.9969
vn -0.3090 0.0000 0.9511
vn -0.5878 0.0000 0.8090
vn -0.8090 0.0000 0.5878
vn -0.9511 0.0000 0.3090
vn 0.0000 1.0000 -0.0000
vn 0.0000 0.9914 0.1305
vn 0.0000 0.0000 -1.0000
vn 0.0000 0.9659 0.2588
vn 0.0000 0.7071 0.7071
vn 0.0000 0.2588 0.9659
vn 0.0000 0.1305 0.9914
vn -0.9511 0.3090 -0.0000
vn -0.8090 0.5878 -0.0000
vn -0.5878 0.8090 -0.0000
vn -0.3090 0.9511 -0.0000
vn -0.0785 0.9969 -0.0000
vn 0.0785 0.9969 -0.0000
vn 0.3090 0.9511 -0.0000
vn 0.5878 0.8090 -0.0000
vn 0.8090 0.5878 -0.0000
vn 0.9511 0.3090 -0.0000
vn 0.0000 0.0000 1.0000
# 40 vertex normals

vt 0.0000 1.0000 0.0000
vt 0.0000 0.0758 0.0000
vt 1.0000 0.0758 0.0000
vt 1.0000 1.0000 0.0000
vt 0.0261 0.0000 0.0000
vt 0.9739 0.0000 0.0000
vt 0.9950 0.0312 0.0000
vt 0.9987 0.0523 0.0000
vt 0.9820 0.0037 0.0000
vt 0.9892 0.0145 0.0000
vt 0.0013 0.0523 0.0000
vt 0.0050 0.0312 0.0000
vt 0.0108 0.0145 0.0000
vt 0.0180 0.0037 0.0000
vt 1.0000 1.0000 1.0000
vt 0.6910 1.0000 0.9511
vt 0.6910 0.0000 0.9511
vt 1.0000 0.0000 1.0000
vt 0.4122 1.0000 0.8090
vt 0.4122 0.0000 0.8090
vt 0.5878 1.0000 0.1910
vt 0.5878 0.0000 0.1910
vt 0.3090 1.0000 0.0489
vt 0.3090 0.0000 0.0489
vt 0.0000 0.0000 0.0000
vt 0.0000 0.0500 0.0000
vt 0.9892 0.0000 0.0000
vt 0.9892 0.0500 0.0000
vt 0.9946 0.0134 0.0000
vt 0.9986 0.0500 0.0000
vt 0.9939 0.0750 0.0000
vt 0.9919 0.0567 0.0000
vt 1.0000 0.1000 0.0000
vt 0.9946 0.1000 0.0000
vt 0.9946 1.0000 0.0000
vt 0.0000 1.0000 1.0000
vt 0.0000 0.5000 0.8660
vt 1.0000 0.5000 0.8660
vt 0.0000 0.5000 0.1340
vt 1.0000 0.5000 0.1340
vt 1.0000 0.0000 0.0000
vt 1.0000 0.0500 0.0000
vt 0.0108 0.0500 0.0000
vt 0.0108 0.0000 0.0000
vt 0.0014 0.0500 0.0000
vt 0.0054 0.0134 0.0000
vt 0.0081 0.0567 0.0000
vt 0.0061 0.0750 0.0000
vt 0.0054 0.1000 0.0000
vt 0.0000 0.1000 0.0000
vt 0.0054 1.0000 0.0000
vt 0.6910 1.0000 0.0489
vt 0.6910 0.0000 0.0489
vt 0.8090 1.0000 0.4122
vt 0.8090 0.0000 0.4122
vt 1.0000 0.5455 0.0000
vt 0.9987 0.6859 0.0000
vt 0.0000 0.5455 0.0000
vt 0.9950 0.8126 0.0000
vt 0.0013 0.6859 0.0000
vt 0.9892 0.9132 0.0000
vt 0.0050 0.8126 0.0000
vt 0.9739 1.0000 0.0000
vt 0.0108 0.9132 0.0000
vt 0.0261 1.0000 0.0000
vt 0.0180 0.9778 0.0000
vt 0.9820 0.9778 0.0000
vt 1.0000 0.3090 0.0489
vt 0.0000 0.3090 0.0489
vt 0.1910 0.0000 0.5878
vt 0.1910 1.0000 0.5878
vt 0.0000 0.0000 1.0000
vt 0.3090 0.0000 0.9511
vt 0.3090 1.0000 0.9511
vt 0.5878 0.0000 0.8090
vt 0.5878 1.0000 0.8090
vt 0.0000 0.5878 0.8090
vt 1.0000 0.5878 0.8090
vt 0.0000 0.3090 0.9511
vt 1.0000 0.3090 0.9511
# 80 texture coords

g Block_Compile_Shelving_System___Shelve
usemtl wire_255255255
s 1
f 65/81/41 66/82/42 67/83/42 68/84/41 
f 67/83/42 66/82/42 69/85/42 70/86/42 
f 67/83/42 70/86/42 71/87/42 72/88/42 
f 71/87/42 70/86/42 73/89/42 74/90/42 
f 69/85/42 66/82/42 75/91/42 76/92/42 
f 76/92/42 77/93/42 78/94/42 69/85/42 
s 2
f 79/95/43 80/96/44 75/97/44 66/98/43 
f 75/97/44 80/96/44 81/99/45 76/100/45 
f 76/100/45 81/99/45 82/101/46 77/102/46 
f 77/102/46 82/101/46 83/103/47 78/104/47 
f 78/104/47 83/103/47 84/81/48 69/105/48 
f 79/106/43 66/105/43 65/107/49 85/108/49 
f 85/108/49 65/107/49 86/109/49 87/110/49 
f 85/108/49 87/110/49 88/111/49 89/112/49 
f 88/111/49 87/110/49 90/113/49 91/114/49 
f 91/114/49 90/113/49 92/84/50 93/115/50 
s 1
f 94/95/51 90/116/51 87/117/52 95/118/52 
s 4
f 95/118/53 87/117/53 86/119/53 96/120/53 
s 1
f 96/120/54 86/119/54 65/105/41 68/121/41 
s 2
f 97/122/55 98/123/56 68/124/56 67/121/55 
f 68/124/56 98/123/56 95/125/56 96/126/56 
f 95/125/56 98/123/56 99/127/56 100/128/56 
f 95/125/56 100/128/56 101/129/56 94/130/56 
f 94/130/56 101/129/56 102/131/57 103/81/57 
f 70/121/58 104/84/58 105/132/59 73/133/59 
f 73/133/59 105/132/59 106/134/60 74/135/60 
f 74/135/60 106/134/60 107/101/61 71/102/61 
f 71/102/61 107/101/61 108/103/62 72/104/62 
f 72/104/62 108/103/62 97/81/55 67/105/55 
f 70/105/58 69/121/48 84/84/48 104/81/58 
s 1
f 108/91/63 107/92/63 104/85/63 97/82/63 
f 97/82/63 104/85/63 84/86/63 79/83/63 
f 97/82/63 79/83/63 85/84/64 98/81/64 
f 104/85/63 107/92/63 106/93/63 105/94/63 
f 79/83/63 84/86/63 81/87/63 80/88/63 
f 81/87/63 84/86/63 83/89/63 82/90/63 
f 94/121/51 103/136/65 109/137/65 92/138/65 
f 92/138/65 109/137/65 110/139/65 111/140/65 
f 111/140/65 110/139/65 112/141/65 113/142/65 
f 113/142/65 112/141/65 114/143/65 115/144/65 
f 115/144/65 114/143/65 116/145/65 117/146/65 
f 112/141/65 118/147/65 114/143/65 
f 92/138/65 90/105/51 94/121/51 
f 98/105/64 85/121/64 89/120/66 99/119/66 
s 4
f 99/119/67 89/120/67 88/118/67 100/117/67 
s 1
f 100/117/68 88/118/68 91/95/69 101/116/69 
s 2
f 102/121/57 119/148/70 109/149/70 103/105/57 
f 109/149/70 119/148/70 120/150/71 110/151/71 
f 110/151/71 120/150/71 121/100/72 112/99/72 
f 112/99/72 121/100/72 122/97/73 118/96/73 
f 118/96/73 122/97/73 123/98/74 114/95/74 
f 114/81/74 123/105/74 124/121/75 116/84/75 
f 116/116/75 124/152/75 125/153/76 117/154/76 
f 117/154/76 125/153/76 126/155/77 115/156/77 
f 115/156/77 126/155/77 127/157/78 113/158/78 
f 113/158/78 127/157/78 128/159/79 111/160/79 
f 111/160/79 128/159/79 93/152/50 92/98/50 
s 1
f 91/121/69 93/136/80 102/138/80 101/105/69 
f 102/138/80 93/136/80 128/137/80 119/140/80 
f 119/140/80 128/137/80 127/139/80 120/142/80 
f 120/142/80 127/139/80 126/141/80 121/144/80 
f 121/144/80 126/141/80 124/143/80 123/145/80 
f 124/143/80 126/141/80 125/147/80 
f 123/145/80 122/146/80 121/144/80 
# 60 polygons - 4 triangles

#
# object Block_Compile_Shelving_System___Shelve
#

v  575.0000 146.2098 31.4962
v  575.0000 146.2098 397.4962
v  -575.0000 146.2098 397.4962
v  -575.0000 146.2098 31.4962
v  545.0000 146.2098 427.4962
v  -545.0000 146.2098 427.4962
v  -569.2705 146.2098 415.1298
v  -573.5317 146.2098 406.7668
v  -554.2705 146.2098 426.0280
v  -562.6335 146.2098 421.7668
v  573.5317 146.2098 406.7668
v  569.2705 146.2098 415.1298
v  562.6335 146.2098 421.7668
v  554.2705 146.2098 426.0280
v  575.0000 148.2098 397.4962
v  573.5317 148.2098 406.7668
v  569.2705 148.2098 415.1298
v  562.6335 148.2098 421.7668
v  554.2705 148.2098 426.0280
v  545.0000 148.2098 427.4962
v  575.0000 148.2098 31.4962
v  575.0000 146.7457 29.4962
v  575.0000 148.2098 28.0321
v  575.0000 149.2098 29.7642
v  575.0000 148.4778 30.4962
v  575.0000 150.2098 27.4962
v  575.0000 150.2098 29.4962
v  575.0000 186.2098 27.4962
v  575.0000 186.2098 29.4962
v  -575.0000 150.2098 27.4962
v  -575.0000 148.2098 28.0321
v  -575.0000 146.7457 29.4962
v  -575.0000 148.2098 397.4962
v  -575.0000 148.2098 31.4962
v  -575.0000 148.4778 30.4962
v  -575.0000 149.2098 29.7642
v  -575.0000 150.2098 29.4962
v  -575.0000 186.2098 29.4962
v  -575.0000 186.2098 27.4962
v  -545.0000 148.2098 427.4962
v  -554.2705 148.2098 426.0280
v  -562.6335 148.2098 421.7668
v  -569.2705 148.2098 415.1298
v  -573.5317 148.2098 406.7668
v  -573.5317 195.4803 27.4962
v  -569.2705 203.8434 27.4962
v  573.5317 195.4803 27.4962
v  -562.6335 210.4803 27.4962
v  569.2705 203.8434 27.4962
v  -545.0000 216.2098 27.4962
v  562.6335 210.4803 27.4962
v  545.0000 216.2098 27.4962
v  554.2705 214.7415 27.4962
v  -554.2705 214.7415 27.4962
v  -573.5317 195.4803 29.4962
v  -569.2705 203.8434 29.4962
v  -562.6335 210.4803 29.4962
v  -554.2705 214.7415 29.4962
v  -545.0000 216.2098 29.4962
v  545.0000 216.2098 29.4962
v  554.2705 214.7415 29.4962
v  562.6335 210.4803 29.4962
v  569.2705 203.8434 29.4962
v  573.5317 195.4803 29.4962
# 64 vertices

vn 0.0000 -0.9914 -0.1305
vn 0.0000 -1.0000 -0.0000
vn 0.9969 0.0000 0.0785
vn 0.9511 0.0000 0.3090
vn 0.8090 0.0000 0.5878
vn 0.5878 0.0000 0.8090
vn 0.3090 0.0000 0.9511
vn 0.0785 0.0000 0.9969
vn 1.0000 0.0000 -0.0000
vn 0.9969 0.0785 -0.0000
vn 0.0000 -0.1305 -0.9914
vn 0.0000 -0.2588 -0.9659
vn 0.0000 -0.7071 -0.7071
vn 0.0000 -0.9659 -0.2588
vn -0.9969 0.0000 0.0785
vn -1.0000 0.0000 -0.0000
vn -0.9969 0.0785 -0.0000
vn -0.0785 0.0000 0.9969
vn -0.3090 0.0000 0.9511
vn -0.5878 0.0000 0.8090
vn -0.8090 0.0000 0.5878
vn -0.9511 0.0000 0.3090
vn 0.0000 1.0000 -0.0000
vn 0.0000 0.9914 0.1305
vn 0.0000 0.0000 -1.0000
vn 0.0000 0.9659 0.2588
vn 0.0000 0.7071 0.7071
vn 0.0000 0.2588 0.9659
vn 0.0000 0.1305 0.9914
vn -0.9511 0.3090 -0.0000
vn -0.8090 0.5878 -0.0000
vn -0.5878 0.8090 -0.0000
vn -0.3090 0.9511 -0.0000
vn -0.0785 0.9969 -0.0000
vn 0.0785 0.9969 -0.0000
vn 0.3090 0.9511 -0.0000
vn 0.5878 0.8090 -0.0000
vn 0.8090 0.5878 -0.0000
vn 0.9511 0.3090 -0.0000
vn 0.0000 0.0000 1.0000
# 40 vertex normals

vt 0.0000 1.0000 0.0000
vt 0.0000 0.0758 0.0000
vt 1.0000 0.0758 0.0000
vt 1.0000 1.0000 0.0000
vt 0.0261 0.0000 0.0000
vt 0.9739 0.0000 0.0000
vt 0.9950 0.0312 0.0000
vt 0.9987 0.0523 0.0000
vt 0.9820 0.0037 0.0000
vt 0.9892 0.0145 0.0000
vt 0.0013 0.0523 0.0000
vt 0.0050 0.0312 0.0000
vt 0.0108 0.0145 0.0000
vt 0.0180 0.0037 0.0000
vt 1.0000 1.0000 1.0000
vt 0.6910 1.0000 0.9511
vt 0.6910 0.0000 0.9511
vt 1.0000 0.0000 1.0000
vt 0.4122 1.0000 0.8090
vt 0.4122 0.0000 0.8090
vt 0.5878 1.0000 0.1910
vt 0.5878 0.0000 0.1910
vt 0.3090 1.0000 0.0489
vt 0.3090 0.0000 0.0489
vt 0.0000 0.0000 0.0000
vt 0.0000 0.0500 0.0000
vt 0.9892 0.0000 0.0000
vt 0.9892 0.0500 0.0000
vt 0.9946 0.0134 0.0000
vt 0.9986 0.0500 0.0000
vt 0.9939 0.0750 0.0000
vt 0.9919 0.0567 0.0000
vt 1.0000 0.1000 0.0000
vt 0.9946 0.1000 0.0000
vt 0.9946 1.0000 0.0000
vt 0.0000 1.0000 1.0000
vt 0.0000 0.5000 0.8660
vt 1.0000 0.5000 0.8660
vt 0.0000 0.5000 0.1340
vt 1.0000 0.5000 0.1340
vt 1.0000 0.0000 0.0000
vt 1.0000 0.0500 0.0000
vt 0.0108 0.0500 0.0000
vt 0.0108 0.0000 0.0000
vt 0.0014 0.0500 0.0000
vt 0.0054 0.0134 0.0000
vt 0.0081 0.0567 0.0000
vt 0.0061 0.0750 0.0000
vt 0.0054 0.1000 0.0000
vt 0.0000 0.1000 0.0000
vt 0.0054 1.0000 0.0000
vt 0.6910 1.0000 0.0489
vt 0.6910 0.0000 0.0489
vt 0.8090 1.0000 0.4122
vt 0.8090 0.0000 0.4122
vt 1.0000 0.5455 0.0000
vt 0.9987 0.6859 0.0000
vt 0.0000 0.5455 0.0000
vt 0.9950 0.8126 0.0000
vt 0.0013 0.6859 0.0000
vt 0.9892 0.9132 0.0000
vt 0.0050 0.8126 0.0000
vt 0.9739 1.0000 0.0000
vt 0.0108 0.9132 0.0000
vt 0.0261 1.0000 0.0000
vt 0.0180 0.9778 0.0000
vt 0.9820 0.9778 0.0000
vt 1.0000 0.3090 0.0489
vt 0.0000 0.3090 0.0489
vt 0.1910 0.0000 0.5878
vt 0.1910 1.0000 0.5878
vt 0.0000 0.0000 1.0000
vt 0.3090 0.0000 0.9511
vt 0.3090 1.0000 0.9511
vt 0.5878 0.0000 0.8090
vt 0.5878 1.0000 0.8090
vt 0.0000 0.5878 0.8090
vt 1.0000 0.5878 0.8090
vt 0.0000 0.3090 0.9511
vt 1.0000 0.3090 0.9511
# 80 texture coords

g Block_Compile_Shelving_System___Shelve
usemtl wire_255255255
s 1
f 129/161/81 130/162/82 131/163/82 132/164/81 
f 131/163/82 130/162/82 133/165/82 134/166/82 
f 131/163/82 134/166/82 135/167/82 136/168/82 
f 135/167/82 134/166/82 137/169/82 138/170/82 
f 133/165/82 130/162/82 139/171/82 140/172/82 
f 140/172/82 141/173/82 142/174/82 133/165/82 
s 2
f 143/175/83 144/176/84 139/177/84 130/178/83 
f 139/177/84 144/176/84 145/179/85 140/180/85 
f 140/180/85 145/179/85 146/181/86 141/182/86 
f 141/182/86 146/181/86 147/183/87 142/184/87 
f 142/184/87 147/183/87 148/161/88 133/185/88 
f 143/186/83 130/185/83 129/187/89 149/188/89 
f 149/188/89 129/187/89 150/189/89 151/190/89 
f 149/188/89 151/190/89 152/191/89 153/192/89 
f 152/191/89 151/190/89 154/193/89 155/194/89 
f 155/194/89 154/193/89 156/164/90 157/195/90 
s 1
f 158/175/91 154/196/91 151/197/92 159/198/92 
s 4
f 159/198/93 151/197/93 150/199/93 160/200/93 
s 1
f 160/200/94 150/199/94 129/185/81 132/201/81 
s 2
f 161/202/95 162/203/96 132/204/96 131/201/95 
f 132/204/96 162/203/96 159/205/96 160/206/96 
f 159/205/96 162/203/96 163/207/96 164/208/96 
f 159/205/96 164/208/96 165/209/96 158/210/96 
f 158/210/96 165/209/96 166/211/97 167/161/97 
f 134/201/98 168/164/98 169/212/99 137/213/99 
f 137/213/99 169/212/99 170/214/100 138/215/100 
f 138/215/100 170/214/100 171/181/101 135/182/101 
f 135/182/101 171/181/101 172/183/102 136/184/102 
f 136/184/102 172/183/102 161/161/95 131/185/95 
f 134/185/98 133/201/88 148/164/88 168/161/98 
s 1
f 172/171/103 171/172/103 168/165/103 161/162/103 
f 161/162/103 168/165/103 148/166/103 143/163/103 
f 161/162/103 143/163/103 149/164/104 162/161/104 
f 168/165/103 171/172/103 170/173/103 169/174/103 
f 143/163/103 148/166/103 145/167/103 144/168/103 
f 145/167/103 148/166/103 147/169/103 146/170/103 
f 158/201/91 167/216/105 173/217/105 156/218/105 
f 156/218/105 173/217/105 174/219/105 175/220/105 
f 175/220/105 174/219/105 176/221/105 177/222/105 
f 177/222/105 176/221/105 178/223/105 179/224/105 
f 179/224/105 178/223/105 180/225/105 181/226/105 
f 176/221/105 182/227/105 178/223/105 
f 156/218/105 154/185/91 158/201/91 
f 162/185/104 149/201/104 153/200/106 163/199/106 
s 4
f 163/199/107 153/200/107 152/198/107 164/197/107 
s 1
f 164/197/108 152/198/108 155/175/109 165/196/109 
s 2
f 166/201/97 183/228/110 173/229/110 167/185/97 
f 173/229/110 183/228/110 184/230/111 174/231/111 
f 174/231/111 184/230/111 185/180/112 176/179/112 
f 176/179/112 185/180/112 186/177/113 182/176/113 
f 182/176/113 186/177/113 187/178/114 178/175/114 
f 178/161/114 187/185/114 188/201/115 180/164/115 
f 180/196/115 188/232/115 189/233/116 181/234/116 
f 181/234/116 189/233/116 190/235/117 179/236/117 
f 179/236/117 190/235/117 191/237/118 177/238/118 
f 177/238/118 191/237/118 192/239/119 175/240/119 
f 175/240/119 192/239/119 157/232/90 156/178/90 
s 1
f 155/201/109 157/216/120 166/218/120 165/185/109 
f 166/218/120 157/216/120 192/217/120 183/220/120 
f 183/220/120 192/217/120 191/219/120 184/222/120 
f 184/222/120 191/219/120 190/221/120 185/224/120 
f 185/224/120 190/221/120 188/223/120 187/225/120 
f 188/223/120 190/221/120 189/227/120 
f 187/225/120 186/226/120 185/224/120 
# 60 polygons - 4 triangles

#
# object Block_Compile_Shelving_System___Shelve
#

v  575.0000 1601.2098 31.4962
v  575.0000 1601.2098 397.4962
v  -575.0000 1601.2098 397.4962
v  -575.0000 1601.2098 31.4962
v  545.0000 1601.2098 427.4962
v  -545.0000 1601.2098 427.4962
v  -569.2705 1601.2098 415.1298
v  -573.5317 1601.2098 406.7668
v  -554.2705 1601.2098 426.0280
v  -562.6335 1601.2098 421.7668
v  573.5317 1601.2098 406.7668
v  569.2705 1601.2098 415.1298
v  562.6335 1601.2098 421.7668
v  554.2705 1601.2098 426.0280
v  575.0000 1603.2098 397.4962
v  573.5317 1603.2098 406.7668
v  569.2705 1603.2098 415.1298
v  562.6335 1603.2098 421.7668
v  554.2705 1603.2098 426.0280
v  545.0000 1603.2098 427.4962
v  575.0000 1603.2098 31.4962
v  575.0000 1601.7457 29.4962
v  575.0000 1603.2098 28.0321
v  575.0000 1604.2098 29.7642
v  575.0000 1603.4778 30.4962
v  575.0000 1605.2098 27.4962
v  575.0000 1605.2098 29.4962
v  575.0000 1641.2098 27.4962
v  575.0000 1641.2098 29.4962
v  -575.0000 1605.2098 27.4962
v  -575.0000 1603.2098 28.0321
v  -575.0000 1601.7457 29.4962
v  -575.0000 1603.2098 397.4962
v  -575.0000 1603.2098 31.4962
v  -575.0000 1603.4778 30.4962
v  -575.0000 1604.2098 29.7642
v  -575.0000 1605.2098 29.4962
v  -575.0000 1641.2098 29.4962
v  -575.0000 1641.2098 27.4962
v  -545.0000 1603.2098 427.4962
v  -554.2705 1603.2098 426.0280
v  -562.6335 1603.2098 421.7668
v  -569.2705 1603.2098 415.1298
v  -573.5317 1603.2098 406.7668
v  -573.5317 1650.4803 27.4962
v  -569.2705 1658.8434 27.4962
v  573.5317 1650.4803 27.4962
v  -562.6335 1665.4803 27.4962
v  569.2705 1658.8434 27.4962
v  -545.0000 1671.2098 27.4962
v  562.6335 1665.4803 27.4962
v  545.0000 1671.2098 27.4962
v  554.2705 1669.7416 27.4962
v  -554.2705 1669.7416 27.4962
v  -573.5317 1650.4803 29.4962
v  -569.2705 1658.8434 29.4962
v  -562.6335 1665.4803 29.4962
v  -554.2705 1669.7416 29.4962
v  -545.0000 1671.2098 29.4962
v  545.0000 1671.2098 29.4962
v  554.2705 1669.7416 29.4962
v  562.6335 1665.4803 29.4962
v  569.2705 1658.8434 29.4962
v  573.5317 1650.4803 29.4962
# 64 vertices

vn 0.0000 -0.9914 -0.1305
vn 0.0000 -1.0000 -0.0000
vn 0.9969 0.0000 0.0785
vn 0.9511 0.0000 0.3090
vn 0.8090 0.0000 0.5878
vn 0.5878 0.0000 0.8090
vn 0.3090 0.0000 0.9511
vn 0.0785 0.0000 0.9969
vn 1.0000 0.0000 -0.0000
vn 0.9969 0.0785 -0.0000
vn 0.0000 -0.1305 -0.9914
vn 0.0000 -0.2588 -0.9659
vn 0.0000 -0.7071 -0.7071
vn 0.0000 -0.9659 -0.2588
vn -0.9969 0.0000 0.0785
vn -1.0000 0.0000 -0.0000
vn -0.9969 0.0785 -0.0000
vn -0.0785 0.0000 0.9969
vn -0.3090 0.0000 0.9511
vn -0.5878 0.0000 0.8090
vn -0.8090 0.0000 0.5878
vn -0.9511 0.0000 0.3090
vn 0.0000 1.0000 -0.0000
vn 0.0000 0.9914 0.1305
vn 0.0000 0.0000 -1.0000
vn 0.0000 0.9659 0.2588
vn 0.0000 0.7071 0.7071
vn 0.0000 0.2588 0.9659
vn 0.0000 0.1305 0.9914
vn -0.9511 0.3090 -0.0000
vn -0.8090 0.5878 -0.0000
vn -0.5878 0.8090 -0.0000
vn -0.3090 0.9511 -0.0000
vn -0.0785 0.9969 -0.0000
vn 0.0785 0.9969 -0.0000
vn 0.3090 0.9511 -0.0000
vn 0.5878 0.8090 -0.0000
vn 0.8090 0.5878 -0.0000
vn 0.9511 0.3090 -0.0000
vn 0.0000 0.0000 1.0000
# 40 vertex normals

vt 0.0000 1.0000 0.0000
vt 0.0000 0.0758 0.0000
vt 1.0000 0.0758 0.0000
vt 1.0000 1.0000 0.0000
vt 0.0261 0.0000 0.0000
vt 0.9739 0.0000 0.0000
vt 0.9950 0.0312 0.0000
vt 0.9987 0.0523 0.0000
vt 0.9820 0.0037 0.0000
vt 0.9892 0.0145 0.0000
vt 0.0013 0.0523 0.0000
vt 0.0050 0.0312 0.0000
vt 0.0108 0.0145 0.0000
vt 0.0180 0.0037 0.0000
vt 1.0000 1.0000 1.0000
vt 0.6910 1.0000 0.9511
vt 0.6910 0.0000 0.9511
vt 1.0000 0.0000 1.0000
vt 0.4122 1.0000 0.8090
vt 0.4122 0.0000 0.8090
vt 0.5878 1.0000 0.1910
vt 0.5878 0.0000 0.1910
vt 0.3090 1.0000 0.0489
vt 0.3090 0.0000 0.0489
vt 0.0000 0.0000 0.0000
vt 0.0000 0.0500 0.0000
vt 0.9892 0.0000 0.0000
vt 0.9892 0.0500 0.0000
vt 0.9946 0.0134 0.0000
vt 0.9986 0.0500 0.0000
vt 0.9939 0.0750 0.0000
vt 0.9919 0.0567 0.0000
vt 1.0000 0.1000 0.0000
vt 0.9946 0.1000 0.0000
vt 0.9946 1.0000 0.0000
vt 0.0000 1.0000 1.0000
vt 0.0000 0.5000 0.8660
vt 1.0000 0.5000 0.8660
vt 0.0000 0.5000 0.1340
vt 1.0000 0.5000 0.1340
vt 1.0000 0.0000 0.0000
vt 1.0000 0.0500 0.0000
vt 0.0108 0.0500 0.0000
vt 0.0108 0.0000 0.0000
vt 0.0014 0.0500 0.0000
vt 0.0054 0.0134 0.0000
vt 0.0081 0.0567 0.0000
vt 0.0061 0.0750 0.0000
vt 0.0054 0.1000 0.0000
vt 0.0000 0.1000 0.0000
vt 0.0054 1.0000 0.0000
vt 0.6910 1.0000 0.0489
vt 0.6910 0.0000 0.0489
vt 0.8090 1.0000 0.4122
vt 0.8090 0.0000 0.4122
vt 1.0000 0.5455 0.0000
vt 0.9987 0.6859 0.0000
vt 0.0000 0.5455 0.0000
vt 0.9950 0.8126 0.0000
vt 0.0013 0.6859 0.0000
vt 0.9892 0.9132 0.0000
vt 0.0050 0.8126 0.0000
vt 0.9739 1.0000 0.0000
vt 0.0108 0.9132 0.0000
vt 0.0261 1.0000 0.0000
vt 0.0180 0.9778 0.0000
vt 0.9820 0.9778 0.0000
vt 1.0000 0.3090 0.0489
vt 0.0000 0.3090 0.0489
vt 0.1910 0.0000 0.5878
vt 0.1910 1.0000 0.5878
vt 0.0000 0.0000 1.0000
vt 0.3090 0.0000 0.9511
vt 0.3090 1.0000 0.9511
vt 0.5878 0.0000 0.8090
vt 0.5878 1.0000 0.8090
vt 0.0000 0.5878 0.8090
vt 1.0000 0.5878 0.8090
vt 0.0000 0.3090 0.9511
vt 1.0000 0.3090 0.9511
# 80 texture coords

g Block_Compile_Shelving_System___Shelve
usemtl wire_255255255
s 1
f 193/241/121 194/242/122 195/243/122 196/244/121 
f 195/243/122 194/242/122 197/245/122 198/246/122 
f 195/243/122 198/246/122 199/247/122 200/248/122 
f 199/247/122 198/246/122 201/249/122 202/250/122 
f 197/245/122 194/242/122 203/251/122 204/252/122 
f 204/252/122 205/253/122 206/254/122 197/245/122 
s 2
f 207/255/123 208/256/124 203/257/124 194/258/123 
f 203/257/124 208/256/124 209/259/125 204/260/125 
f 204/260/125 209/259/125 210/261/126 205/262/126 
f 205/262/126 210/261/126 211/263/127 206/264/127 
f 206/264/127 211/263/127 212/241/128 197/265/128 
f 207/266/123 194/265/123 193/267/129 213/268/129 
f 213/268/129 193/267/129 214/269/129 215/270/129 
f 213/268/129 215/270/129 216/271/129 217/272/129 
f 216/271/129 215/270/129 218/273/129 219/274/129 
f 219/274/129 218/273/129 220/244/130 221/275/130 
s 1
f 222/255/131 218/276/131 215/277/132 223/278/132 
s 4
f 223/278/133 215/277/133 214/279/133 224/280/133 
s 1
f 224/280/134 214/279/134 193/265/121 196/281/121 
s 2
f 225/282/135 226/283/136 196/284/136 195/281/135 
f 196/284/136 226/283/136 223/285/136 224/286/136 
f 223/285/136 226/283/136 227/287/136 228/288/136 
f 223/285/136 228/288/136 229/289/136 222/290/136 
f 222/290/136 229/289/136 230/291/137 231/241/137 
f 198/281/138 232/244/138 233/292/139 201/293/139 
f 201/293/139 233/292/139 234/294/140 202/295/140 
f 202/295/140 234/294/140 235/261/141 199/262/141 
f 199/262/141 235/261/141 236/263/142 200/264/142 
f 200/264/142 236/263/142 225/241/135 195/265/135 
f 198/265/138 197/281/128 212/244/128 232/241/138 
s 1
f 236/251/143 235/252/143 232/245/143 225/242/143 
f 225/242/143 232/245/143 212/246/143 207/243/143 
f 225/242/143 207/243/143 213/244/144 226/241/144 
f 232/245/143 235/252/143 234/253/143 233/254/143 
f 207/243/143 212/246/143 209/247/143 208/248/143 
f 209/247/143 212/246/143 211/249/143 210/250/143 
f 222/281/131 231/296/145 237/297/145 220/298/145 
f 220/298/145 237/297/145 238/299/145 239/300/145 
f 239/300/145 238/299/145 240/301/145 241/302/145 
f 241/302/145 240/301/145 242/303/145 243/304/145 
f 243/304/145 242/303/145 244/305/145 245/306/145 
f 240/301/145 246/307/145 242/303/145 
f 220/298/145 218/265/131 222/281/131 
f 226/265/144 213/281/144 217/280/146 227/279/146 
s 4
f 227/279/147 217/280/147 216/278/147 228/277/147 
s 1
f 228/277/148 216/278/148 219/255/149 229/276/149 
s 2
f 230/281/137 247/308/150 237/309/150 231/265/137 
f 237/309/150 247/308/150 248/310/151 238/311/151 
f 238/311/151 248/310/151 249/260/152 240/259/152 
f 240/259/152 249/260/152 250/257/153 246/256/153 
f 246/256/153 250/257/153 251/258/154 242/255/154 
f 242/241/154 251/265/154 252/281/155 244/244/155 
f 244/276/155 252/312/155 253/313/156 245/314/156 
f 245/314/156 253/313/156 254/315/157 243/316/157 
f 243/316/157 254/315/157 255/317/158 241/318/158 
f 241/318/158 255/317/158 256/319/159 239/320/159 
f 239/320/159 256/319/159 221/312/130 220/258/130 
s 1
f 219/281/149 221/296/160 230/298/160 229/265/149 
f 230/298/160 221/296/160 256/297/160 247/300/160 
f 247/300/160 256/297/160 255/299/160 248/302/160 
f 248/302/160 255/299/160 254/301/160 249/304/160 
f 249/304/160 254/301/160 252/303/160 251/305/160 
f 252/303/160 254/301/160 253/307/160 
f 251/305/160 250/306/160 249/304/160 
# 60 polygons - 4 triangles

#
# object Block_Compile_Shelving_System___Shelve
#

v  575.0000 1031.2098 31.4962
v  575.0000 1031.2098 397.4962
v  -575.0000 1031.2098 397.4962
v  -575.0000 1031.2098 31.4962
v  545.0000 1031.2098 427.4962
v  -545.0000 1031.2098 427.4962
v  -569.2705 1031.2098 415.1298
v  -573.5317 1031.2098 406.7668
v  -554.2705 1031.2098 426.0280
v  -562.6335 1031.2098 421.7668
v  573.5317 1031.2098 406.7668
v  569.2705 1031.2098 415.1298
v  562.6335 1031.2098 421.7668
v  554.2705 1031.2098 426.0280
v  575.0000 1033.2098 397.4962
v  573.5317 1033.2098 406.7668
v  569.2705 1033.2098 415.1298
v  562.6335 1033.2098 421.7668
v  554.2705 1033.2098 426.0280
v  545.0000 1033.2098 427.4962
v  575.0000 1033.2098 31.4962
v  575.0000 1031.7457 29.4962
v  575.0000 1033.2098 28.0321
v  575.0000 1034.2098 29.7642
v  575.0000 1033.4778 30.4962
v  575.0000 1035.2098 27.4962
v  575.0000 1035.2098 29.4962
v  575.0000 1071.2098 27.4962
v  575.0000 1071.2098 29.4962
v  -575.0000 1035.2098 27.4962
v  -575.0000 1033.2098 28.0321
v  -575.0000 1031.7457 29.4962
v  -575.0000 1033.2098 397.4962
v  -575.0000 1033.2098 31.4962
v  -575.0000 1033.4778 30.4962
v  -575.0000 1034.2098 29.7642
v  -575.0000 1035.2098 29.4962
v  -575.0000 1071.2098 29.4962
v  -575.0000 1071.2098 27.4962
v  -545.0000 1033.2098 427.4962
v  -554.2705 1033.2098 426.0280
v  -562.6335 1033.2098 421.7668
v  -569.2705 1033.2098 415.1298
v  -573.5317 1033.2098 406.7668
v  -573.5317 1080.4803 27.4962
v  -569.2705 1088.8434 27.4962
v  573.5317 1080.4803 27.4962
v  -562.6335 1095.4803 27.4962
v  569.2705 1088.8434 27.4962
v  -545.0000 1101.2098 27.4962
v  562.6335 1095.4803 27.4962
v  545.0000 1101.2098 27.4962
v  554.2705 1099.7416 27.4962
v  -554.2705 1099.7416 27.4962
v  -573.5317 1080.4803 29.4962
v  -569.2705 1088.8434 29.4962
v  -562.6335 1095.4803 29.4962
v  -554.2705 1099.7416 29.4962
v  -545.0000 1101.2098 29.4962
v  545.0000 1101.2098 29.4962
v  554.2705 1099.7416 29.4962
v  562.6335 1095.4803 29.4962
v  569.2705 1088.8434 29.4962
v  573.5317 1080.4803 29.4962
# 64 vertices

vn 0.0000 -0.9914 -0.1305
vn 0.0000 -1.0000 -0.0000
vn 0.9969 0.0000 0.0785
vn 0.9511 0.0000 0.3090
vn 0.8090 0.0000 0.5878
vn 0.5878 0.0000 0.8090
vn 0.3090 0.0000 0.9511
vn 0.0785 0.0000 0.9969
vn 1.0000 0.0000 -0.0000
vn 0.9969 0.0785 -0.0000
vn 0.0000 -0.1305 -0.9914
vn 0.0000 -0.2588 -0.9659
vn 0.0000 -0.7071 -0.7071
vn 0.0000 -0.9659 -0.2588
vn -0.9969 0.0000 0.0785
vn -1.0000 0.0000 -0.0000
vn -0.9969 0.0785 -0.0000
vn -0.0785 0.0000 0.9969
vn -0.3090 0.0000 0.9511
vn -0.5878 0.0000 0.8090
vn -0.8090 0.0000 0.5878
vn -0.9511 0.0000 0.3090
vn 0.0000 1.0000 -0.0000
vn 0.0000 0.9914 0.1305
vn 0.0000 0.0000 -1.0000
vn 0.0000 0.9659 0.2588
vn 0.0000 0.7071 0.7071
vn 0.0000 0.2588 0.9659
vn 0.0000 0.1305 0.9914
vn -0.9511 0.3090 -0.0000
vn -0.8090 0.5878 -0.0000
vn -0.5878 0.8090 -0.0000
vn -0.3090 0.9511 -0.0000
vn -0.0785 0.9969 -0.0000
vn 0.0785 0.9969 -0.0000
vn 0.3090 0.9511 -0.0000
vn 0.5878 0.8090 -0.0000
vn 0.8090 0.5878 -0.0000
vn 0.9511 0.3090 -0.0000
vn 0.0000 0.0000 1.0000
# 40 vertex normals

vt 0.0000 1.0000 0.0000
vt 0.0000 0.0758 0.0000
vt 1.0000 0.0758 0.0000
vt 1.0000 1.0000 0.0000
vt 0.0261 0.0000 0.0000
vt 0.9739 0.0000 0.0000
vt 0.9950 0.0312 0.0000
vt 0.9987 0.0523 0.0000
vt 0.9820 0.0037 0.0000
vt 0.9892 0.0145 0.0000
vt 0.0013 0.0523 0.0000
vt 0.0050 0.0312 0.0000
vt 0.0108 0.0145 0.0000
vt 0.0180 0.0037 0.0000
vt 1.0000 1.0000 1.0000
vt 0.6910 1.0000 0.9511
vt 0.6910 0.0000 0.9511
vt 1.0000 0.0000 1.0000
vt 0.4122 1.0000 0.8090
vt 0.4122 0.0000 0.8090
vt 0.5878 1.0000 0.1910
vt 0.5878 0.0000 0.1910
vt 0.3090 1.0000 0.0489
vt 0.3090 0.0000 0.0489
vt 0.0000 0.0000 0.0000
vt 0.0000 0.0500 0.0000
vt 0.9892 0.0000 0.0000
vt 0.9892 0.0500 0.0000
vt 0.9946 0.0134 0.0000
vt 0.9986 0.0500 0.0000
vt 0.9939 0.0750 0.0000
vt 0.9919 0.0567 0.0000
vt 1.0000 0.1000 0.0000
vt 0.9946 0.1000 0.0000
vt 0.9946 1.0000 0.0000
vt 0.0000 1.0000 1.0000
vt 0.0000 0.5000 0.8660
vt 1.0000 0.5000 0.8660
vt 0.0000 0.5000 0.1340
vt 1.0000 0.5000 0.1340
vt 1.0000 0.0000 0.0000
vt 1.0000 0.0500 0.0000
vt 0.0108 0.0500 0.0000
vt 0.0108 0.0000 0.0000
vt 0.0014 0.0500 0.0000
vt 0.0054 0.0134 0.0000
vt 0.0081 0.0567 0.0000
vt 0.0061 0.0750 0.0000
vt 0.0054 0.1000 0.0000
vt 0.0000 0.1000 0.0000
vt 0.0054 1.0000 0.0000
vt 0.6910 1.0000 0.0489
vt 0.6910 0.0000 0.0489
vt 0.8090 1.0000 0.4122
vt 0.8090 0.0000 0.4122
vt 1.0000 0.5455 0.0000
vt 0.9987 0.6859 0.0000
vt 0.0000 0.5455 0.0000
vt 0.9950 0.8126 0.0000
vt 0.0013 0.6859 0.0000
vt 0.9892 0.9132 0.0000
vt 0.0050 0.8126 0.0000
vt 0.9739 1.0000 0.0000
vt 0.0108 0.9132 0.0000
vt 0.0261 1.0000 0.0000
vt 0.0180 0.9778 0.0000
vt 0.9820 0.9778 0.0000
vt 1.0000 0.3090 0.0489
vt 0.0000 0.3090 0.0489
vt 0.1910 0.0000 0.5878
vt 0.1910 1.0000 0.5878
vt 0.0000 0.0000 1.0000
vt 0.3090 0.0000 0.9511
vt 0.3090 1.0000 0.9511
vt 0.5878 0.0000 0.8090
vt 0.5878 1.0000 0.8090
vt 0.0000 0.5878 0.8090
vt 1.0000 0.5878 0.8090
vt 0.0000 0.3090 0.9511
vt 1.0000 0.3090 0.9511
# 80 texture coords

g Block_Compile_Shelving_System___Shelve
usemtl wire_255255255
s 1
f 257/321/161 258/322/162 259/323/162 260/324/161 
f 259/323/162 258/322/162 261/325/162 262/326/162 
f 259/323/162 262/326/162 263/327/162 264/328/162 
f 263/327/162 262/326/162 265/329/162 266/330/162 
f 261/325/162 258/322/162 267/331/162 268/332/162 
f 268/332/162 269/333/162 270/334/162 261/325/162 
s 2
f 271/335/163 272/336/164 267/337/164 258/338/163 
f 267/337/164 272/336/164 273/339/165 268/340/165 
f 268/340/165 273/339/165 274/341/166 269/342/166 
f 269/342/166 274/341/166 275/343/167 270/344/167 
f 270/344/167 275/343/167 276/321/168 261/345/168 
f 271/346/163 258/345/163 257/347/169 277/348/169 
f 277/348/169 257/347/169 278/349/169 279/350/169 
f 277/348/169 279/350/169 280/351/169 281/352/169 
f 280/351/169 279/350/169 282/353/169 283/354/169 
f 283/354/169 282/353/169 284/324/170 285/355/170 
s 1
f 286/335/171 282/356/171 279/357/172 287/358/172 
s 4
f 287/358/173 279/357/173 278/359/173 288/360/173 
s 1
f 288/360/174 278/359/174 257/345/161 260/361/161 
s 2
f 289/362/175 290/363/176 260/364/176 259/361/175 
f 260/364/176 290/363/176 287/365/176 288/366/176 
f 287/365/176 290/363/176 291/367/176 292/368/176 
f 287/365/176 292/368/176 293/369/176 286/370/176 
f 286/370/176 293/369/176 294/371/177 295/321/177 
f 262/361/178 296/324/178 297/372/179 265/373/179 
f 265/373/179 297/372/179 298/374/180 266/375/180 
f 266/375/180 298/374/180 299/341/181 263/342/181 
f 263/342/181 299/341/181 300/343/182 264/344/182 
f 264/344/182 300/343/182 289/321/175 259/345/175 
f 262/345/178 261/361/168 276/324/168 296/321/178 
s 1
f 300/331/183 299/332/183 296/325/183 289/322/183 
f 289/322/183 296/325/183 276/326/183 271/323/183 
f 289/322/183 271/323/183 277/324/184 290/321/184 
f 296/325/183 299/332/183 298/333/183 297/334/183 
f 271/323/183 276/326/183 273/327/183 272/328/183 
f 273/327/183 276/326/183 275/329/183 274/330/183 
f 286/361/171 295/376/185 301/377/185 284/378/185 
f 284/378/185 301/377/185 302/379/185 303/380/185 
f 303/380/185 302/379/185 304/381/185 305/382/185 
f 305/382/185 304/381/185 306/383/185 307/384/185 
f 307/384/185 306/383/185 308/385/185 309/386/185 
f 304/381/185 310/387/185 306/383/185 
f 284/378/185 282/345/171 286/361/171 
f 290/345/184 277/361/184 281/360/186 291/359/186 
s 4
f 291/359/187 281/360/187 280/358/187 292/357/187 
s 1
f 292/357/188 280/358/188 283/335/189 293/356/189 
s 2
f 294/361/177 311/388/190 301/389/190 295/345/177 
f 301/389/190 311/388/190 312/390/191 302/391/191 
f 302/391/191 312/390/191 313/340/192 304/339/192 
f 304/339/192 313/340/192 314/337/193 310/336/193 
f 310/336/193 314/337/193 315/338/194 306/335/194 
f 306/321/194 315/345/194 316/361/195 308/324/195 
f 308/356/195 316/392/195 317/393/196 309/394/196 
f 309/394/196 317/393/196 318/395/197 307/396/197 
f 307/396/197 318/395/197 319/397/198 305/398/198 
f 305/398/198 319/397/198 320/399/199 303/400/199 
f 303/400/199 320/399/199 285/392/170 284/338/170 
s 1
f 283/361/189 285/376/200 294/378/200 293/345/189 
f 294/378/200 285/376/200 320/377/200 311/380/200 
f 311/380/200 320/377/200 319/379/200 312/382/200 
f 312/382/200 319/379/200 318/381/200 313/384/200 
f 313/384/200 318/381/200 316/383/200 315/385/200 
f 316/383/200 318/381/200 317/387/200 
f 315/385/200 314/386/200 313/384/200 
# 60 polygons - 4 triangles

#
# object Block_Compile_Shelving_System___Shelve
#

v  575.0000 1316.2098 31.4962
v  575.0000 1316.2098 397.4962
v  -575.0000 1316.2098 397.4962
v  -575.0000 1316.2098 31.4962
v  545.0000 1316.2098 427.4962
v  -545.0000 1316.2098 427.4962
v  -569.2705 1316.2098 415.1298
v  -573.5317 1316.2098 406.7668
v  -554.2705 1316.2098 426.0280
v  -562.6335 1316.2098 421.7668
v  573.5317 1316.2098 406.7668
v  569.2705 1316.2098 415.1298
v  562.6335 1316.2098 421.7668
v  554.2705 1316.2098 426.0280
v  575.0000 1318.2098 397.4962
v  573.5317 1318.2098 406.7668
v  569.2705 1318.2098 415.1298
v  562.6335 1318.2098 421.7668
v  554.2705 1318.2098 426.0280
v  545.0000 1318.2098 427.4962
v  575.0000 1318.2098 31.4962
v  575.0000 1316.7457 29.4962
v  575.0000 1318.2098 28.0321
v  575.0000 1319.2098 29.7642
v  575.0000 1318.4778 30.4962
v  575.0000 1320.2098 27.4962
v  575.0000 1320.2098 29.4962
v  575.0000 1356.2098 27.4962
v  575.0000 1356.2098 29.4962
v  -575.0000 1320.2098 27.4962
v  -575.0000 1318.2098 28.0321
v  -575.0000 1316.7457 29.4962
v  -575.0000 1318.2098 397.4962
v  -575.0000 1318.2098 31.4962
v  -575.0000 1318.4778 30.4962
v  -575.0000 1319.2098 29.7642
v  -575.0000 1320.2098 29.4962
v  -575.0000 1356.2098 29.4962
v  -575.0000 1356.2098 27.4962
v  -545.0000 1318.2098 427.4962
v  -554.2705 1318.2098 426.0280
v  -562.6335 1318.2098 421.7668
v  -569.2705 1318.2098 415.1298
v  -573.5317 1318.2098 406.7668
v  -573.5317 1365.4803 27.4962
v  -569.2705 1373.8434 27.4962
v  573.5317 1365.4803 27.4962
v  -562.6335 1380.4803 27.4962
v  569.2705 1373.8434 27.4962
v  -545.0000 1386.2098 27.4962
v  562.6335 1380.4803 27.4962
v  545.0000 1386.2098 27.4962
v  554.2705 1384.7416 27.4962
v  -554.2705 1384.7416 27.4962
v  -573.5317 1365.4803 29.4962
v  -569.2705 1373.8434 29.4962
v  -562.6335 1380.4803 29.4962
v  -554.2705 1384.7416 29.4962
v  -545.0000 1386.2098 29.4962
v  545.0000 1386.2098 29.4962
v  554.2705 1384.7416 29.4962
v  562.6335 1380.4803 29.4962
v  569.2705 1373.8434 29.4962
v  573.5317 1365.4803 29.4962
# 64 vertices

vn 0.0000 -0.9914 -0.1305
vn 0.0000 -1.0000 -0.0000
vn 0.9969 0.0000 0.0785
vn 0.9511 0.0000 0.3090
vn 0.8090 0.0000 0.5878
vn 0.5878 0.0000 0.8090
vn 0.3090 0.0000 0.9511
vn 0.0785 0.0000 0.9969
vn 1.0000 0.0000 -0.0000
vn 0.9969 0.0785 -0.0000
vn 0.0000 -0.1305 -0.9914
vn 0.0000 -0.2588 -0.9659
vn 0.0000 -0.7071 -0.7071
vn 0.0000 -0.9659 -0.2588
vn -0.9969 0.0000 0.0785
vn -1.0000 0.0000 -0.0000
vn -0.9969 0.0785 -0.0000
vn -0.0785 0.0000 0.9969
vn -0.3090 0.0000 0.9511
vn -0.5878 0.0000 0.8090
vn -0.8090 0.0000 0.5878
vn -0.9511 0.0000 0.3090
vn 0.0000 1.0000 -0.0000
vn 0.0000 0.9914 0.1305
vn 0.0000 0.0000 -1.0000
vn 0.0000 0.9659 0.2588
vn 0.0000 0.7071 0.7071
vn 0.0000 0.2588 0.9659
vn 0.0000 0.1305 0.9914
vn -0.9511 0.3090 -0.0000
vn -0.8090 0.5878 -0.0000
vn -0.5878 0.8090 -0.0000
vn -0.3090 0.9511 -0.0000
vn -0.0785 0.9969 -0.0000
vn 0.0785 0.9969 -0.0000
vn 0.3090 0.9511 -0.0000
vn 0.5878 0.8090 -0.0000
vn 0.8090 0.5878 -0.0000
vn 0.9511 0.3090 -0.0000
vn 0.0000 0.0000 1.0000
# 40 vertex normals

vt 0.0000 1.0000 0.0000
vt 0.0000 0.0758 0.0000
vt 1.0000 0.0758 0.0000
vt 1.0000 1.0000 0.0000
vt 0.0261 0.0000 0.0000
vt 0.9739 0.0000 0.0000
vt 0.9950 0.0312 0.0000
vt 0.9987 0.0523 0.0000
vt 0.9820 0.0037 0.0000
vt 0.9892 0.0145 0.0000
vt 0.0013 0.0523 0.0000
vt 0.0050 0.0312 0.0000
vt 0.0108 0.0145 0.0000
vt 0.0180 0.0037 0.0000
vt 1.0000 1.0000 1.0000
vt 0.6910 1.0000 0.9511
vt 0.6910 0.0000 0.9511
vt 1.0000 0.0000 1.0000
vt 0.4122 1.0000 0.8090
vt 0.4122 0.0000 0.8090
vt 0.5878 1.0000 0.1910
vt 0.5878 0.0000 0.1910
vt 0.3090 1.0000 0.0489
vt 0.3090 0.0000 0.0489
vt 0.0000 0.0000 0.0000
vt 0.0000 0.0500 0.0000
vt 0.9892 0.0000 0.0000
vt 0.9892 0.0500 0.0000
vt 0.9946 0.0134 0.0000
vt 0.9986 0.0500 0.0000
vt 0.9939 0.0750 0.0000
vt 0.9919 0.0567 0.0000
vt 1.0000 0.1000 0.0000
vt 0.9946 0.1000 0.0000
vt 0.9946 1.0000 0.0000
vt 0.0000 1.0000 1.0000
vt 0.0000 0.5000 0.8660
vt 1.0000 0.5000 0.8660
vt 0.0000 0.5000 0.1340
vt 1.0000 0.5000 0.1340
vt 1.0000 0.0000 0.0000
vt 1.0000 0.0500 0.0000
vt 0.0108 0.0500 0.0000
vt 0.0108 0.0000 0.0000
vt 0.0014 0.0500 0.0000
vt 0.0054 0.0134 0.0000
vt 0.0081 0.0567 0.0000
vt 0.0061 0.0750 0.0000
vt 0.0054 0.1000 0.0000
vt 0.0000 0.1000 0.0000
vt 0.0054 1.0000 0.0000
vt 0.6910 1.0000 0.0489
vt 0.6910 0.0000 0.0489
vt 0.8090 1.0000 0.4122
vt 0.8090 0.0000 0.4122
vt 1.0000 0.5455 0.0000
vt 0.9987 0.6859 0.0000
vt 0.0000 0.5455 0.0000
vt 0.9950 0.8126 0.0000
vt 0.0013 0.6859 0.0000
vt 0.9892 0.9132 0.0000
vt 0.0050 0.8126 0.0000
vt 0.9739 1.0000 0.0000
vt 0.0108 0.9132 0.0000
vt 0.0261 1.0000 0.0000
vt 0.0180 0.9778 0.0000
vt 0.9820 0.9778 0.0000
vt 1.0000 0.3090 0.0489
vt 0.0000 0.3090 0.0489
vt 0.1910 0.0000 0.5878
vt 0.1910 1.0000 0.5878
vt 0.0000 0.0000 1.0000
vt 0.3090 0.0000 0.9511
vt 0.3090 1.0000 0.9511
vt 0.5878 0.0000 0.8090
vt 0.5878 1.0000 0.8090
vt 0.0000 0.5878 0.8090
vt 1.0000 0.5878 0.8090
vt 0.0000 0.3090 0.9511
vt 1.0000 0.3090 0.9511
# 80 texture coords

g Block_Compile_Shelving_System___Shelve
usemtl wire_255255255
s 1
f 321/401/201 322/402/202 323/403/202 324/404/201 
f 323/403/202 322/402/202 325/405/202 326/406/202 
f 323/403/202 326/406/202 327/407/202 328/408/202 
f 327/407/202 326/406/202 329/409/202 330/410/202 
f 325/405/202 322/402/202 331/411/202 332/412/202 
f 332/412/202 333/413/202 334/414/202 325/405/202 
s 2
f 335/415/203 336/416/204 331/417/204 322/418/203 
f 331/417/204 336/416/204 337/419/205 332/420/205 
f 332/420/205 337/419/205 338/421/206 333/422/206 
f 333/422/206 338/421/206 339/423/207 334/424/207 
f 334/424/207 339/423/207 340/401/208 325/425/208 
f 335/426/203 322/425/203 321/427/209 341/428/209 
f 341/428/209 321/427/209 342/429/209 343/430/209 
f 341/428/209 343/430/209 344/431/209 345/432/209 
f 344/431/209 343/430/209 346/433/209 347/434/209 
f 347/434/209 346/433/209 348/404/210 349/435/210 
s 1
f 350/415/211 346/436/211 343/437/212 351/438/212 
s 4
f 351/438/213 343/437/213 342/439/213 352/440/213 
s 1
f 352/440/214 342/439/214 321/425/201 324/441/201 
s 2
f 353/442/215 354/443/216 324/444/216 323/441/215 
f 324/444/216 354/443/216 351/445/216 352/446/216 
f 351/445/216 354/443/216 355/447/216 356/448/216 
f 351/445/216 356/448/216 357/449/216 350/450/216 
f 350/450/216 357/449/216 358/451/217 359/401/217 
f 326/441/218 360/404/218 361/452/219 329/453/219 
f 329/453/219 361/452/219 362/454/220 330/455/220 
f 330/455/220 362/454/220 363/421/221 327/422/221 
f 327/422/221 363/421/221 364/423/222 328/424/222 
f 328/424/222 364/423/222 353/401/215 323/425/215 
f 326/425/218 325/441/208 340/404/208 360/401/218 
s 1
f 364/411/223 363/412/223 360/405/223 353/402/223 
f 353/402/223 360/405/223 340/406/223 335/403/223 
f 353/402/223 335/403/223 341/404/224 354/401/224 
f 360/405/223 363/412/223 362/413/223 361/414/223 
f 335/403/223 340/406/223 337/407/223 336/408/223 
f 337/407/223 340/406/223 339/409/223 338/410/223 
f 350/441/211 359/456/225 365/457/225 348/458/225 
f 348/458/225 365/457/225 366/459/225 367/460/225 
f 367/460/225 366/459/225 368/461/225 369/462/225 
f 369/462/225 368/461/225 370/463/225 371/464/225 
f 371/464/225 370/463/225 372/465/225 373/466/225 
f 368/461/225 374/467/225 370/463/225 
f 348/458/225 346/425/211 350/441/211 
f 354/425/224 341/441/224 345/440/226 355/439/226 
s 4
f 355/439/227 345/440/227 344/438/227 356/437/227 
s 1
f 356/437/228 344/438/228 347/415/229 357/436/229 
s 2
f 358/441/217 375/468/230 365/469/230 359/425/217 
f 365/469/230 375/468/230 376/470/231 366/471/231 
f 366/471/231 376/470/231 377/420/232 368/419/232 
f 368/419/232 377/420/232 378/417/233 374/416/233 
f 374/416/233 378/417/233 379/418/234 370/415/234 
f 370/401/234 379/425/234 380/441/235 372/404/235 
f 372/436/235 380/472/235 381/473/236 373/474/236 
f 373/474/236 381/473/236 382/475/237 371/476/237 
f 371/476/237 382/475/237 383/477/238 369/478/238 
f 369/478/238 383/477/238 384/479/239 367/480/239 
f 367/480/239 384/479/239 349/472/210 348/418/210 
s 1
f 347/441/229 349/456/240 358/458/240 357/425/229 
f 358/458/240 349/456/240 384/457/240 375/460/240 
f 375/460/240 384/457/240 383/459/240 376/462/240 
f 376/462/240 383/459/240 382/461/240 377/464/240 
f 377/464/240 382/461/240 380/463/240 379/465/240 
f 380/463/240 382/461/240 381/467/240 
f 379/465/240 378/466/240 377/464/240 
# 60 polygons - 4 triangles

#
# object Block_Compile_Shelving_System_4___Frame
#

v  -459.0000 116.2098 17.2801
v  -460.7043 116.2098 20.0108
v  -460.7043 146.2098 20.0108
v  -459.0000 146.2098 17.2801
v  -463.3469 116.2098 21.8487
v  -463.3469 146.2098 21.8487
v  -466.5000 116.2098 22.4962
v  -466.5000 146.2098 22.4962
v  -459.0000 146.2098 339.4962
v  -459.0000 116.2098 339.4962
v  -469.6531 116.2098 21.8487
v  -469.6531 146.2098 21.8487
v  -472.2957 116.2098 20.0108
v  -472.2957 146.2098 20.0108
v  -474.0000 116.2098 17.2801
v  -474.0000 146.2098 17.2801
v  -474.0000 146.2098 339.4962
v  -474.0000 116.2098 339.4962
v  -474.5000 116.2098 14.4962
v  -474.5000 146.2098 14.4962
v  -473.4282 146.2098 10.4962
v  -473.4282 116.2098 10.4962
v  -470.5000 146.2098 7.5680
v  -470.5000 116.2098 7.5680
v  -466.5000 146.2098 6.4962
v  -466.5000 116.2098 6.4962
v  -462.5000 146.2098 7.5680
v  -462.5000 116.2098 7.5680
v  -459.5718 146.2098 10.4962
v  -459.5718 116.2098 10.4962
v  -458.5000 146.2098 14.4962
v  -458.5000 116.2098 14.4962
v  -459.5718 146.2098 18.4962
v  -459.5718 116.2098 18.4962
v  -462.5000 146.2098 21.4244
v  -462.5000 116.2098 21.4244
v  -470.5000 146.2098 21.4244
v  -470.5000 116.2098 21.4244
v  -473.4282 146.2098 18.4962
v  -473.4282 116.2098 18.4962
v  474.0000 116.2098 17.2801
v  472.2957 116.2098 20.0108
v  472.2957 146.2098 20.0108
v  474.0000 146.2098 17.2801
v  469.6531 116.2098 21.8487
v  469.6531 146.2098 21.8487
v  466.5000 116.2098 22.4962
v  466.5000 146.2098 22.4962
v  474.0000 146.2098 339.4962
v  474.0000 116.2098 339.4962
v  463.3469 116.2098 21.8487
v  463.3469 146.2098 21.8487
v  460.7043 116.2098 20.0108
v  460.7043 146.2098 20.0108
v  459.0000 116.2098 17.2801
v  459.0000 146.2098 17.2801
v  459.0000 146.2098 339.4962
v  459.0000 116.2098 339.4962
v  458.5000 116.2098 14.4962
v  458.5000 146.2098 14.4962
v  459.5718 146.2098 10.4962
v  459.5718 116.2098 10.4962
v  462.5000 146.2098 7.5680
v  462.5000 116.2098 7.5680
v  466.5000 146.2098 6.4962
v  466.5000 116.2098 6.4962
v  470.5000 146.2098 7.5680
v  470.5000 116.2098 7.5680
v  473.4282 146.2098 10.4962
v  473.4282 116.2098 10.4962
v  474.5000 146.2098 14.4962
v  474.5000 116.2098 14.4962
v  473.4282 146.2098 18.4962
v  473.4282 116.2098 18.4962
v  470.5000 146.2098 21.4244
v  470.5000 116.2098 21.4244
v  462.5000 146.2098 21.4244
v  462.5000 116.2098 21.4244
v  459.5718 146.2098 18.4962
v  459.5718 116.2098 18.4962
v  588.2161 116.2098 354.4962
v  585.4855 116.2098 352.7919
v  585.4855 146.2098 352.7919
v  588.2161 146.2098 354.4962
v  583.6476 116.2098 350.1493
v  583.6476 146.2098 350.1493
v  583.0000 116.2098 346.9962
v  583.0000 146.2098 346.9962
v  588.2161 116.2098 339.4962
v  -588.2161 116.2098 339.4962
v  -588.2161 146.2098 339.4962
v  588.2161 146.2098 339.4962
v  -588.2161 116.2098 354.4962
v  -585.0344 116.2098 352.3265
v  -583.2352 116.2098 348.9217
v  -583.2352 116.2098 345.0707
v  -585.0344 116.2098 341.6659
v  583.6476 116.2098 343.8431
v  585.4855 116.2098 341.2005
v  583.6476 146.2098 343.8431
v  585.4855 146.2098 341.2005
v  -585.0344 146.2098 352.3265
v  -588.2161 146.2098 354.4962
v  -583.2352 146.2098 348.9217
v  -583.2352 146.2098 345.0707
v  -585.0344 146.2098 341.6659
v  591.0000 116.2098 354.9962
v  591.0000 146.2098 354.9962
v  587.0000 146.2098 353.9244
v  587.0000 116.2098 353.9244
v  584.0718 146.2098 350.9962
v  584.0718 116.2098 350.9962
v  584.0718 146.2098 342.9962
v  584.0718 116.2098 342.9962
v  587.0000 146.2098 340.0681
v  587.0000 116.2098 340.0681
v  591.0000 146.2098 338.9962
v  591.0000 116.2098 338.9962
v  595.0000 146.2098 340.0681
v  595.0000 116.2098 340.0681
v  597.9282 146.2098 342.9962
v  597.9282 116.2098 342.9962
v  599.0000 146.2098 346.9962
v  599.0000 116.2098 346.9962
v  597.9282 146.2098 350.9962
v  597.9282 116.2098 350.9962
v  595.0000 146.2098 353.9244
v  595.0000 116.2098 353.9244
v  -459.0859 8.7098 11.8686
v  -458.9596 9.2098 11.8238
v  -458.6336 9.2098 15.9521
v  -458.7653 8.7098 15.9277
v  -460.4154 9.2098 19.6902
v  -460.5173 8.7098 19.6033
v  -463.8276 9.2098 22.0367
v  -463.8723 8.7098 21.9104
v  -467.9559 9.2098 22.3627
v  -467.9315 8.7098 22.2309
v  -471.6940 9.2098 20.5808
v  -471.6070 8.7098 20.4789
v  -474.0404 9.2098 17.1686
v  -473.9142 8.7098 17.1239
v  -473.5692 8.3438 17.0016
v  -471.3694 8.3438 20.2005
v  -467.8649 8.3438 21.8710
v  -463.9946 8.3438 21.5654
v  -460.7957 8.3438 19.3656
v  -459.1252 8.3438 15.8611
v  -459.4308 8.3438 11.9909
v  -459.6169 8.2098 15.7701
v  -459.9021 8.2098 12.1579
v  -473.0979 8.2098 16.8346
v  -471.0448 8.2098 19.8203
v  -467.7739 8.2098 21.3793
v  -464.1617 8.2098 21.0941
v  -461.1760 8.2098 19.0410
v  -458.9596 11.2098 11.8238
v  -461.3060 9.2098 8.4116
v  -461.3060 11.2098 8.4116
v  -465.0442 9.2098 6.6298
v  -465.0442 11.2098 6.6298
v  -469.1724 9.2098 6.9558
v  -469.1724 11.2098 6.9558
v  -472.5846 9.2098 9.3022
v  -472.5846 11.2098 9.3022
v  -474.3664 9.2098 13.0404
v  -474.3664 11.2098 13.0404
v  -474.0404 11.2098 17.1686
v  -458.6336 11.2098 15.9521
v  -471.6940 11.2098 20.5808
v  -460.4154 11.2098 19.6902
v  -467.9559 11.2098 22.3627
v  -463.8276 11.2098 22.0367
v  -473.8748 8.3438 13.1314
v  -473.3831 8.2098 13.2224
v  -472.2043 8.3438 9.6268
v  -471.8240 8.2098 9.9515
v  -469.0054 8.3438 7.4271
v  -468.8383 8.2098 7.8983
v  -465.1351 8.3438 7.1215
v  -465.2262 8.2098 7.6131
v  -461.6306 8.3438 8.7919
v  -461.9553 8.2098 9.1722
v  -461.3930 8.7098 8.5135
v  -474.2347 8.7098 13.0648
v  -472.4827 8.7098 9.3892
v  -469.1277 8.7098 7.0821
v  -465.0685 8.7098 6.7616
v  -453.1248 0.9849 9.7559
v  -452.8642 1.9738 9.6635
v  -452.2746 1.9738 17.1289
v  -452.5379 1.0000 17.0802
v  -455.4968 1.9738 23.8889
v  -455.7005 1.0000 23.7151
v  -461.6673 1.9738 28.1321
v  -461.7568 1.0000 27.8797
v  -469.1328 1.9738 28.7216
v  -469.0840 1.0000 28.4583
v  -475.8927 1.9738 25.4994
v  -475.7188 1.0000 25.2957
v  -480.1358 1.9738 19.3289
v  -479.8752 0.9849 19.2365
v  -479.1864 0.2636 18.9924
v  -475.2435 0.2679 24.7390
v  -468.9507 0.2679 27.7385
v  -462.0013 0.2679 27.1897
v  -456.2573 0.2679 23.2398
v  -453.2578 0.2679 16.9470
v  -453.8137 0.2636 10.0001
v  -454.2411 0.0000 16.7650
v  -454.7491 0.0000 10.3316
v  -478.2509 0.0000 18.6609
v  -474.5943 0.0000 23.9784
v  -468.7688 0.0000 26.7552
v  -462.3354 0.0000 26.2472
v  -457.0179 0.0000 22.5905
v  -453.0738 4.6497 9.7379
v  -452.4935 4.6497 17.0885
v  -452.9476 4.5380 9.6931
v  -452.3117 4.4656 17.1221
v  -452.8652 4.3873 9.6639
v  -452.2458 4.2130 17.1343
v  -452.8365 4.2126 9.6538
v  -455.6661 4.6497 23.7444
v  -455.5255 4.4656 23.8644
v  -461.7416 4.6497 27.9224
v  -461.6799 4.4656 28.0966
v  -469.0922 4.6497 28.5028
v  -469.1259 4.4656 28.6845
v  -475.7482 4.6497 25.3302
v  -475.8682 4.4656 25.4707
v  -480.0524 4.5380 19.2993
v  -479.9262 4.6497 19.2546
v  -480.1349 4.3873 19.3286
v  -480.1635 4.2126 19.3387
v  -475.9117 4.2130 25.5217
v  -469.1380 4.2130 28.7504
v  -461.6575 4.2130 28.1597
v  -455.4746 4.2130 23.9079
v  -457.1074 1.9738 3.4931
v  -457.0883 4.2117 3.4708
v  -463.8673 1.9738 0.2709
v  -463.8620 4.2117 0.2421
v  -471.3327 1.9738 0.8604
v  -471.3425 4.2117 0.8328
v  -477.5032 1.9738 5.1036
v  -477.5255 4.2117 5.0845
v  -480.7254 1.9738 11.8635
v  -480.7542 4.2117 11.8582
v  -480.6883 4.4656 11.8704
v  -477.4745 4.4656 5.1280
v  -471.3201 4.4656 0.8959
v  -463.8741 4.4656 0.3079
v  -457.1318 4.4656 3.5217
v  -457.2518 4.6497 3.6623
v  -480.5066 4.6497 11.9040
v  -477.3340 4.6497 5.2480
v  -471.2584 4.6497 1.0701
v  -463.9078 4.6497 0.4897
v  -478.7590 0.0000 12.2275
v  -464.2313 0.0000 2.2373
v  -458.4057 0.0000 5.0141
v  -475.9821 0.0000 6.4019
v  -470.6646 0.0000 2.7453
v  -479.7422 0.2679 12.0455
v  -476.7427 0.2679 5.7527
v  -470.9987 0.2679 1.8027
v  -464.0493 0.2679 1.2540
v  -457.7565 0.2679 4.2535
v  -457.2812 1.0000 3.6967
v  -463.9160 1.0000 0.5342
v  -471.2432 1.0000 1.1127
v  -477.2995 1.0000 5.2774
v  -480.4621 1.0000 11.9123
v  -469.7463 8.2098 18.2991
v  -471.2128 8.2098 16.1665
v  -474.3935 7.1730 17.2938
v  -474.8517 6.4705 20.5141
v  -476.7773 6.4705 15.0807
v  -477.4247 5.9414 18.3681
v  -472.1989 6.4705 23.0687
v  -468.0318 6.4705 24.6756
v  -463.0613 6.4705 24.1988
v  -458.8999 6.4705 21.4391
v  -462.6971 8.2098 17.7425
v  -464.8298 8.2098 19.2090
v  -456.6747 6.4705 17.5668
v  -461.5835 8.2098 15.4061
v  -456.2227 6.4705 13.9118
v  -461.7872 8.2098 12.8260
v  -455.5753 5.9414 10.6244
v  -467.4099 8.2098 19.4128
v  -471.4165 8.2098 13.5863
v  -476.3253 6.4705 11.4256
v  -470.3029 8.2098 11.2500
v  -474.1001 6.4705 7.5533
v  -468.1703 8.2098 9.7835
v  -469.9387 6.4705 4.7936
v  -465.5901 8.2098 9.5797
v  -464.9682 6.4705 4.3169
v  -460.8011 6.4705 5.9237
v  -458.1483 6.4705 8.4784
v  -463.2538 8.2098 10.6934
v  458.6770 8.7098 15.3176
v  458.5438 9.2098 15.3316
v  459.1921 9.2098 11.2415
v  459.3144 8.7098 11.2960
v  461.7985 9.2098 8.0236
v  461.8772 8.7098 8.1320
v  465.6647 9.2098 6.5400
v  465.6787 8.7098 6.6732
v  469.7548 9.2098 7.1882
v  469.7003 8.7098 7.3106
v  472.9727 9.2098 9.7947
v  472.8643 8.7098 9.8734
v  474.4563 9.2098 13.6609
v  474.3231 8.7098 13.6749
v  473.9591 8.3438 13.7131
v  472.5682 8.3438 10.0885
v  469.5513 8.3438 7.6450
v  465.7169 8.3438 7.0372
v  462.0923 8.3438 8.4281
v  459.6488 8.3438 11.4449
v  459.0411 8.3438 15.2793
v  460.1056 8.2098 11.6483
v  459.5383 8.2098 15.2271
v  473.4618 8.2098 13.7653
v  472.1637 8.2098 10.3824
v  469.3480 8.2098 8.1017
v  465.7691 8.2098 7.5345
v  462.3862 8.2098 8.8326
v  458.5438 11.2098 15.3316
v  460.0274 9.2098 19.1978
v  460.0274 11.2098 19.1978
v  463.2453 9.2098 21.8042
v  463.2453 11.2098 21.8042
v  467.3354 9.2098 22.4525
v  467.3354 11.2098 22.4525
v  471.2016 9.2098 20.9689
v  471.2016 11.2098 20.9689
v  473.8080 9.2098 17.7510
v  473.8080 11.2098 17.7510
v  474.4563 11.2098 13.6609
v  459.1921 11.2098 11.2415
v  472.9727 11.2098 9.7947
v  461.7985 11.2098 8.0236
v  469.7548 11.2098 7.1882
v  465.6647 11.2098 6.5400
v  473.3513 8.3438 17.5475
v  472.8945 8.2098 17.3441
v  470.9077 8.3438 20.5644
v  470.6139 8.2098 20.1598
v  467.2831 8.3438 21.9552
v  467.2309 8.2098 21.4580
v  463.4487 8.3438 21.3475
v  463.6522 8.2098 20.8907
v  460.4319 8.3438 18.9039
v  460.8365 8.2098 18.6101
v  460.1358 8.7098 19.1190
v  473.6856 8.7098 17.6965
v  471.1228 8.7098 20.8605
v  467.3214 8.7098 22.3193
v  463.2998 8.7098 21.6818
v  452.3873 0.9849 15.9779
v  452.1122 1.9738 16.0068
v  453.2845 1.9738 8.6105
v  453.5291 1.0000 8.7194
v  457.9979 1.9738 2.7913
v  458.1553 1.0000 3.0079
v  464.9895 1.9738 0.1084
v  465.0174 1.0000 0.3747
v  472.3858 1.9738 1.2807
v  472.2768 1.0000 1.5253
v  478.2050 1.9738 5.9941
v  477.9883 1.0000 6.1515
v  480.8879 1.9738 12.9857
v  480.6129 0.9849 13.0145
v  479.8860 0.2636 13.0909
v  477.3961 0.2679 6.5817
v  471.9790 0.2679 2.1940
v  465.0939 0.2679 1.1028
v  458.5855 0.2679 3.6002
v  454.1978 0.2679 9.0173
v  453.1141 0.2636 15.9016
v  455.1114 0.0000 9.4241
v  454.1011 0.0000 15.7980
v  478.8990 0.0000 13.1945
v  476.5870 0.0000 7.1694
v  471.5722 0.0000 3.1075
v  465.1983 0.0000 2.0973
v  459.1732 0.0000 4.4093
v  452.3335 4.6497 15.9836
v  453.4878 4.6497 8.7010
v  452.2003 4.5380 15.9975
v  453.3189 4.4656 8.6258
v  452.1133 4.3873 16.0067
v  453.2578 4.2130 8.5986
v  452.0831 4.2126 16.0099
v  458.1287 4.6497 2.9713
v  458.0201 4.4656 2.8218
v  465.0127 4.6497 0.3297
v  464.9934 4.4656 0.1459
v  472.2953 4.6497 1.4840
v  472.3705 4.4656 1.3151
v  478.0250 4.6497 6.1249
v  478.1745 4.4656 6.0163
v  480.7998 4.5380 12.9949
v  480.6666 4.6497 13.0089
v  480.8868 4.3873 12.9858
v  480.9171 4.2126 12.9826
v  478.2287 4.2130 5.9769
v  472.3977 4.2130 1.2540
v  464.9864 4.2130 0.0793
v  457.9807 4.2130 2.7676
v  454.7951 1.9738 22.9984
v  454.7714 4.2117 23.0155
v  460.6143 1.9738 27.7118
v  460.6024 4.2117 27.7385
v  468.0106 1.9738 28.8841
v  468.0137 4.2117 28.9132
v  475.0021 1.9738 26.2012
v  475.0194 4.2117 26.2249
v  479.7156 1.9738 20.3820
v  479.7423 4.2117 20.3939
v  479.6812 4.4656 20.3666
v  474.9800 4.4656 26.1707
v  468.0067 4.4656 28.8466
v  460.6296 4.4656 27.6773
v  454.8256 4.4656 22.9762
v  454.9751 4.6497 22.8676
v  479.5123 4.6497 20.2914
v  474.8714 4.6497 26.0212
v  467.9874 4.6497 28.6628
v  460.7048 4.6497 27.5085
v  477.8888 0.0000 19.5684
v  461.4279 0.0000 25.8849
v  456.4131 0.0000 21.8231
v  473.8269 0.0000 24.5832
v  467.8018 0.0000 26.8952
v  478.8022 0.2679 19.9752
v  474.4146 0.2679 25.3923
v  467.9062 0.2679 27.8897
v  461.0211 0.2679 26.7984
v  455.6040 0.2679 22.4108
v  455.0117 1.0000 22.8410
v  460.7232 1.0000 27.4671
v  467.9826 1.0000 28.6178
v  474.8448 1.0000 25.9845
v  479.4709 1.0000 20.2730
v  470.5455 8.2098 11.5578
v  471.4727 8.2098 13.9742
v  474.8288 7.1730 13.6218
v  476.0272 6.4705 10.5978
v  476.6292 6.4705 16.3309
v  478.0273 5.9414 13.2860
v  474.0453 6.4705 7.4938
v  470.3694 6.4705 4.9572
v  465.4252 6.4705 4.2586
v  460.7339 6.4705 5.9688
v  463.5616 8.2098 10.4508
v  465.9780 8.2098 9.5236
v  457.6650 6.4705 9.2135
v  461.9326 8.2098 12.4620
v  456.3709 6.4705 12.6615
v  461.5274 8.2098 15.0183
v  454.9728 5.9414 15.7065
v  468.5343 8.2098 9.9287
v  471.0676 8.2098 16.5304
v  475.3351 6.4705 19.7789
v  469.4385 8.2098 18.5417
v  472.2661 6.4705 23.0237
v  467.0222 8.2098 19.4689
v  467.5749 6.4705 24.7339
v  464.4658 8.2098 19.0637
v  462.6307 6.4705 24.0353
v  458.9548 6.4705 21.4987
v  456.9728 6.4705 18.3946
v  462.4547 8.2098 17.4347
v  583.1770 8.7098 347.8176
v  583.0437 9.2098 347.8315
v  583.6920 9.2098 343.7415
v  583.8144 8.7098 343.7960
v  586.2985 9.2098 340.5235
v  586.3772 8.7098 340.6319
v  590.1647 9.2098 339.0400
v  590.1786 8.7098 339.1732
v  594.2548 9.2098 339.6882
v  594.2002 8.7098 339.8106
v  597.4727 9.2098 342.2947
v  597.3643 8.7098 342.3734
v  598.9563 9.2098 346.1609
v  598.8230 8.7098 346.1749
v  598.4590 8.3438 346.2131
v  597.0681 8.3438 342.5885
v  594.0513 8.3438 340.1450
v  590.2169 8.3438 339.5372
v  586.5923 8.3438 340.9281
v  584.1487 8.3438 343.9449
v  583.5410 8.3438 347.7794
v  584.6056 8.2098 344.1483
v  584.0383 8.2098 347.7271
v  597.9617 8.2098 346.2653
v  596.6636 8.2098 342.8824
v  593.8479 8.2098 340.6017
v  590.2692 8.2098 340.0345
v  586.8862 8.2098 341.3326
v  583.0437 11.2098 347.8315
v  584.5273 9.2098 351.6978
v  584.5273 11.2098 351.6978
v  587.7453 9.2098 354.3042
v  587.7453 11.2098 354.3042
v  591.8353 9.2098 354.9525
v  591.8353 11.2098 354.9525
v  595.7015 9.2098 353.4689
v  595.7015 11.2098 353.4689
v  598.3080 9.2098 350.2509
v  598.3080 11.2098 350.2509
v  598.9563 11.2098 346.1609
v  583.6920 11.2098 343.7415
v  597.4727 11.2098 342.2947
v  586.2985 11.2098 340.5235
v  594.2548 11.2098 339.6882
v  590.1647 11.2098 339.0400
v  597.8513 8.3438 350.0475
v  597.3945 8.2098 349.8441
v  595.4077 8.3438 353.0643
v  595.1139 8.2098 352.6598
v  591.7831 8.3438 354.4552
v  591.7309 8.2098 353.9579
v  587.9487 8.3438 353.8475
v  588.1521 8.2098 353.3907
v  584.9319 8.3438 351.4039
v  585.3364 8.2098 351.1101
v  584.6357 8.7098 351.6190
v  598.1856 8.7098 350.1964
v  595.6228 8.7098 353.3605
v  591.8214 8.7098 354.8192
v  587.7998 8.7098 354.1818
v  576.8872 0.9849 348.4779
v  576.6121 1.9738 348.5068
v  577.7845 1.9738 341.1105
v  578.0291 1.0000 341.2194
v  582.4979 1.9738 335.2913
v  582.6553 1.0000 335.5079
v  589.4894 1.9738 332.6084
v  589.5174 1.0000 332.8747
v  596.8857 1.9738 333.7807
v  596.7768 1.0000 334.0253
v  602.7050 1.9738 338.4941
v  602.4883 1.0000 338.6515
v  605.3879 1.9738 345.4857
v  605.1128 0.9849 345.5145
v  604.3860 0.2636 345.5909
v  601.8960 0.2679 339.0817
v  596.4789 0.2679 334.6940
v  589.5938 0.2679 333.6027
v  583.0854 0.2679 336.1002
v  578.6978 0.2679 341.5172
v  577.6140 0.2636 348.4016
v  579.6113 0.0000 341.9241
v  578.6011 0.0000 348.2980
v  603.3989 0.0000 345.6945
v  601.0869 0.0000 339.6694
v  596.0721 0.0000 335.6075
v  589.6982 0.0000 334.5973
v  583.6732 0.0000 336.9093
v  576.8334 4.6497 348.4836
v  577.9877 4.6497 341.2010
v  576.7003 4.5380 348.4975
v  577.8189 4.4656 341.1258
v  576.6132 4.3873 348.5067
v  577.7578 4.2130 341.0986
v  576.5830 4.2126 348.5098
v  582.6287 4.6497 335.4713
v  582.5200 4.4656 335.3217
v  589.5127 4.6497 332.8297
v  589.4933 4.4656 332.6458
v  596.7953 4.6497 333.9839
v  596.8704 4.4656 333.8151
v  602.5250 4.6497 338.6249
v  602.6745 4.4656 338.5162
v  605.2997 4.5380 345.4949
v  605.1666 4.6497 345.5089
v  605.3868 4.3873 345.4858
v  605.4170 4.2126 345.4826
v  602.7287 4.2130 338.4769
v  596.8976 4.2130 333.7539
v  589.4864 4.2130 332.5792
v  582.4807 4.2130 335.2676
v  579.2950 1.9738 355.4984
v  579.2714 4.2117 355.5156
v  585.1143 1.9738 360.2118
v  585.1024 4.2117 360.2385
v  592.5106 1.9738 361.3841
v  592.5136 4.2117 361.4132
v  599.5021 1.9738 358.7012
v  599.5193 4.2117 358.7249
v  604.2155 1.9738 352.8820
v  604.2423 4.2117 352.8939
v  604.1811 4.4656 352.8666
v  599.4800 4.4656 358.6707
v  592.5067 4.4656 361.3466
v  585.1296 4.4656 360.1773
v  579.3255 4.4656 355.4762
v  579.4750 4.6497 355.3676
v  604.0123 4.6497 352.7914
v  599.3713 4.6497 358.5212
v  592.4873 4.6497 361.1628
v  585.2048 4.6497 360.0085
v  602.3887 0.0000 352.0683
v  585.9279 0.0000 358.3849
v  580.9131 0.0000 354.3231
v  598.3268 0.0000 357.0832
v  592.3018 0.0000 359.3952
v  603.3022 0.2679 352.4752
v  598.9146 0.2679 357.8922
v  592.4062 0.2679 360.3897
v  585.5211 0.2679 359.2984
v  580.1040 0.2679 354.9107
v  579.5117 1.0000 355.3410
v  585.2232 1.0000 359.9671
v  592.4826 1.0000 361.1178
v  599.3447 1.0000 358.4845
v  603.9709 1.0000 352.7730
v  595.0454 8.2098 344.0577
v  595.9727 8.2098 346.4742
v  599.3288 7.1730 346.1218
v  600.5272 6.4705 343.0978
v  601.1291 6.4705 348.8309
v  602.5272 5.9414 345.7860
v  598.5452 6.4705 339.9937
v  594.8693 6.4705 337.4572
v  589.9252 6.4705 336.7586
v  585.2339 6.4705 338.4688
v  588.0615 8.2098 342.9508
v  590.4779 8.2098 342.0236
v  582.1650 6.4705 341.7135
v  586.4325 8.2098 344.9620
v  580.8709 6.4705 345.1615
v  586.0273 8.2098 347.5183
v  579.4728 5.9414 348.2065
v  593.0342 8.2098 342.4287
v  595.5675 8.2098 349.0305
v  599.8350 6.4705 352.2789
v  593.9385 8.2098 351.0416
v  596.7661 6.4705 355.5236
v  591.5221 8.2098 351.9689
v  592.0748 6.4705 357.2339
v  588.9658 8.2098 351.5637
v  587.1307 6.4705 356.5352
v  583.4548 6.4705 353.9987
v  581.4728 6.4705 350.8946
v  586.9546 8.2098 349.9347
v  -459.0000 431.2098 17.2801
v  -460.7043 431.2098 20.0108
v  -460.7043 461.2098 20.0108
v  -459.0000 461.2098 17.2801
v  -463.3469 431.2098 21.8487
v  -463.3469 461.2098 21.8487
v  -466.5000 431.2098 22.4962
v  -466.5000 461.2098 22.4962
v  -459.0000 461.2098 339.4962
v  -459.0000 431.2098 339.4962
v  -469.6531 431.2098 21.8487
v  -469.6531 461.2098 21.8487
v  -472.2957 431.2098 20.0108
v  -472.2957 461.2098 20.0108
v  -474.0000 431.2098 17.2801
v  -474.0000 461.2098 17.2801
v  -474.0000 461.2098 339.4962
v  -474.0000 431.2098 339.4962
v  -474.5000 431.2098 14.4962
v  -474.5000 461.2098 14.4962
v  -473.4282 461.2098 10.4962
v  -473.4282 431.2098 10.4962
v  -470.5000 461.2098 7.5680
v  -470.5000 431.2098 7.5680
v  -466.5000 461.2098 6.4962
v  -466.5000 431.2098 6.4962
v  -462.5000 461.2098 7.5680
v  -462.5000 431.2098 7.5680
v  -459.5718 461.2098 10.4962
v  -459.5718 431.2098 10.4962
v  -458.5000 461.2098 14.4962
v  -458.5000 431.2098 14.4962
v  -459.5718 461.2098 18.4962
v  -459.5718 431.2098 18.4962
v  -462.5000 461.2098 21.4244
v  -462.5000 431.2098 21.4244
v  -470.5000 461.2098 21.4244
v  -470.5000 431.2098 21.4244
v  -473.4282 461.2098 18.4962
v  -473.4282 431.2098 18.4962
v  474.0000 431.2098 17.2801
v  472.2957 431.2098 20.0108
v  472.2957 461.2098 20.0108
v  474.0000 461.2098 17.2801
v  469.6531 431.2098 21.8487
v  469.6531 461.2098 21.8487
v  466.5000 431.2098 22.4962
v  466.5000 461.2098 22.4962
v  474.0000 461.2098 339.4962
v  474.0000 431.2098 339.4962
v  463.3469 431.2098 21.8487
v  463.3469 461.2098 21.8487
v  460.7043 431.2098 20.0108
v  460.7043 461.2098 20.0108
v  459.0000 431.2098 17.2801
v  459.0000 461.2098 17.2801
v  459.0000 461.2098 339.4962
v  459.0000 431.2098 339.4962
v  458.5000 431.2098 14.4962
v  458.5000 461.2098 14.4962
v  459.5718 461.2098 10.4962
v  459.5718 431.2098 10.4962
v  462.5000 461.2098 7.5680
v  462.5000 431.2098 7.5680
v  466.5000 461.2098 6.4962
v  466.5000 431.2098 6.4962
v  470.5000 461.2098 7.5680
v  470.5000 431.2098 7.5680
v  473.4282 461.2098 10.4962
v  473.4282 431.2098 10.4962
v  474.5000 461.2098 14.4962
v  474.5000 431.2098 14.4962
v  473.4282 461.2098 18.4962
v  473.4282 431.2098 18.4962
v  470.5000 461.2098 21.4244
v  470.5000 431.2098 21.4244
v  462.5000 461.2098 21.4244
v  462.5000 431.2098 21.4244
v  459.5718 461.2098 18.4962
v  459.5718 431.2098 18.4962
v  588.2161 431.2098 354.4962
v  585.4855 431.2098 352.7919
v  585.4855 461.2098 352.7919
v  588.2161 461.2098 354.4962
v  583.6476 431.2098 350.1493
v  583.6476 461.2098 350.1493
v  583.0000 431.2098 346.9962
v  583.0000 461.2098 346.9962
v  588.2161 431.2098 339.4962
v  -588.2161 431.2098 339.4962
v  -588.2161 461.2098 339.4962
v  588.2161 461.2098 339.4962
v  -588.2161 431.2098 354.4962
v  -585.0344 431.2098 352.3265
v  -583.2352 431.2098 348.9217
v  -583.2352 431.2098 345.0707
v  -585.0344 431.2098 341.6659
v  583.6476 431.2098 343.8431
v  585.4855 431.2098 341.2005
v  583.6476 461.2098 343.8431
v  585.4855 461.2098 341.2005
v  -585.0344 461.2098 352.3265
v  -588.2161 461.2098 354.4962
v  -583.2352 461.2098 348.9217
v  -583.2352 461.2098 345.0707
v  -585.0344 461.2098 341.6659
v  591.0000 431.2098 354.9962
v  591.0000 461.2098 354.9962
v  587.0000 461.2098 353.9244
v  587.0000 431.2098 353.9244
v  584.0718 461.2098 350.9962
v  584.0718 431.2098 350.9962
v  584.0718 461.2098 342.9962
v  584.0718 431.2098 342.9962
v  587.0000 461.2098 340.0681
v  587.0000 431.2098 340.0681
v  591.0000 461.2098 338.9962
v  591.0000 431.2098 338.9962
v  595.0000 461.2098 340.0681
v  595.0000 431.2098 340.0681
v  597.9282 461.2098 342.9962
v  597.9282 431.2098 342.9962
v  599.0000 461.2098 346.9962
v  599.0000 431.2098 346.9962
v  597.9282 461.2098 350.9962
v  597.9282 431.2098 350.9962
v  595.0000 461.2098 353.9244
v  595.0000 431.2098 353.9244
v  -590.9999 461.2098 354.9962
v  -590.9999 431.2098 354.9962
v  -586.9999 431.2098 353.9244
v  -586.9999 461.2098 353.9244
v  -584.0718 431.2098 350.9962
v  -584.0718 461.2098 350.9962
v  -582.9999 431.2098 346.9962
v  -582.9999 461.2098 346.9962
v  -584.0718 431.2098 342.9962
v  -584.0718 461.2098 342.9962
v  -586.9999 431.2098 340.0681
v  -586.9999 461.2098 340.0681
v  -590.9999 431.2098 338.9962
v  -590.9999 461.2098 338.9962
v  -594.9999 431.2098 340.0681
v  -594.9999 461.2098 340.0681
v  -597.9282 431.2098 342.9962
v  -597.9282 461.2098 342.9962
v  -598.9999 431.2098 346.9962
v  -598.9999 461.2098 346.9962
v  -597.9282 431.2098 350.9962
v  -597.9282 461.2098 350.9962
v  -594.9999 431.2098 353.9244
v  -594.9999 461.2098 353.9244
v  -459.0000 716.2098 17.2801
v  -460.7043 716.2098 20.0108
v  -460.7043 746.2098 20.0108
v  -459.0000 746.2098 17.2801
v  -463.3469 716.2098 21.8487
v  -463.3469 746.2098 21.8487
v  -466.5000 716.2098 22.4962
v  -466.5000 746.2098 22.4962
v  -459.0000 746.2098 339.4962
v  -459.0000 716.2098 339.4962
v  -469.6531 716.2098 21.8487
v  -469.6531 746.2098 21.8487
v  -472.2957 716.2098 20.0108
v  -472.2957 746.2098 20.0108
v  -474.0000 716.2098 17.2801
v  -474.0000 746.2098 17.2801
v  -474.0000 746.2098 339.4962
v  -474.0000 716.2098 339.4962
v  458.5000 716.2098 14.4962
v  458.5000 746.2098 14.4962
v  459.5718 746.2098 10.4962
v  459.5718 716.2098 10.4962
v  462.5000 746.2098 7.5680
v  462.5000 716.2098 7.5680
v  466.5000 746.2098 6.4962
v  466.5000 716.2098 6.4962
v  470.5000 746.2098 7.5680
v  470.5000 716.2098 7.5680
v  473.4282 746.2098 10.4962
v  473.4282 716.2098 10.4962
v  474.5000 746.2098 14.4962
v  474.5000 716.2098 14.4962
v  473.4282 746.2098 18.4962
v  473.4282 716.2098 18.4962
v  470.5000 746.2098 21.4244
v  470.5000 716.2098 21.4244
v  466.5000 746.2098 22.4962
v  466.5000 716.2098 22.4962
v  462.5000 746.2098 21.4244
v  462.5000 716.2098 21.4244
v  459.5718 746.2098 18.4962
v  459.5718 716.2098 18.4962
v  -474.5000 716.2098 14.4962
v  -474.5000 746.2098 14.4962
v  -473.4282 746.2098 10.4962
v  -473.4282 716.2098 10.4962
v  -470.5000 746.2098 7.5680
v  -470.5000 716.2098 7.5680
v  -466.5000 746.2098 6.4962
v  -466.5000 716.2098 6.4962
v  -462.5000 746.2098 7.5680
v  -462.5000 716.2098 7.5680
v  -459.5718 746.2098 10.4962
v  -459.5718 716.2098 10.4962
v  -458.5000 746.2098 14.4962
v  -458.5000 716.2098 14.4962
v  -459.5718 746.2098 18.4962
v  -459.5718 716.2098 18.4962
v  -462.5000 746.2098 21.4244
v  -462.5000 716.2098 21.4244
v  -470.5000 746.2098 21.4244
v  -470.5000 716.2098 21.4244
v  -473.4282 746.2098 18.4962
v  -473.4282 716.2098 18.4962
v  474.0000 716.2098 17.2801
v  472.2957 716.2098 20.0108
v  472.2957 746.2098 20.0108
v  474.0000 746.2098 17.2801
v  469.6531 716.2098 21.8487
v  469.6531 746.2098 21.8487
v  474.0000 746.2098 339.4962
v  474.0000 716.2098 339.4962
v  463.3469 716.2098 21.8487
v  463.3469 746.2098 21.8487
v  460.7043 716.2098 20.0108
v  460.7043 746.2098 20.0108
v  459.0000 716.2098 17.2801
v  459.0000 746.2098 17.2801
v  459.0000 746.2098 339.4962
v  459.0000 716.2098 339.4962
v  588.2161 716.2098 354.4962
v  585.4855 716.2098 352.7919
v  585.4855 746.2098 352.7919
v  588.2161 746.2098 354.4962
v  583.6476 716.2098 350.1493
v  583.6476 746.2098 350.1493
v  583.0000 716.2098 346.9962
v  583.0000 746.2098 346.9962
v  588.2161 716.2098 339.4962
v  -588.2161 716.2098 339.4962
v  -588.2161 746.2098 339.4962
v  588.2161 746.2098 339.4962
v  -588.2161 716.2098 354.4962
v  -585.0344 716.2098 352.3265
v  -583.2352 716.2098 348.9217
v  -583.2352 716.2098 345.0707
v  -585.0344 716.2098 341.6659
v  583.6476 716.2098 343.8431
v  585.4855 716.2098 341.2005
v  583.6476 746.2098 343.8431
v  585.4855 746.2098 341.2005
v  -585.0344 746.2098 352.3265
v  -588.2161 746.2098 354.4962
v  -583.2352 746.2098 348.9217
v  -583.2352 746.2098 345.0707
v  -585.0344 746.2098 341.6659
v  591.0000 716.2098 354.9962
v  591.0000 746.2098 354.9962
v  587.0000 746.2098 353.9244
v  587.0000 716.2098 353.9244
v  584.0718 746.2098 350.9962
v  584.0718 716.2098 350.9962
v  584.0718 746.2098 342.9962
v  584.0718 716.2098 342.9962
v  587.0000 746.2098 340.0681
v  587.0000 716.2098 340.0681
v  591.0000 746.2098 338.9962
v  591.0000 716.2098 338.9962
v  595.0000 746.2098 340.0681
v  595.0000 716.2098 340.0681
v  597.9282 746.2098 342.9962
v  597.9282 716.2098 342.9962
v  599.0000 746.2098 346.9962
v  599.0000 716.2098 346.9962
v  597.9282 746.2098 350.9962
v  597.9282 716.2098 350.9962
v  595.0000 746.2098 353.9244
v  595.0000 716.2098 353.9244
v  -590.9999 746.2098 354.9962
v  -590.9999 716.2098 354.9962
v  -586.9999 716.2098 353.9244
v  -586.9999 746.2098 353.9244
v  -584.0718 716.2098 350.9962
v  -584.0718 746.2098 350.9962
v  -582.9999 716.2098 346.9962
v  -582.9999 746.2098 346.9962
v  -584.0718 716.2098 342.9962
v  -584.0718 746.2098 342.9962
v  -586.9999 716.2098 340.0681
v  -586.9999 746.2098 340.0681
v  -590.9999 716.2098 338.9962
v  -590.9999 746.2098 338.9962
v  -594.9999 716.2098 340.0681
v  -594.9999 746.2098 340.0681
v  -597.9282 716.2098 342.9962
v  -597.9282 746.2098 342.9962
v  -598.9999 716.2098 346.9962
v  -598.9999 746.2098 346.9962
v  -597.9282 716.2098 350.9962
v  -597.9282 746.2098 350.9962
v  -594.9999 716.2098 353.9244
v  -594.9999 746.2098 353.9244
v  598.6337 1706.2064 344.6029
v  598.6337 1601.2064 344.6029
v  596.4142 1601.2064 341.1068
v  596.4142 1706.2064 341.1068
v  592.7441 1601.2064 339.1887
v  592.7441 1706.2064 339.1887
v  588.6067 1601.2064 339.3626
v  588.6067 1706.2064 339.3626
v  585.1105 1601.2064 341.5820
v  585.1105 1706.2064 341.5820
v  583.1925 1601.2064 345.2521
v  583.1925 1706.2064 345.2521
v  583.3664 1601.2064 349.3895
v  583.3664 1706.2064 349.3895
v  585.5858 1601.2064 352.8857
v  585.5858 1706.2064 352.8857
v  589.2559 1601.2064 354.8038
v  589.2559 1706.2064 354.8038
v  593.3933 1601.2064 354.6298
v  593.3933 1706.2064 354.6298
v  596.8895 1601.2064 352.4105
v  596.8895 1706.2064 352.4105
v  598.8076 1601.2064 348.7404
v  598.8076 1706.2064 348.7404
v  592.0096 1711.1503 339.2348
v  591.5678 1711.7474 342.6312
v  594.0732 1711.7473 343.8449
v  595.7551 1711.1503 340.7795
v  595.1187 1711.7473 345.4431
v  598.2264 1711.1503 343.9899
v  595.3650 1711.7473 347.5640
v  598.7614 1711.1503 348.0059
v  594.5843 1711.7473 349.5514
v  597.2167 1711.1503 351.7513
v  591.0001 1711.9462 346.9962
v  588.8353 1711.7473 343.1635
v  589.9904 1711.1503 354.7576
v  594.0063 1711.1503 354.2226
v  593.1647 1711.7473 350.8289
v  590.4323 1711.7474 351.3612
v  597.2614 1706.4301 351.7854
v  597.0394 1706.3108 351.3015
v  598.3549 1706.3108 347.9530
v  598.8171 1706.4299 348.0131
v  597.8424 1706.2064 347.8863
v  597.9398 1706.3108 344.3793
v  597.3707 1706.2064 344.3459
v  594.6475 1706.3108 353.4542
v  596.4806 1706.2064 351.1882
v  597.3505 1706.4775 351.8536
v  594.0280 1706.4301 354.2745
v  590.0433 1706.3109 354.3511
v  589.9831 1706.4299 354.8133
v  590.1099 1706.2063 353.8386
v  593.6503 1706.2064 353.3669
v  595.1920 1706.2064 341.5156
v  596.1783 1706.3108 341.6864
v  591.9567 1706.3109 339.6414
v  591.8901 1706.2063 340.1539
v  592.0169 1706.4299 339.1791
v  595.7892 1706.4301 340.7349
v  595.8574 1706.4775 340.6457
v  598.2783 1706.4301 343.9684
v  582.8725 1710.6742 345.9390
v  583.4327 1710.6743 350.1444
v  583.4946 1710.9177 350.1186
v  582.9206 1710.8826 345.9453
v  583.0505 1711.0515 345.9621
v  583.6636 1711.1007 350.0483
v  583.2386 1711.1503 345.9866
v  583.7736 1711.1503 350.0025
v  586.1725 1711.1007 353.3076
v  586.2450 1711.1503 353.2130
v  589.9750 1711.1007 354.8758
v  594.0521 1711.1007 354.3327
v  597.3115 1711.1007 351.8237
v  598.9495 1711.0515 348.0304
v  597.4568 1710.9177 351.9349
v  599.0795 1710.8826 348.0472
v  597.5099 1710.6743 351.9756
v  599.1275 1710.6742 348.0535
v  586.0206 1710.6743 353.5062
v  586.0613 1710.9177 353.4530
v  589.9427 1710.6743 355.1237
v  589.9514 1710.9177 355.0573
v  594.1481 1710.6743 354.5634
v  594.1224 1710.9177 354.5016
v  594.0710 1706.4775 354.3781
v  589.9686 1706.4775 354.9246
v  586.1426 1706.4775 353.3467
v  586.2108 1706.4301 353.2576
v  583.6182 1706.4775 350.0672
v  583.7218 1706.4301 350.0241
v  583.1829 1706.4299 345.9793
v  582.9948 1706.5327 345.9549
v  583.4492 1706.6605 350.1375
v  582.8672 1706.7058 345.9383
v  583.3873 1706.9154 350.1632
v  582.8237 1706.9172 345.9326
v  599.1763 1706.9172 348.0598
v  597.5491 1706.9154 352.0055
v  597.4958 1706.6605 351.9648
v  599.1328 1706.7058 348.0542
v  599.0052 1706.5327 348.0376
v  594.1413 1706.6605 354.5471
v  589.9450 1706.6605 355.1061
v  586.0314 1706.6605 353.4921
v  594.1670 1706.9154 354.6089
v  589.9364 1706.9154 355.1725
v  585.9908 1706.9154 353.5453
v  586.8080 1706.2064 352.4769
v  585.8217 1706.3108 352.3061
v  584.0602 1706.3108 349.6131
v  584.6293 1706.2064 349.6466
v  583.6451 1706.3108 346.0395
v  584.1577 1706.2064 346.1061
v  584.9606 1706.3108 342.6909
v  584.7386 1706.4301 342.2070
v  587.3525 1706.3108 340.5383
v  585.5194 1706.2064 342.8042
v  584.6495 1706.4775 342.1388
v  587.9721 1706.4301 339.7180
v  588.3497 1706.2064 340.6255
v  587.9268 1711.7473 350.1475
v  586.8813 1711.7473 348.5493
v  586.6350 1711.7473 346.4284
v  587.4157 1711.7473 344.4411
v  584.7833 1711.1503 342.2411
v  587.9937 1711.1503 339.7698
v  584.4901 1710.6743 342.0168
v  584.4509 1706.9154 341.9869
v  587.8519 1710.6743 339.4290
v  587.8330 1706.9154 339.3835
v  592.0573 1710.6743 338.8687
v  592.0636 1706.9154 338.8199
v  595.9794 1710.6743 340.4863
v  596.0092 1706.9155 340.4472
v  598.5673 1710.6743 343.8481
v  598.6127 1706.9155 343.8292
v  598.5508 1706.6605 343.8549
v  598.3818 1706.4775 343.9252
v  592.0314 1706.4775 339.0678
v  587.9290 1706.4775 339.6143
v  584.5042 1706.6605 342.0276
v  587.8587 1706.6605 339.4454
v  592.0550 1706.6605 338.8864
v  595.9686 1706.6605 340.5003
v  598.3364 1711.1007 343.9441
v  598.5054 1710.9177 343.8738
v  595.9387 1710.9177 340.5394
v  592.0486 1710.9177 338.9351
v  587.8776 1710.9177 339.4908
v  584.5432 1710.9177 342.0575
v  584.6885 1711.1007 342.1687
v  587.9479 1711.1007 339.6598
v  592.0250 1711.1007 339.1166
v  595.8275 1711.1007 340.6848
v  464.2137 1711.1503 7.0108
v  465.2142 1711.7474 10.2864
v  467.9972 1711.7473 10.3569
v  468.2628 1711.1503 6.8705
v  469.6094 1711.7473 11.3806
v  471.8394 1711.1503 8.7735
v  470.7098 1711.7473 13.2104
v  473.9854 1711.1503 12.2099
v  470.8196 1711.7473 15.3428
v  474.1257 1711.1503 16.2590
v  466.5000 1711.9462 14.4962
v  462.9455 1711.7473 11.8999
v  468.7863 1711.1503 21.9817
v  472.2227 1711.1503 19.8357
v  470.0545 1711.7473 17.0926
v  467.7858 1711.7474 18.7060
v  474.1804 1706.4301 16.2716
v  473.7784 1706.3108 15.9226
v  473.5934 1706.3108 12.3297
v  474.0391 1706.4299 12.1935
v  473.0991 1706.2064 12.4807
v  471.7393 1706.3108 9.2465
v  471.2072 1706.2064 9.4512
v  472.4892 1706.3108 18.8710
v  473.2227 1706.2064 16.0502
v  474.2898 1706.4775 16.2969
v  472.2638 1706.4301 19.8740
v  468.6666 1706.3109 21.5896
v  468.8027 1706.4299 22.0354
v  468.5156 1706.2063 21.0953
v  471.5450 1706.2064 19.2034
v  468.0540 1706.2064 7.7735
v  469.0228 1706.3108 7.5216
v  464.3335 1706.3109 7.4029
v  464.4844 1706.2063 7.8972
v  464.1973 1706.4299 6.9571
v  468.2754 1706.4301 6.8158
v  468.3007 1706.4775 6.7065
v  471.8777 1706.4301 8.7325
v  458.6615 1710.6742 16.8904
v  460.9088 1710.6743 20.4888
v  460.9544 1710.9177 20.4399
v  458.7079 1710.8826 16.8762
v  458.8332 1711.0515 16.8379
v  461.0793 1711.1007 20.3061
v  459.0146 1711.1503 16.7825
v  461.1606 1711.1503 20.2189
v  464.7104 1711.1007 22.2381
v  464.7373 1711.1503 22.1220
v  468.8211 1711.1007 22.0957
v  472.3098 1711.1007 19.9170
v  474.2419 1711.1007 16.2858
v  474.1668 1711.0515 12.1545
v  474.4202 1710.9177 16.3270
v  474.2922 1710.8826 12.1163
v  474.4854 1710.6743 16.3421
v  474.3385 1710.6742 12.1021
v  464.6541 1710.6743 22.4816
v  464.6692 1710.9177 22.4164
v  468.8941 1710.6743 22.3347
v  468.8746 1710.9177 22.2707
v  472.4926 1710.6743 20.0875
v  472.4437 1710.9177 20.0418
v  472.3458 1706.4775 19.9505
v  468.8355 1706.4775 22.1427
v  464.6993 1706.4775 22.2860
v  464.7247 1706.4301 22.1767
v  461.0457 1706.4775 20.3421
v  461.1223 1706.4301 20.2600
v  458.9609 1706.4299 16.7989
v  458.7795 1706.5327 16.8543
v  460.9208 1706.6605 20.4759
v  458.6563 1706.7058 16.8919
v  460.8752 1706.9154 20.5248
v  458.6145 1706.9172 16.9047
v  474.3856 1706.9172 12.0877
v  474.5333 1706.9154 16.3532
v  474.4681 1706.6605 16.3381
v  474.3437 1706.7058 12.1005
v  474.2206 1706.5327 12.1381
v  472.4796 1706.6605 20.0754
v  468.8889 1706.6605 22.3177
v  464.6581 1706.6605 22.4643
v  472.5286 1706.9154 20.1211
v  468.9085 1706.9154 22.3818
v  464.6431 1706.9155 22.5296
v  464.9460 1706.2064 21.2190
v  463.9772 1706.3108 21.4708
v  461.2607 1706.3108 19.7459
v  461.7928 1706.2064 19.5413
v  459.4066 1706.3108 16.6628
v  459.9010 1706.2064 16.5118
v  459.2216 1706.3108 13.0698
v  458.8196 1706.4301 12.7209
v  460.5108 1706.3108 10.1215
v  459.7773 1706.2064 12.9422
v  458.7102 1706.4775 12.6956
v  460.7363 1706.4301 9.1185
v  461.4550 1706.2064 9.7891
v  465.0028 1711.7473 18.6356
v  463.3906 1711.7473 17.6118
v  462.2902 1711.7473 15.7820
v  462.1804 1711.7473 13.6497
v  458.8743 1711.1503 12.7335
v  460.7773 1711.1503 9.1568
v  458.5146 1710.6743 12.6504
v  458.4667 1706.9154 12.6393
v  460.5074 1710.6743 8.9050
v  460.4714 1706.9155 8.8714
v  464.1059 1710.6743 6.6577
v  464.0915 1706.9155 6.6107
v  468.3459 1710.6743 6.5108
v  468.3569 1706.9154 6.4629
v  472.0913 1710.6743 8.5036
v  472.1248 1706.9155 8.4677
v  472.0792 1706.6605 8.5166
v  471.9543 1706.4775 8.6504
v  464.1645 1706.4775 6.8498
v  460.6542 1706.4775 9.0419
v  458.5319 1706.6605 12.6544
v  460.5204 1706.6605 8.9171
v  464.1111 1706.6605 6.6747
v  468.3419 1706.6605 6.5281
v  471.9207 1711.1007 8.6864
v  472.0456 1710.9177 8.5526
v  468.3308 1710.9177 6.5761
v  464.1254 1710.9177 6.7218
v  460.5563 1710.9177 8.9506
v  458.5798 1710.9177 12.6654
v  458.7581 1711.1007 12.7066
v  460.6902 1711.1007 9.0755
v  464.1789 1711.1007 6.8968
v  468.2896 1711.1007 6.7544
v  -460.1029 1711.1503 9.9867
v  -462.9023 1711.7474 11.9601
v  -462.1001 1711.7473 14.6260
v  -458.7052 1711.1503 13.7895
v  -462.5692 1711.7473 16.4772
v  -459.3961 1711.1503 17.7816
v  -463.9639 1711.7473 18.0940
v  -461.9905 1711.1503 20.8934
v  -465.9553 1711.7473 18.8642
v  -465.7933 1711.1503 22.2911
v  -466.5000 1711.9462 14.4962
v  -465.1435 1711.7473 10.3087
v  -472.8971 1711.1503 19.0057
v  -469.7853 1711.1503 21.6001
v  -467.8565 1711.7473 18.6838
v  -470.0977 1711.7474 17.0324
v  -465.7882 1706.4301 22.3470
v  -465.5822 1706.3108 21.8561
v  -462.2267 1706.3108 20.5583
v  -461.9582 1706.4299 20.9393
v  -462.5245 1706.2064 20.1359
v  -459.8767 1706.3108 17.8342
v  -460.2373 1706.2064 17.3925
v  -468.7857 1706.3108 21.5521
v  -465.8769 1706.2064 21.3680
v  -465.7780 1706.4775 22.4588
v  -469.8089 1706.4301 21.6511
v  -472.5621 1706.3109 18.7695
v  -472.9430 1706.4299 19.0381
v  -472.1396 1706.2063 18.4717
v  -469.3963 1706.2064 20.7589
v  -459.6282 1706.2064 13.8732
v  -459.0864 1706.3108 14.7148
v  -460.4380 1706.3109 10.2229
v  -460.8604 1706.2063 10.5207
v  -460.0570 1706.4299 9.9544
v  -458.6493 1706.4301 13.7844
v  -458.5375 1706.4775 13.7743
v  -459.3452 1706.4301 17.8051
v  -471.2222 1710.6742 7.7974
v  -473.9390 1710.6743 11.0559
v  -473.8782 1710.9177 11.0840
v  -471.1943 1710.8826 7.8370
v  -471.1188 1711.0515 7.9441
v  -473.7121 1711.1007 11.1609
v  -473.6039 1711.1503 11.2109
v  -471.0095 1711.1503 8.0991
v  -474.4135 1711.1007 15.2138
v  -474.2949 1711.1503 15.2030
v  -472.9946 1711.1007 19.0744
v  -469.8354 1711.1007 21.7083
v  -465.7825 1711.1007 22.4098
v  -461.8812 1711.0515 21.0484
v  -465.7659 1710.9177 22.5920
v  -461.8058 1710.8826 21.1555
v  -465.7599 1710.6743 22.6587
v  -461.7778 1710.6742 21.1951
v  -474.6625 1710.6743 15.2363
v  -474.5958 1710.9177 15.2303
v  -473.1989 1710.6743 19.2184
v  -473.1441 1710.9177 19.1799
v  -469.9403 1710.6743 21.9352
v  -469.9122 1710.9177 21.8744
v  -469.8560 1706.4775 21.7530
v  -473.0348 1706.4775 19.1027
v  -474.4625 1706.4775 15.2182
v  -474.3508 1706.4301 15.2081
v  -473.7567 1706.4775 11.1402
v  -473.6549 1706.4301 11.1873
v  -471.0418 1706.4299 8.0532
v  -471.1511 1706.5327 7.8982
v  -473.9229 1706.6605 11.0634
v  -471.2253 1706.7058 7.7930
v  -473.9836 1706.9154 11.0353
v  -471.2505 1706.9172 7.7572
v  -461.7495 1706.9172 21.2353
v  -465.7555 1706.9154 22.7077
v  -465.7615 1706.6605 22.6410
v  -461.7747 1706.7058 21.1995
v  -461.8489 1706.5327 21.0943
v  -469.9328 1706.6605 21.9191
v  -473.1844 1706.6605 19.2082
v  -474.6448 1706.6605 15.2347
v  -469.9609 1706.9154 21.9798
v  -473.2391 1706.9154 19.2468
v  -474.7115 1706.9154 15.2408
v  -473.3718 1706.2064 15.1193
v  -473.9136 1706.3108 14.2776
v  -473.1233 1706.3108 11.1583
v  -472.7627 1706.2064 11.5999
v  -470.7733 1706.3108 8.4342
v  -470.4755 1706.2064 8.8566
v  -467.4178 1706.3108 7.1364
v  -467.2119 1706.4301 6.6455
v  -464.2143 1706.3108 7.4404
v  -467.1231 1706.2064 7.6244
v  -467.2220 1706.4775 6.5337
v  -463.1911 1706.4301 7.3414
v  -463.6037 1706.2064 8.2335
v  -470.8999 1711.7473 14.3665
v  -470.4308 1711.7473 12.5152
v  -469.0361 1711.7473 10.8985
v  -467.0447 1711.7473 10.1283
v  -467.2068 1711.1503 6.7014
v  -463.2147 1711.1503 7.3923
v  -467.2401 1710.6743 6.3338
v  -467.2445 1706.9154 6.2848
v  -463.0598 1710.6743 7.0573
v  -463.0391 1706.9154 7.0126
v  -459.8011 1710.6743 9.7740
v  -459.7609 1706.9155 9.7457
v  -458.3375 1710.6743 13.7561
v  -458.2885 1706.9155 13.7517
v  -459.0610 1710.6743 17.9365
v  -459.0164 1706.9155 17.9572
v  -459.0771 1706.6605 17.9291
v  -459.2433 1706.4775 17.8522
v  -459.9652 1706.4775 9.8897
v  -463.1440 1706.4775 7.2395
v  -467.2385 1706.6605 6.3514
v  -463.0672 1706.6605 7.0734
v  -459.8156 1706.6605 9.7843
v  -458.3552 1706.6605 13.7577
v  -459.2879 1711.1007 17.8316
v  -459.1218 1710.9177 17.9084
v  -458.4042 1710.9177 13.7622
v  -459.8559 1710.9177 9.8126
v  -463.0878 1710.9177 7.1180
v  -467.2341 1710.9177 6.4004
v  -467.2175 1711.1007 6.5827
v  -463.1646 1711.1007 7.2841
v  -460.0054 1711.1007 9.9181
v  -458.5865 1711.1007 13.7787
v  597.9282 0.0000 350.9962
v  599.0000 0.0000 346.9962
v  597.9282 0.0000 342.9962
v  595.0000 0.0000 340.0681
v  591.0000 0.0000 338.9962
v  587.0000 0.0000 340.0681
v  584.0718 0.0000 342.9962
v  583.0000 0.0000 346.9962
v  584.0718 0.0000 350.9962
v  587.0000 0.0000 353.9244
v  591.0000 0.0000 354.9962
v  595.0000 0.0000 353.9244
v  -591.0000 116.2098 338.9962
v  -591.0000 146.2098 338.9962
v  -587.0000 146.2098 340.0681
v  -587.0000 116.2098 340.0681
v  -584.0718 146.2098 342.9962
v  -584.0718 116.2098 342.9962
v  -583.0000 146.2098 346.9962
v  -583.0000 116.2098 346.9962
v  -584.0718 146.2098 350.9962
v  -584.0718 116.2098 350.9962
v  -587.0000 146.2098 353.9244
v  -587.0000 116.2098 353.9244
v  -591.0000 146.2098 354.9962
v  -591.0000 116.2098 354.9962
v  -595.0000 116.2098 340.0681
v  -595.0000 146.2098 340.0681
v  -597.9282 116.2098 342.9962
v  -597.9282 146.2098 342.9962
v  -599.0000 116.2098 346.9962
v  -599.0000 146.2098 346.9962
v  -597.9282 116.2098 350.9962
v  -597.9282 146.2098 350.9962
v  -595.0000 116.2098 353.9244
v  -595.0000 146.2098 353.9244
v  -598.8230 8.7098 346.1749
v  -598.9563 9.2098 346.1609
v  -597.4727 9.2098 342.2947
v  -597.3643 8.7098 342.3734
v  -594.2548 9.2098 339.6882
v  -594.2002 8.7098 339.8106
v  -590.1647 9.2098 339.0400
v  -590.1786 8.7098 339.1732
v  -586.2985 9.2098 340.5235
v  -586.3772 8.7098 340.6319
v  -583.6920 9.2098 343.7415
v  -583.8144 8.7098 343.7960
v  -583.0437 9.2098 347.8315
v  -583.1770 8.7098 347.8176
v  -583.5410 8.3438 347.7794
v  -584.1487 8.3438 343.9449
v  -586.5923 8.3438 340.9281
v  -590.2169 8.3438 339.5372
v  -594.0513 8.3438 340.1450
v  -597.0681 8.3438 342.5885
v  -598.4590 8.3438 346.2131
v  -596.6636 8.2098 342.8824
v  -597.9617 8.2098 346.2653
v  -584.0383 8.2098 347.7271
v  -584.6056 8.2098 344.1483
v  -586.8862 8.2098 341.3326
v  -590.2692 8.2098 340.0345
v  -593.8479 8.2098 340.6017
v  -598.9563 11.2098 346.1609
v  -598.3080 9.2098 350.2509
v  -598.3080 11.2098 350.2509
v  -595.7015 9.2098 353.4689
v  -595.7015 11.2098 353.4689
v  -591.8353 9.2098 354.9525
v  -591.8353 11.2098 354.9525
v  -587.7453 9.2098 354.3042
v  -587.7453 11.2098 354.3042
v  -584.5273 9.2098 351.6978
v  -584.5273 11.2098 351.6978
v  -583.0437 11.2098 347.8315
v  -597.4727 11.2098 342.2947
v  -583.6920 11.2098 343.7415
v  -594.2548 11.2098 339.6882
v  -586.2985 11.2098 340.5235
v  -590.1647 11.2098 339.0400
v  -598.1856 8.7098 350.1964
v  -595.6228 8.7098 353.3605
v  -591.8214 8.7098 354.8192
v  -587.7998 8.7098 354.1818
v  -584.6357 8.7098 351.6190
v  -584.9319 8.3438 351.4039
v  -585.3364 8.2098 351.1101
v  -597.8513 8.3438 350.0475
v  -595.4077 8.3438 353.0643
v  -591.7831 8.3438 354.4552
v  -587.9487 8.3438 353.8475
v  -597.3945 8.2098 349.8441
v  -595.1139 8.2098 352.6598
v  -591.7309 8.2098 353.9579
v  -588.1521 8.2098 353.3907
v  -605.1128 0.9849 345.5145
v  -605.3879 1.9738 345.4857
v  -602.7050 1.9738 338.4941
v  -602.4883 1.0000 338.6515
v  -596.8857 1.9738 333.7807
v  -596.7768 1.0000 334.0253
v  -589.4894 1.9738 332.6084
v  -589.5174 1.0000 332.8747
v  -582.4979 1.9738 335.2913
v  -582.6553 1.0000 335.5079
v  -577.7845 1.9738 341.1105
v  -578.0291 1.0000 341.2194
v  -576.6121 1.9738 348.5068
v  -576.8872 0.9849 348.4779
v  -577.6140 0.2636 348.4016
v  -578.6978 0.2679 341.5172
v  -583.0854 0.2679 336.1002
v  -589.5938 0.2679 333.6027
v  -596.4789 0.2679 334.6940
v  -601.8960 0.2679 339.0817
v  -604.3860 0.2636 345.5909
v  -601.0869 0.0000 339.6694
v  -603.3989 0.0000 345.6945
v  -578.6011 0.0000 348.2980
v  -579.6113 0.0000 341.9241
v  -583.6732 0.0000 336.9093
v  -589.6982 0.0000 334.5973
v  -596.0721 0.0000 335.6075
v  -605.1666 4.6497 345.5089
v  -602.5250 4.6497 338.6249
v  -605.2997 4.5380 345.4949
v  -602.6745 4.4656 338.5162
v  -605.3868 4.3873 345.4858
v  -602.7286 4.2130 338.4769
v  -605.4170 4.2126 345.4826
v  -596.7953 4.6497 333.9839
v  -596.8704 4.4656 333.8151
v  -589.5127 4.6497 332.8297
v  -589.4933 4.4656 332.6458
v  -582.6287 4.6497 335.4713
v  -582.5200 4.4656 335.3217
v  -577.9877 4.6497 341.2010
v  -577.8189 4.4656 341.1258
v  -576.7003 4.5380 348.4975
v  -576.8334 4.6497 348.4836
v  -576.6132 4.3873 348.5067
v  -576.5830 4.2126 348.5098
v  -577.7578 4.2130 341.0986
v  -582.4807 4.2130 335.2675
v  -589.4864 4.2130 332.5792
v  -596.8976 4.2130 333.7539
v  -604.2155 1.9738 352.8820
v  -604.2423 4.2117 352.8939
v  -599.5021 1.9738 358.7012
v  -599.5193 4.2117 358.7249
v  -592.5106 1.9738 361.3841
v  -592.5136 4.2117 361.4132
v  -585.1143 1.9738 360.2118
v  -585.1024 4.2117 360.2385
v  -579.2950 1.9738 355.4984
v  -579.2714 4.2117 355.5156
v  -604.0123 4.6497 352.7914
v  -604.1811 4.4656 352.8666
v  -599.4800 4.4656 358.6707
v  -599.3713 4.6497 358.5212
v  -592.5067 4.4656 361.3466
v  -592.4873 4.6497 361.1628
v  -585.1296 4.4656 360.1773
v  -585.2048 4.6497 360.0085
v  -579.3255 4.4656 355.4762
v  -579.4750 4.6497 355.3676
v  -580.9131 0.0000 354.3231
v  -598.3268 0.0000 357.0832
v  -602.3887 0.0000 352.0683
v  -585.9279 0.0000 358.3849
v  -592.3018 0.0000 359.3952
v  -603.9709 1.0000 352.7730
v  -603.3022 0.2679 352.4752
v  -598.9146 0.2679 357.8922
v  -592.4062 0.2679 360.3897
v  -585.5211 0.2679 359.2984
v  -580.1040 0.2679 354.9107
v  -579.5117 1.0000 355.3410
v  -585.2232 1.0000 359.9671
v  -592.4826 1.0000 361.1178
v  -599.3447 1.0000 358.4845
v  -602.5272 5.9414 345.7860
v  -600.5272 6.4705 343.0978
v  -601.1291 6.4705 348.8309
v  -599.3288 7.1730 346.1218
v  -595.9727 8.2098 346.4742
v  -595.0454 8.2098 344.0577
v  -598.5452 6.4705 339.9937
v  -593.0342 8.2098 342.4287
v  -594.8693 6.4705 337.4572
v  -590.4779 8.2098 342.0236
v  -589.9252 6.4705 336.7586
v  -588.0615 8.2098 342.9508
v  -585.2339 6.4705 338.4688
v  -582.1650 6.4705 341.7135
v  -580.8709 6.4705 345.1615
v  -579.4728 5.9414 348.2065
v  -586.0273 8.2098 347.5183
v  -582.6713 7.1730 347.8707
v  -586.4325 8.2098 344.9620
v  -586.9546 8.2098 349.9347
v  -581.4728 6.4705 350.8946
v  -583.4548 6.4705 353.9987
v  -588.9658 8.2098 351.5637
v  -587.1307 6.4705 356.5352
v  -591.5221 8.2098 351.9689
v  -592.0748 6.4705 357.2339
v  -593.9385 8.2098 351.0416
v  -596.7661 6.4705 355.5236
v  -599.8350 6.4705 352.2789
v  -595.5675 8.2098 349.0305
v  -592.7441 1706.2064 339.1887
v  -592.7441 1601.2064 339.1887
v  -596.4142 1601.2064 341.1068
v  -596.4142 1706.2064 341.1068
v  -598.6337 1601.2064 344.6029
v  -598.6337 1706.2064 344.6029
v  -598.8076 1601.2064 348.7404
v  -598.8076 1706.2064 348.7404
v  -596.8895 1601.2064 352.4105
v  -596.8895 1706.2064 352.4105
v  -593.3933 1601.2064 354.6298
v  -593.3933 1706.2064 354.6298
v  -589.2559 1601.2064 354.8038
v  -589.2559 1706.2064 354.8038
v  -585.5858 1601.2064 352.8857
v  -585.5858 1706.2064 352.8857
v  -583.3664 1601.2064 349.3895
v  -583.3664 1706.2064 349.3895
v  -583.1925 1601.2064 345.2521
v  -583.1925 1706.2064 345.2521
v  -585.1105 1601.2064 341.5820
v  -585.1105 1706.2064 341.5820
v  -588.6067 1601.2064 339.3626
v  -588.6067 1706.2064 339.3626
v  -592.0096 1711.1503 339.2348
v  -595.7551 1711.1503 340.7795
v  -594.0732 1711.7473 343.8449
v  -591.5678 1711.7474 342.6312
v  -595.1187 1711.7473 345.4431
v  -591.0001 1711.9462 346.9962
v  -598.2264 1711.1503 343.9899
v  -598.7614 1711.1503 348.0059
v  -595.3650 1711.7473 347.5640
v  -594.5843 1711.7473 349.5514
v  -597.2167 1711.1503 351.7513
v  -594.0063 1711.1503 354.2226
v  -593.1647 1711.7473 350.8289
v  -589.9904 1711.1503 354.7576
v  -590.4323 1711.7474 351.3612
v  -587.9268 1711.7473 350.1475
v  -589.9831 1706.4299 354.8133
v  -594.0280 1706.4301 354.2745
v  -590.0433 1706.3109 354.3511
v  -594.6475 1706.3108 353.4542
v  -593.6503 1706.2064 353.3669
v  -597.0394 1706.3108 351.3015
v  -596.4806 1706.2064 351.1882
v  -598.3549 1706.3108 347.9530
v  -597.8424 1706.2064 347.8863
v  -598.8171 1706.4299 348.0131
v  -597.9398 1706.3108 344.3793
v  -598.2783 1706.4301 343.9684
v  -594.0710 1706.4775 354.3781
v  -597.2614 1706.4301 351.7854
v  -596.1783 1706.3108 341.6864
v  -597.3707 1706.2064 344.3459
v  -598.3818 1706.4775 343.9252
v  -595.7892 1706.4301 340.7349
v  -591.9567 1706.3109 339.6414
v  -592.0169 1706.4299 339.1791
v  -591.8901 1706.2063 340.1539
v  -595.1920 1706.2064 341.5156
v  -590.1099 1706.2063 353.8386
v  -599.1275 1710.6742 348.0535
v  -597.5099 1710.6743 351.9756
v  -597.4568 1710.9177 351.9349
v  -599.0795 1710.8826 348.0472
v  -598.9495 1711.0515 348.0304
v  -597.3115 1711.1007 351.8237
v  -594.0521 1711.1007 354.3327
v  -589.9750 1711.1007 354.8758
v  -586.1725 1711.1007 353.3076
v  -586.2450 1711.1503 353.2130
v  -583.6636 1711.1007 350.0483
v  -583.7736 1711.1503 350.0025
v  -583.2386 1711.1503 345.9866
v  -583.0505 1711.0515 345.9621
v  -583.4946 1710.9177 350.1186
v  -582.9206 1710.8826 345.9453
v  -583.4327 1710.6743 350.1444
v  -582.8725 1710.6742 345.9390
v  -594.1481 1710.6743 354.5634
v  -594.1224 1710.9177 354.5016
v  -589.9427 1710.6743 355.1237
v  -589.9514 1710.9177 355.0573
v  -586.0206 1710.6743 353.5062
v  -586.0613 1710.9177 353.4530
v  -599.0052 1706.5327 348.0376
v  -597.3505 1706.4775 351.8536
v  -589.9686 1706.4775 354.9246
v  -586.2108 1706.4301 353.2576
v  -586.1426 1706.4775 353.3467
v  -583.7218 1706.4301 350.0241
v  -583.6182 1706.4775 350.0672
v  -583.1829 1706.4299 345.9793
v  -582.9948 1706.5327 345.9549
v  -583.4492 1706.6605 350.1375
v  -586.0314 1706.6605 353.4921
v  -589.9450 1706.6605 355.1061
v  -594.1413 1706.6605 354.5471
v  -597.4958 1706.6605 351.9648
v  -599.1328 1706.7058 348.0542
v  -597.5491 1706.9154 352.0055
v  -599.1763 1706.9172 348.0598
v  -582.8237 1706.9172 345.9326
v  -583.3873 1706.9155 350.1632
v  -582.8672 1706.7058 345.9383
v  -594.1670 1706.9154 354.6089
v  -589.9364 1706.9154 355.1725
v  -585.9908 1706.9155 353.5453
v  -585.8217 1706.3108 352.3061
v  -584.6293 1706.2064 349.6466
v  -584.0602 1706.3108 349.6131
v  -583.6451 1706.3108 346.0395
v  -584.1577 1706.2064 346.1061
v  -584.9606 1706.3108 342.6909
v  -585.5194 1706.2064 342.8042
v  -586.8080 1706.2064 352.4769
v  -588.3497 1706.2064 340.6255
v  -587.3525 1706.3108 340.5383
v  -587.9721 1706.4301 339.7180
v  -587.9290 1706.4775 339.6143
v  -584.7386 1706.4301 342.2070
v  -586.8813 1711.7473 348.5493
v  -586.6350 1711.7473 346.4284
v  -584.7833 1711.1503 342.2411
v  -587.4157 1711.7473 344.4411
v  -587.9937 1711.1503 339.7698
v  -588.8353 1711.7473 343.1635
v  -584.4509 1706.9154 341.9870
v  -584.4901 1710.6743 342.0168
v  -587.8330 1706.9155 339.3836
v  -587.8519 1710.6743 339.4290
v  -592.0636 1706.9154 338.8199
v  -592.0573 1710.6743 338.8687
v  -596.0093 1706.9154 340.4471
v  -595.9794 1710.6743 340.4863
v  -598.6127 1706.9154 343.8292
v  -598.5673 1710.6743 343.8481
v  -598.5508 1706.6605 343.8549
v  -584.5042 1706.6605 342.0276
v  -587.8587 1706.6605 339.4454
v  -592.0550 1706.6605 338.8864
v  -595.9686 1706.6605 340.5003
v  -584.6495 1706.4775 342.1388
v  -592.0314 1706.4775 339.0678
v  -595.8574 1706.4775 340.6457
v  -598.5054 1710.9177 343.8738
v  -595.9387 1710.9177 340.5394
v  -592.0486 1710.9177 338.9351
v  -587.8776 1710.9177 339.4908
v  -584.5432 1710.9177 342.0575
v  -584.6885 1711.1007 342.1687
v  -587.9479 1711.1007 339.6598
v  -592.0250 1711.1007 339.1166
v  -595.8275 1711.1007 340.6848
v  -598.3364 1711.1007 343.9441
v  -599.0000 461.2098 346.9962
v  -599.0000 716.2098 346.9962
v  -595.0000 461.2098 353.9244
v  -595.0000 716.2098 353.9244
v  -591.0000 461.2098 354.9962
v  -591.0000 716.2098 354.9962
v  -587.0000 461.2098 353.9244
v  -587.0000 716.2098 353.9244
v  -583.0000 461.2098 346.9962
v  -583.0000 716.2098 346.9962
v  -587.0000 461.2098 340.0681
v  -587.0000 716.2098 340.0681
v  -591.0000 461.2098 338.9962
v  -591.0000 716.2098 338.9962
v  -595.0000 461.2098 340.0681
v  -595.0000 716.2098 340.0681
v  -599.0000 431.2098 346.9962
v  -595.0000 431.2098 353.9244
v  -591.0000 431.2098 354.9962
v  -587.0000 431.2098 353.9244
v  -583.0000 431.2098 346.9962
v  -587.0000 431.2098 340.0681
v  -591.0000 431.2098 338.9962
v  -595.0000 431.2098 340.0681
v  -597.9282 0.0000 342.9962
v  -599.0000 0.0000 346.9962
v  -597.9282 0.0000 350.9962
v  -595.0000 0.0000 353.9244
v  -591.0000 0.0000 354.9962
v  -587.0000 0.0000 353.9244
v  -584.0718 0.0000 350.9962
v  -583.0000 0.0000 346.9962
v  -584.0718 0.0000 342.9962
v  -587.0000 0.0000 340.0681
v  -591.0000 0.0000 338.9962
v  -595.0000 0.0000 340.0681
v  -468.2441 1706.2064 6.6887
v  -468.2441 1601.2064 6.6887
v  -471.9142 1601.2064 8.6068
v  -471.9142 1706.2064 8.6068
v  -474.1336 1601.2064 12.1029
v  -474.1336 1706.2064 12.1029
v  -474.3076 1601.2064 16.2404
v  -474.3076 1706.2064 16.2404
v  -472.3895 1601.2064 19.9105
v  -472.3895 1706.2064 19.9105
v  -468.8933 1601.2064 22.1299
v  -468.8933 1706.2064 22.1299
v  -464.7559 1601.2064 22.3038
v  -464.7559 1706.2064 22.3038
v  -461.0858 1601.2064 20.3857
v  -461.0858 1706.2064 20.3857
v  -458.8664 1601.2064 16.8895
v  -458.8664 1706.2064 16.8895
v  -458.6925 1601.2064 12.7521
v  -458.6925 1706.2064 12.7521
v  -460.6105 1601.2064 9.0820
v  -460.6105 1706.2064 9.0820
v  -464.1067 1601.2064 6.8626
v  -464.1067 1706.2064 6.8626
v  -473.4282 0.0000 10.4962
v  -474.5000 0.0000 14.4962
v  -473.4282 0.0000 18.4962
v  -470.5000 0.0000 21.4244
v  -466.5000 0.0000 22.4962
v  -462.5000 0.0000 21.4244
v  -459.5718 0.0000 18.4962
v  -458.5000 0.0000 14.4962
v  -459.5718 0.0000 10.4962
v  -462.5000 0.0000 7.5680
v  -466.5000 0.0000 6.4962
v  -470.5000 0.0000 7.5680
v  464.7559 1706.2064 6.6887
v  464.7559 1601.2064 6.6887
v  461.0858 1601.2064 8.6068
v  461.0858 1706.2064 8.6068
v  458.8664 1601.2064 12.1029
v  458.8664 1706.2064 12.1029
v  458.6925 1601.2064 16.2404
v  458.6925 1706.2064 16.2404
v  460.6105 1601.2064 19.9105
v  460.6105 1706.2064 19.9105
v  464.1067 1601.2064 22.1299
v  464.1067 1706.2064 22.1299
v  468.2441 1601.2064 22.3038
v  468.2441 1706.2064 22.3038
v  471.9142 1601.2064 20.3857
v  471.9142 1706.2064 20.3857
v  474.1336 1601.2064 16.8895
v  474.1336 1706.2064 16.8895
v  474.3076 1601.2064 12.7521
v  474.3076 1706.2064 12.7521
v  472.3895 1601.2064 9.0820
v  472.3895 1706.2064 9.0820
v  468.8933 1601.2064 6.8626
v  468.8933 1706.2064 6.8626
v  459.5718 0.0000 10.4962
v  458.5000 0.0000 14.4962
v  459.5718 0.0000 18.4962
v  462.5000 0.0000 21.4244
v  466.5000 0.0000 22.4962
v  470.5000 0.0000 21.4244
v  473.4282 0.0000 18.4962
v  474.5000 0.0000 14.4962
v  473.4282 0.0000 10.4962
v  470.5000 0.0000 7.5680
v  466.5000 0.0000 6.4962
v  462.5000 0.0000 7.5680
v  597.9282 1001.2098 350.9962
v  599.0000 1001.2098 346.9962
v  597.9282 1001.2098 342.9962
v  595.0000 1001.2098 340.0681
v  591.0000 1001.2098 338.9962
v  587.0000 1001.2098 340.0681
v  584.0718 1001.2098 342.9962
v  583.0000 1001.2098 346.9962
v  584.0718 1001.2098 350.9962
v  587.0000 1001.2098 353.9244
v  591.0000 1001.2098 354.9962
v  595.0000 1001.2098 353.9244
v  -597.9282 1001.2098 342.9962
v  -599.0000 746.2098 346.9962
v  -599.0000 1001.2098 346.9962
v  -597.9282 1001.2098 350.9962
v  -595.0000 746.2098 353.9244
v  -595.0000 1001.2098 353.9244
v  -591.0000 746.2098 354.9962
v  -591.0000 1001.2098 354.9962
v  -587.0000 746.2098 353.9244
v  -587.0000 1001.2098 353.9244
v  -584.0718 1001.2098 350.9962
v  -583.0000 746.2098 346.9962
v  -583.0000 1001.2098 346.9962
v  -584.0718 1001.2098 342.9962
v  -587.0000 746.2098 340.0681
v  -587.0000 1001.2098 340.0681
v  -591.0000 746.2098 338.9962
v  -591.0000 1001.2098 338.9962
v  -595.0000 746.2098 340.0681
v  -595.0000 1001.2098 340.0681
v  -473.4282 1001.2098 10.4962
v  -474.5000 1001.2098 14.4962
v  -473.4282 1001.2098 18.4962
v  -470.5000 1001.2098 21.4244
v  -466.5000 1001.2098 22.4962
v  -462.5000 1001.2098 21.4244
v  -459.5718 1001.2098 18.4962
v  -458.5000 1001.2098 14.4962
v  -459.5718 1001.2098 10.4962
v  -462.5000 1001.2098 7.5680
v  -466.5000 1001.2098 6.4962
v  -470.5000 1001.2098 7.5680
v  459.5718 1001.2098 10.4962
v  458.5000 1001.2098 14.4962
v  459.5718 1001.2098 18.4962
v  462.5000 1001.2098 21.4244
v  466.5000 1001.2098 22.4962
v  470.5000 1001.2098 21.4244
v  473.4282 1001.2098 18.4962
v  474.5000 1001.2098 14.4962
v  473.4282 1001.2098 10.4962
v  470.5000 1001.2098 7.5680
v  466.5000 1001.2098 6.4962
v  462.5000 1001.2098 7.5680
v  -459.0000 1571.2098 17.2801
v  -460.7043 1571.2098 20.0108
v  -460.7043 1601.2098 20.0108
v  -459.0000 1601.2098 17.2801
v  -463.3469 1571.2098 21.8487
v  -463.3469 1601.2098 21.8487
v  -466.5000 1571.2098 22.4962
v  -466.5000 1601.2098 22.4962
v  -459.0000 1601.2098 339.4962
v  -459.0000 1571.2098 339.4962
v  -469.6531 1571.2098 21.8487
v  -469.6531 1601.2098 21.8487
v  -472.2957 1571.2098 20.0108
v  -472.2957 1601.2098 20.0108
v  -474.0000 1571.2098 17.2801
v  -474.0000 1601.2098 17.2801
v  -474.0000 1601.2098 339.4962
v  -474.0000 1571.2098 339.4962
v  -474.5000 1571.2098 14.4962
v  -474.5000 1601.2098 14.4962
v  -473.4282 1601.2098 10.4962
v  -473.4282 1571.2098 10.4962
v  -470.5000 1601.2098 7.5680
v  -470.5000 1571.2098 7.5680
v  -466.5000 1601.2098 6.4962
v  -466.5000 1571.2098 6.4962
v  -462.5000 1601.2098 7.5680
v  -462.5000 1571.2098 7.5680
v  -459.5718 1601.2098 10.4962
v  -459.5718 1571.2098 10.4962
v  -458.5000 1601.2098 14.4962
v  -458.5000 1571.2098 14.4962
v  -459.5718 1601.2098 18.4962
v  -459.5718 1571.2098 18.4962
v  -462.5000 1601.2098 21.4244
v  -462.5000 1571.2098 21.4244
v  -470.5000 1601.2098 21.4244
v  -470.5000 1571.2098 21.4244
v  -473.4282 1601.2098 18.4962
v  -473.4282 1571.2098 18.4962
v  474.0000 1571.2098 17.2801
v  472.2957 1571.2098 20.0108
v  472.2957 1601.2098 20.0108
v  474.0000 1601.2098 17.2801
v  469.6531 1571.2098 21.8487
v  469.6531 1601.2098 21.8487
v  466.5000 1571.2098 22.4962
v  466.5000 1601.2098 22.4962
v  474.0000 1601.2098 339.4962
v  474.0000 1571.2098 339.4962
v  463.3469 1571.2098 21.8487
v  463.3469 1601.2098 21.8487
v  460.7043 1571.2098 20.0108
v  460.7043 1601.2098 20.0108
v  459.0000 1571.2098 17.2801
v  459.0000 1601.2098 17.2801
v  459.0000 1601.2098 339.4962
v  459.0000 1571.2098 339.4962
v  458.5000 1571.2098 14.4962
v  458.5000 1601.2098 14.4962
v  459.5718 1601.2098 10.4962
v  459.5718 1571.2098 10.4962
v  462.5000 1601.2098 7.5680
v  462.5000 1571.2098 7.5680
v  466.5000 1601.2098 6.4962
v  466.5000 1571.2098 6.4962
v  470.5000 1601.2098 7.5680
v  470.5000 1571.2098 7.5680
v  473.4282 1601.2098 10.4962
v  473.4282 1571.2098 10.4962
v  474.5000 1601.2098 14.4962
v  474.5000 1571.2098 14.4962
v  473.4282 1601.2098 18.4962
v  473.4282 1571.2098 18.4962
v  470.5000 1601.2098 21.4244
v  470.5000 1571.2098 21.4244
v  462.5000 1601.2098 21.4244
v  462.5000 1571.2098 21.4244
v  459.5718 1601.2098 18.4962
v  459.5718 1571.2098 18.4962
v  588.2161 1571.2098 354.4962
v  585.4855 1571.2098 352.7919
v  585.4855 1601.2098 352.7919
v  588.2161 1601.2098 354.4962
v  583.6476 1571.2098 350.1493
v  583.6476 1601.2098 350.1493
v  583.0000 1571.2098 346.9962
v  583.0000 1601.2098 346.9962
v  588.2161 1571.2098 339.4962
v  -588.2161 1571.2098 339.4962
v  -588.2161 1601.2098 339.4962
v  588.2161 1601.2098 339.4962
v  -588.2161 1571.2098 354.4962
v  -585.0344 1571.2098 352.3265
v  -583.2352 1571.2098 348.9217
v  -583.2352 1571.2098 345.0707
v  -585.0344 1571.2098 341.6659
v  583.6476 1571.2098 343.8431
v  585.4855 1571.2098 341.2005
v  583.6476 1601.2098 343.8431
v  585.4855 1601.2098 341.2005
v  -585.0344 1601.2098 352.3265
v  -588.2161 1601.2098 354.4962
v  -583.2352 1601.2098 348.9217
v  -583.2352 1601.2098 345.0707
v  -585.0344 1601.2098 341.6659
v  591.0000 1571.2098 354.9962
v  591.0000 1601.2098 354.9962
v  587.0000 1601.2098 353.9244
v  587.0000 1571.2098 353.9244
v  584.0718 1601.2098 350.9962
v  584.0718 1571.2098 350.9962
v  584.0718 1601.2098 342.9962
v  584.0718 1571.2098 342.9962
v  587.0000 1601.2098 340.0681
v  587.0000 1571.2098 340.0681
v  591.0000 1601.2098 338.9962
v  591.0000 1571.2098 338.9962
v  595.0000 1601.2098 340.0681
v  595.0000 1571.2098 340.0681
v  597.9282 1601.2098 342.9962
v  597.9282 1571.2098 342.9962
v  599.0000 1601.2098 346.9962
v  599.0000 1571.2098 346.9962
v  597.9282 1601.2098 350.9962
v  597.9282 1571.2098 350.9962
v  595.0000 1601.2098 353.9244
v  595.0000 1571.2098 353.9244
v  -590.9999 1601.2098 354.9962
v  -590.9999 1571.2098 354.9962
v  -586.9999 1571.2098 353.9244
v  -586.9999 1601.2098 353.9244
v  -584.0718 1571.2098 350.9962
v  -584.0718 1601.2098 350.9962
v  -582.9999 1571.2098 346.9962
v  -582.9999 1601.2098 346.9962
v  -584.0718 1571.2098 342.9962
v  -584.0718 1601.2098 342.9962
v  -586.9999 1571.2098 340.0681
v  -586.9999 1601.2098 340.0681
v  -590.9999 1571.2098 338.9962
v  -590.9999 1601.2098 338.9962
v  -594.9999 1571.2098 340.0681
v  -594.9999 1601.2098 340.0681
v  -597.9282 1571.2098 342.9962
v  -597.9282 1601.2098 342.9962
v  -598.9999 1571.2098 346.9962
v  -598.9999 1601.2098 346.9962
v  -597.9282 1571.2098 350.9962
v  -597.9282 1601.2098 350.9962
v  -594.9999 1571.2098 353.9244
v  -594.9999 1601.2098 353.9244
v  -459.0000 1001.2098 17.2801
v  -460.7043 1001.2098 20.0108
v  -460.7043 1031.2098 20.0108
v  -459.0000 1031.2098 17.2801
v  -463.3469 1001.2098 21.8487
v  -463.3469 1031.2098 21.8487
v  -466.5000 1031.2098 22.4962
v  -459.0000 1031.2098 339.4962
v  -459.0000 1001.2098 339.4962
v  -469.6531 1001.2098 21.8487
v  -469.6531 1031.2098 21.8487
v  -472.2957 1001.2098 20.0108
v  -472.2957 1031.2098 20.0108
v  -474.0000 1001.2098 17.2801
v  -474.0000 1031.2098 17.2801
v  -474.0000 1031.2098 339.4962
v  -474.0000 1001.2098 339.4962
v  458.5000 1031.2098 14.4962
v  459.5718 1031.2098 10.4962
v  462.5000 1031.2098 7.5680
v  466.5000 1031.2098 6.4962
v  470.5000 1031.2098 7.5680
v  473.4282 1031.2098 10.4962
v  474.5000 1031.2098 14.4962
v  473.4282 1031.2098 18.4962
v  470.5000 1031.2098 21.4244
v  466.5000 1031.2098 22.4962
v  462.5000 1031.2098 21.4244
v  459.5718 1031.2098 18.4962
v  -474.5000 1031.2098 14.4962
v  -473.4282 1031.2098 10.4962
v  -470.5000 1031.2098 7.5680
v  -466.5000 1031.2098 6.4962
v  -462.5000 1031.2098 7.5680
v  -459.5718 1031.2098 10.4962
v  -458.5000 1031.2098 14.4962
v  -459.5718 1031.2098 18.4962
v  -462.5000 1031.2098 21.4244
v  -470.5000 1031.2098 21.4244
v  -473.4282 1031.2098 18.4962
v  474.0000 1001.2098 17.2801
v  472.2957 1001.2098 20.0108
v  472.2957 1031.2098 20.0108
v  474.0000 1031.2098 17.2801
v  469.6531 1001.2098 21.8487
v  469.6531 1031.2098 21.8487
v  474.0000 1031.2098 339.4962
v  474.0000 1001.2098 339.4962
v  463.3469 1001.2098 21.8487
v  463.3469 1031.2098 21.8487
v  460.7043 1001.2098 20.0108
v  460.7043 1031.2098 20.0108
v  459.0000 1001.2098 17.2801
v  459.0000 1031.2098 17.2801
v  459.0000 1031.2098 339.4962
v  459.0000 1001.2098 339.4962
v  588.2161 1001.2098 354.4962
v  585.4855 1001.2098 352.7919
v  585.4855 1031.2098 352.7919
v  588.2161 1031.2098 354.4962
v  583.6476 1001.2098 350.1493
v  583.6476 1031.2098 350.1493
v  583.0000 1031.2098 346.9962
v  588.2161 1001.2098 339.4962
v  -588.2161 1001.2098 339.4962
v  -588.2161 1031.2098 339.4962
v  588.2161 1031.2098 339.4962
v  -588.2161 1001.2098 354.4962
v  -585.0344 1001.2098 352.3265
v  -583.2352 1001.2098 348.9217
v  -583.2352 1001.2098 345.0707
v  -585.0344 1001.2098 341.6659
v  583.6476 1001.2098 343.8431
v  585.4855 1001.2098 341.2005
v  583.6476 1031.2098 343.8431
v  585.4855 1031.2098 341.2005
v  -585.0344 1031.2098 352.3265
v  -588.2161 1031.2098 354.4962
v  -583.2352 1031.2098 348.9217
v  -583.2352 1031.2098 345.0707
v  -585.0344 1031.2098 341.6659
v  591.0000 1031.2098 354.9962
v  587.0000 1031.2098 353.9244
v  584.0718 1031.2098 350.9962
v  584.0718 1031.2098 342.9962
v  587.0000 1031.2098 340.0681
v  591.0000 1031.2098 338.9962
v  595.0000 1031.2098 340.0681
v  597.9282 1031.2098 342.9962
v  599.0000 1031.2098 346.9962
v  597.9282 1031.2098 350.9962
v  595.0000 1031.2098 353.9244
v  -590.9999 1031.2098 354.9962
v  -590.9999 1001.2098 354.9962
v  -586.9999 1001.2098 353.9244
v  -586.9999 1031.2098 353.9244
v  -584.0718 1031.2098 350.9962
v  -582.9999 1001.2098 346.9962
v  -582.9999 1031.2098 346.9962
v  -584.0718 1031.2098 342.9962
v  -586.9999 1001.2098 340.0681
v  -586.9999 1031.2098 340.0681
v  -590.9999 1001.2098 338.9962
v  -590.9999 1031.2098 338.9962
v  -594.9999 1001.2098 340.0681
v  -594.9999 1031.2098 340.0681
v  -597.9282 1031.2098 342.9962
v  -598.9999 1001.2098 346.9962
v  -598.9999 1031.2098 346.9962
v  -597.9282 1031.2098 350.9962
v  -594.9999 1001.2098 353.9244
v  -594.9999 1031.2098 353.9244
v  597.9282 1286.2098 350.9962
v  599.0000 1286.2098 346.9962
v  597.9282 1286.2098 342.9962
v  595.0000 1286.2098 340.0681
v  591.0000 1286.2098 338.9962
v  587.0000 1286.2098 340.0681
v  584.0718 1286.2098 342.9962
v  583.0000 1286.2098 346.9962
v  584.0718 1286.2098 350.9962
v  587.0000 1286.2098 353.9244
v  591.0000 1286.2098 354.9962
v  595.0000 1286.2098 353.9244
v  -597.9282 1286.2098 342.9962
v  -599.0000 1031.2098 346.9962
v  -599.0000 1286.2098 346.9962
v  -597.9282 1286.2098 350.9962
v  -595.0000 1031.2098 353.9244
v  -595.0000 1286.2098 353.9244
v  -591.0000 1031.2098 354.9962
v  -591.0000 1286.2098 354.9962
v  -587.0000 1031.2098 353.9244
v  -587.0000 1286.2098 353.9244
v  -584.0718 1286.2098 350.9962
v  -583.0000 1031.2098 346.9962
v  -583.0000 1286.2098 346.9962
v  -584.0718 1286.2098 342.9962
v  -587.0000 1031.2098 340.0681
v  -587.0000 1286.2098 340.0681
v  -591.0000 1031.2098 338.9962
v  -591.0000 1286.2098 338.9962
v  -595.0000 1031.2098 340.0681
v  -595.0000 1286.2098 340.0681
v  -473.4282 1286.2098 10.4962
v  -474.5000 1286.2098 14.4962
v  -473.4282 1286.2098 18.4962
v  -470.5000 1286.2098 21.4244
v  -466.5000 1286.2098 22.4962
v  -462.5000 1286.2098 21.4244
v  -459.5718 1286.2098 18.4962
v  -458.5000 1286.2098 14.4962
v  -459.5718 1286.2098 10.4962
v  -462.5000 1286.2098 7.5680
v  -466.5000 1286.2098 6.4962
v  -470.5000 1286.2098 7.5680
v  459.5718 1286.2098 10.4962
v  458.5000 1286.2098 14.4962
v  459.5718 1286.2098 18.4962
v  462.5000 1286.2098 21.4244
v  466.5000 1286.2098 22.4962
v  470.5000 1286.2098 21.4244
v  473.4282 1286.2098 18.4962
v  474.5000 1286.2098 14.4962
v  473.4282 1286.2098 10.4962
v  470.5000 1286.2098 7.5680
v  466.5000 1286.2098 6.4962
v  462.5000 1286.2098 7.5680
v  -459.0000 1286.2098 17.2801
v  -460.7043 1286.2098 20.0108
v  -460.7043 1316.2098 20.0108
v  -459.0000 1316.2098 17.2801
v  -463.3469 1286.2098 21.8487
v  -463.3469 1316.2098 21.8487
v  -466.5000 1316.2098 22.4962
v  -459.0000 1316.2098 339.4962
v  -459.0000 1286.2098 339.4962
v  -469.6531 1286.2098 21.8487
v  -469.6531 1316.2098 21.8487
v  -472.2957 1286.2098 20.0108
v  -472.2957 1316.2098 20.0108
v  -474.0000 1286.2098 17.2801
v  -474.0000 1316.2098 17.2801
v  -474.0000 1316.2098 339.4962
v  -474.0000 1286.2098 339.4962
v  458.5000 1316.2098 14.4962
v  459.5718 1316.2098 10.4962
v  462.5000 1316.2098 7.5680
v  466.5000 1316.2098 6.4962
v  470.5000 1316.2098 7.5680
v  473.4282 1316.2098 10.4962
v  474.5000 1316.2098 14.4962
v  473.4282 1316.2098 18.4962
v  470.5000 1316.2098 21.4244
v  466.5000 1316.2098 22.4962
v  462.5000 1316.2098 21.4244
v  459.5718 1316.2098 18.4962
v  -474.5000 1316.2098 14.4962
v  -473.4282 1316.2098 10.4962
v  -470.5000 1316.2098 7.5680
v  -466.5000 1316.2098 6.4962
v  -462.5000 1316.2098 7.5680
v  -459.5718 1316.2098 10.4962
v  -458.5000 1316.2098 14.4962
v  -459.5718 1316.2098 18.4962
v  -462.5000 1316.2098 21.4244
v  -470.5000 1316.2098 21.4244
v  -473.4282 1316.2098 18.4962
v  474.0000 1286.2098 17.2801
v  472.2957 1286.2098 20.0108
v  472.2957 1316.2098 20.0108
v  474.0000 1316.2098 17.2801
v  469.6531 1286.2098 21.8487
v  469.6531 1316.2098 21.8487
v  474.0000 1316.2098 339.4962
v  474.0000 1286.2098 339.4962
v  463.3469 1286.2098 21.8487
v  463.3469 1316.2098 21.8487
v  460.7043 1286.2098 20.0108
v  460.7043 1316.2098 20.0108
v  459.0000 1286.2098 17.2801
v  459.0000 1316.2098 17.2801
v  459.0000 1316.2098 339.4962
v  459.0000 1286.2098 339.4962
v  588.2161 1286.2098 354.4962
v  585.4855 1286.2098 352.7919
v  585.4855 1316.2098 352.7919
v  588.2161 1316.2098 354.4962
v  583.6476 1286.2098 350.1493
v  583.6476 1316.2098 350.1493
v  583.0000 1316.2098 346.9962
v  588.2161 1286.2098 339.4962
v  -588.2161 1286.2098 339.4962
v  -588.2161 1316.2098 339.4962
v  588.2161 1316.2098 339.4962
v  -588.2161 1286.2098 354.4962
v  -585.0344 1286.2098 352.3265
v  -583.2352 1286.2098 348.9217
v  -583.2352 1286.2098 345.0707
v  -585.0344 1286.2098 341.6659
v  583.6476 1286.2098 343.8431
v  585.4855 1286.2098 341.2005
v  583.6476 1316.2098 343.8431
v  585.4855 1316.2098 341.2005
v  -585.0344 1316.2098 352.3265
v  -588.2161 1316.2098 354.4962
v  -583.2352 1316.2098 348.9217
v  -583.2352 1316.2098 345.0707
v  -585.0344 1316.2098 341.6659
v  591.0000 1316.2098 354.9962
v  587.0000 1316.2098 353.9244
v  584.0718 1316.2098 350.9962
v  584.0718 1316.2098 342.9962
v  587.0000 1316.2098 340.0681
v  591.0000 1316.2098 338.9962
v  595.0000 1316.2098 340.0681
v  597.9282 1316.2098 342.9962
v  599.0000 1316.2098 346.9962
v  597.9282 1316.2098 350.9962
v  595.0000 1316.2098 353.9244
v  -590.9999 1316.2098 354.9962
v  -590.9999 1286.2098 354.9962
v  -586.9999 1286.2098 353.9244
v  -586.9999 1316.2098 353.9244
v  -584.0718 1316.2098 350.9962
v  -582.9999 1286.2098 346.9962
v  -582.9999 1316.2098 346.9962
v  -584.0718 1316.2098 342.9962
v  -586.9999 1286.2098 340.0681
v  -586.9999 1316.2098 340.0681
v  -590.9999 1286.2098 338.9962
v  -590.9999 1316.2098 338.9962
v  -594.9999 1286.2098 340.0681
v  -594.9999 1316.2098 340.0681
v  -597.9282 1316.2098 342.9962
v  -598.9999 1286.2098 346.9962
v  -598.9999 1316.2098 346.9962
v  -597.9282 1316.2098 350.9962
v  -594.9999 1286.2098 353.9244
v  -594.9999 1316.2098 353.9244
v  -599.0000 1316.2098 346.9962
v  -599.0000 1571.2098 346.9962
v  -595.0000 1316.2098 353.9244
v  -595.0000 1571.2098 353.9244
v  -591.0000 1316.2098 354.9962
v  -591.0000 1571.2098 354.9962
v  -587.0000 1316.2098 353.9244
v  -587.0000 1571.2098 353.9244
v  -583.0000 1316.2098 346.9962
v  -583.0000 1571.2098 346.9962
v  -587.0000 1316.2098 340.0681
v  -587.0000 1571.2098 340.0681
v  -591.0000 1316.2098 338.9962
v  -591.0000 1571.2098 338.9962
v  -595.0000 1316.2098 340.0681
v  -595.0000 1571.2098 340.0681
# 2361 vertices

vn -0.8483 0.0000 -0.5295
vn -0.5710 0.0000 -0.8210
vn -0.2012 0.0000 -0.9796
vn 1.0000 0.0000 -0.0000
vn 0.2012 0.0000 -0.9796
vn 0.5710 0.0000 -0.8210
vn 0.8483 0.0000 -0.5295
vn 0.0000 1.0000 -0.0000
vn 0.0000 0.0000 1.0000
vn 0.0000 -1.0000 -0.0000
vn -1.0000 0.0000 -0.0000
vn -0.9659 0.0000 -0.2588
vn -0.7071 0.0000 -0.7071
vn -0.2588 0.0000 -0.9659
vn 0.2588 0.0000 -0.9659
vn 0.7071 0.0000 -0.7071
vn 0.9659 0.0000 -0.2588
vn 0.9659 0.0000 0.2588
vn 0.7071 0.0000 0.7071
vn 0.2588 0.0000 0.9659
vn -0.2588 0.0000 0.9659
vn -0.7071 0.0000 0.7071
vn -0.9659 0.0000 0.2588
vn 0.5295 0.0000 -0.8483
vn 0.8210 0.0000 -0.5710
vn 0.9796 0.0000 -0.2012
vn 0.0000 0.0000 -1.0000
vn 0.9796 0.0000 0.2012
vn 0.8210 0.0000 0.5710
vn 0.5295 0.0000 0.8483
vn -0.5634 0.0000 0.8262
vn -0.8841 0.0000 0.4672
vn -0.8841 0.0000 -0.4672
vn -0.5634 0.0000 -0.8262
vn 0.9651 -0.2506 -0.0762
vn 0.9893 -0.1236 -0.0781
vn 0.9893 -0.1235 -0.0781
vn 0.9651 -0.2505 -0.0762
vn 0.8739 -0.2505 0.4166
vn 0.8958 -0.1235 0.4270
vn 0.8739 -0.2506 0.4165
vn 0.5485 -0.2506 0.7977
vn 0.5623 -0.1235 0.8177
vn 0.5485 -0.2505 0.7977
vn 0.0762 -0.2505 0.9651
vn 0.0781 -0.1235 0.9893
vn 0.0762 -0.2506 0.9651
vn -0.4165 -0.2506 0.8739
vn -0.4270 -0.1236 0.8958
vn -0.4270 -0.1235 0.8958
vn -0.4166 -0.2506 0.8739
vn -0.7977 -0.2506 0.5485
vn -0.8177 -0.1236 0.5623
vn -0.8177 -0.1235 0.5623
vn -0.5927 -0.6947 0.4076
vn -0.3095 -0.6947 0.6493
vn 0.0566 -0.6947 0.7170
vn 0.4075 -0.6948 0.5926
vn 0.4075 -0.6947 0.5927
vn 0.6493 -0.6947 0.3095
vn 0.6493 -0.6948 0.3095
vn 0.7170 -0.6948 -0.0566
vn 0.7171 -0.6947 -0.0566
vn 0.7170 -0.6947 -0.0566
vn 0.2440 -0.9659 -0.0865
vn 0.2545 -0.9659 0.0471
vn 0.1492 -0.9884 0.0276
vn 0.1431 -0.9884 -0.0507
vn -0.2439 -0.9659 0.0865
vn -0.1431 -0.9884 0.0507
vn -0.0985 -0.9884 0.1154
vn -0.1680 -0.9659 0.1968
vn -0.0276 -0.9884 0.1492
vn -0.0471 -0.9659 0.2545
vn 0.0507 -0.9884 0.1431
vn 0.0865 -0.9659 0.2439
vn 0.1154 -0.9884 0.0985
vn 0.1968 -0.9659 0.1680
vn 0.8240 0.0000 -0.5666
vn 0.8177 -0.1236 -0.5623
vn 0.8177 -0.1235 -0.5623
vn 0.4303 0.0000 -0.9027
vn 0.4270 -0.1235 -0.8958
vn -0.0787 0.0000 -0.9969
vn -0.0781 -0.1235 -0.9893
vn -0.5666 0.0000 -0.8240
vn -0.5623 -0.1235 -0.8177
vn -0.9027 0.0000 -0.4303
vn -0.8958 -0.1235 -0.4270
vn -0.9969 0.0000 0.0787
vn -0.9893 -0.1235 0.0781
vn -0.8240 0.0000 0.5666
vn -0.4303 0.0000 0.9027
vn 0.0787 0.0000 0.9969
vn 0.5666 0.0000 0.8240
vn 0.9027 0.0000 0.4303
vn 0.9969 0.0000 -0.0787
vn -0.2545 -0.9659 -0.0471
vn -0.1493 -0.9884 -0.0276
vn -0.1968 -0.9659 -0.1680
vn -0.1154 -0.9884 -0.0985
vn -0.0865 -0.9659 -0.2440
vn -0.0507 -0.9884 -0.1431
vn 0.0471 -0.9659 -0.2545
vn 0.0276 -0.9884 -0.1492
vn 0.1680 -0.9659 -0.1968
vn 0.0985 -0.9884 -0.1154
vn 0.5927 -0.6947 -0.4075
vn 0.7977 -0.2506 -0.5485
vn -0.7171 -0.6947 0.0566
vn -0.7170 -0.6948 0.0566
vn -0.6493 -0.6948 -0.3095
vn -0.6493 -0.6947 -0.3095
vn -0.4075 -0.6947 -0.5927
vn -0.4075 -0.6948 -0.5926
vn -0.0566 -0.6947 -0.7170
vn -0.0566 -0.6948 -0.7170
vn 0.3095 -0.6947 -0.6493
vn -0.9651 -0.2506 0.0762
vn -0.8739 -0.2506 -0.4165
vn -0.8739 -0.2506 -0.4166
vn -0.5485 -0.2506 -0.7977
vn -0.0762 -0.2506 -0.9651
vn -0.0762 -0.2505 -0.9651
vn 0.4166 -0.2506 -0.8739
vn 0.9077 -0.2693 -0.3217
vn 0.9334 -0.1393 -0.3308
vn 0.9881 -0.1328 -0.0780
vn 0.9634 -0.2571 -0.0761
vn 0.8724 -0.2567 0.4159
vn 0.8947 -0.1328 0.4265
vn 0.5476 -0.2567 0.7964
vn 0.5616 -0.1328 0.8167
vn 0.0761 -0.2567 0.9635
vn 0.0780 -0.1328 0.9881
vn -0.4159 -0.2567 0.8724
vn -0.4265 -0.1328 0.8947
vn -0.7963 -0.2570 0.5475
vn -0.8167 -0.1328 0.5616
vn -0.9334 -0.1393 0.3308
vn -0.9077 -0.2693 0.3217
vn -0.5923 -0.6948 0.4080
vn -0.5894 -0.6990 0.4050
vn -0.5890 -0.6995 0.4047
vn -0.5920 -0.6952 0.4077
vn -0.3095 -0.6948 0.6493
vn 0.7170 -0.6948 -0.0560
vn 0.7166 -0.6952 -0.0561
vn 0.7124 -0.6995 -0.0566
vn 0.7129 -0.6990 -0.0565
vn 0.2422 -0.9664 -0.0858
vn 0.2545 -0.9659 0.0473
vn 0.1492 -0.9884 0.0277
vn 0.1419 -0.9886 -0.0503
vn -0.1679 -0.9659 0.1970
vn -0.2422 -0.9664 0.0858
vn -0.1419 -0.9886 0.0503
vn -0.0984 -0.9884 0.1155
vn 0.5280 0.8284 -0.1871
vn 0.5856 0.8031 0.1098
vn 0.7311 0.6312 -0.2591
vn 0.8283 0.5576 0.0551
vn 0.8888 0.3327 -0.3150
vn 0.9903 0.1155 -0.0772
vn 0.9397 0.0784 -0.3330
vn 0.4501 0.8054 0.3857
vn 0.5367 0.7086 0.4581
vn 0.1975 0.8065 0.5572
vn 0.2357 0.7085 0.6652
vn -0.1068 0.8053 0.5831
vn -0.1284 0.7085 0.6939
vn -0.3858 0.8031 0.4541
vn -0.6087 0.5576 0.5644
vn -0.7310 0.6312 0.2591
vn -0.5280 0.8284 0.1871
vn -0.8888 0.3328 0.3150
vn -0.9397 0.0784 0.3330
vn -0.8179 0.1155 0.5636
vn -0.4168 0.2481 0.8745
vn -0.4274 0.1161 0.8966
vn -0.4274 0.1160 0.8966
vn 0.0763 0.2481 0.9657
vn 0.0782 0.1161 0.9902
vn 0.5489 0.2481 0.7982
vn 0.5628 0.1160 0.8184
vn 0.5489 0.2480 0.7982
vn 0.8745 0.2480 0.4168
vn 0.8966 0.1160 0.4274
vn 0.8966 0.1161 0.4274
vn 0.8745 0.2481 0.4168
vn 0.8167 -0.1328 -0.5616
vn 0.8180 0.1149 -0.5637
vn 0.4274 0.1155 -0.8967
vn 0.4265 -0.1328 -0.8947
vn 0.4274 0.1154 -0.8967
vn -0.0782 0.1155 -0.9902
vn -0.0780 -0.1328 -0.9881
vn -0.0782 0.1154 -0.9902
vn -0.5628 0.1155 -0.8185
vn -0.5616 -0.1328 -0.8167
vn -0.8967 0.1155 -0.4274
vn -0.8947 -0.1328 -0.4265
vn -0.9904 0.1149 0.0772
vn -0.9881 -0.1328 0.0780
vn -0.8285 0.5572 -0.0551
vn -0.8747 0.2469 -0.4170
vn -0.8748 0.2469 -0.4170
vn -0.5491 0.2469 -0.7985
vn -0.0763 0.2468 -0.9660
vn -0.0763 0.2469 -0.9660
vn 0.4170 0.2468 -0.8748
vn 0.4170 0.2469 -0.8747
vn 0.6089 0.5572 -0.5645
vn 0.3858 0.8031 -0.4541
vn -0.5857 0.8031 -0.1098
vn -0.4501 0.8053 -0.3857
vn -0.5367 0.7085 -0.4582
vn -0.1975 0.8065 -0.5572
vn -0.2357 0.7085 -0.6652
vn 0.1068 0.8053 -0.5831
vn 0.1284 0.7085 -0.6939
vn -0.1492 -0.9884 -0.0277
vn 0.0984 -0.9884 -0.1155
vn -0.2545 -0.9659 -0.0473
vn -0.0865 -0.9659 -0.2439
vn 0.1679 -0.9659 -0.1970
vn 0.5890 -0.6995 -0.4047
vn 0.5920 -0.6952 -0.4077
vn 0.5923 -0.6948 -0.4080
vn 0.5894 -0.6990 -0.4050
vn 0.7963 -0.2570 -0.5475
vn 0.4159 -0.2567 -0.8724
vn -0.0761 -0.2567 -0.9635
vn -0.5476 -0.2567 -0.7964
vn -0.8724 -0.2567 -0.4159
vn -0.9634 -0.2571 0.0761
vn -0.7129 -0.6990 0.0565
vn -0.7170 -0.6948 0.0560
vn -0.7166 -0.6952 0.0561
vn -0.7124 -0.6995 0.0566
vn -0.1140 0.9842 0.1352
vn -0.1627 0.9850 0.0577
vn -0.2972 0.9490 0.1053
vn -0.3054 0.9245 0.2281
vn -0.3809 0.9245 0.0151
vn -0.3883 0.9112 0.1376
vn -0.1978 0.9267 0.3195
vn -0.0473 0.9276 0.3705
vn 0.1248 0.9276 0.3522
vn 0.2700 0.9276 0.2581
vn 0.1361 0.9836 0.1183
vn 0.0608 0.9833 0.1716
vn 0.3548 0.9267 0.1236
vn 0.1737 0.9842 0.0332
vn 0.3756 0.9265 -0.0226
vn 0.1678 0.9840 -0.0595
vn 0.3788 0.9157 -0.1342
vn -0.0312 0.9836 0.1776
vn -0.1737 0.9842 -0.0332
vn -0.3548 0.9267 -0.1236
vn -0.1361 0.9836 -0.1183
vn -0.2700 0.9276 -0.2581
vn -0.0608 0.9833 -0.1716
vn -0.1248 0.9276 -0.3522
vn 0.0312 0.9836 -0.1776
vn 0.0473 0.9276 -0.3705
vn 0.1978 0.9267 -0.3195
vn 0.3060 0.9265 -0.2190
vn 0.1140 0.9842 -0.1352
vn -0.9562 -0.2506 -0.1516
vn -0.9801 -0.1235 -0.1554
vn -0.9562 -0.2505 -0.1516
vn -0.7523 -0.2505 -0.6093
vn -0.7711 -0.1235 -0.6246
vn -0.3468 -0.2505 -0.9038
vn -0.3555 -0.1235 -0.9265
vn -0.3468 -0.2506 -0.9038
vn 0.1516 -0.2506 -0.9562
vn 0.1553 -0.1235 -0.9801
vn 0.1554 -0.1235 -0.9801
vn 0.1516 -0.2505 -0.9562
vn 0.6093 -0.2505 -0.7523
vn 0.6246 -0.1235 -0.7711
vn 0.6246 -0.1236 -0.7711
vn 0.6093 -0.2506 -0.7523
vn 0.9038 -0.2506 -0.3468
vn 0.9265 -0.1236 -0.3555
vn 0.9265 -0.1235 -0.3555
vn 0.9039 -0.2505 -0.3468
vn 0.6715 -0.6947 -0.2577
vn 0.4527 -0.6947 -0.5589
vn 0.4527 -0.6948 -0.5589
vn 0.1126 -0.6947 -0.7104
vn 0.1126 -0.6948 -0.7104
vn -0.2577 -0.6947 -0.6715
vn -0.5589 -0.6947 -0.4527
vn -0.5589 -0.6948 -0.4527
vn -0.7104 -0.6948 -0.1126
vn -0.7103 -0.6948 -0.1126
vn -0.2574 -0.9659 0.0270
vn -0.2364 -0.9659 -0.1053
vn -0.1386 -0.9884 -0.0617
vn -0.1510 -0.9884 0.0158
vn 0.2574 -0.9659 -0.0270
vn 0.1509 -0.9884 -0.0158
vn 0.1228 -0.9884 -0.0892
vn 0.2094 -0.9659 -0.1521
vn 0.0618 -0.9884 -0.1386
vn 0.1053 -0.9659 -0.2364
vn -0.0158 -0.9884 -0.1509
vn -0.0270 -0.9659 -0.2574
vn -0.0892 -0.9884 -0.1228
vn -0.1521 -0.9659 -0.2094
vn -0.9336 0.0000 0.3583
vn -0.9265 -0.1235 0.3555
vn -0.6294 0.0000 0.7771
vn -0.6246 -0.1235 0.7711
vn -0.1565 0.0000 0.9877
vn -0.1553 -0.1235 0.9801
vn 0.3583 0.0000 0.9336
vn 0.3555 -0.1235 0.9265
vn 0.7771 0.0000 0.6294
vn 0.7711 -0.1236 0.6246
vn 0.9877 0.0000 0.1565
vn 0.9801 -0.1236 0.1553
vn 0.9801 -0.1235 0.1553
vn 0.9336 0.0000 -0.3583
vn 0.6294 0.0000 -0.7771
vn 0.1565 0.0000 -0.9877
vn -0.3583 0.0000 -0.9336
vn -0.7771 0.0000 -0.6294
vn -0.9877 0.0000 -0.1566
vn 0.2364 -0.9659 0.1053
vn 0.1386 -0.9884 0.0617
vn 0.1521 -0.9659 0.2094
vn 0.0892 -0.9884 0.1228
vn 0.0270 -0.9659 0.2574
vn 0.0158 -0.9884 0.1509
vn -0.1053 -0.9659 0.2364
vn -0.0617 -0.9884 0.1386
vn -0.2094 -0.9659 0.1521
vn -0.1228 -0.9884 0.0892
vn -0.6715 -0.6948 0.2577
vn -0.6715 -0.6947 0.2577
vn -0.9038 -0.2506 0.3468
vn -0.9038 -0.2505 0.3468
vn 0.7104 -0.6947 0.1126
vn 0.5589 -0.6947 0.4527
vn 0.2577 -0.6947 0.6715
vn -0.1126 -0.6947 0.7104
vn -0.4527 -0.6948 0.5589
vn -0.4527 -0.6947 0.5589
vn 0.9562 -0.2505 0.1516
vn 0.9562 -0.2506 0.1515
vn 0.7523 -0.2506 0.6093
vn 0.3468 -0.2506 0.9038
vn -0.1516 -0.2506 0.9562
vn -0.1515 -0.2506 0.9562
vn -0.6093 -0.2506 0.7523
vn -0.9578 -0.2693 0.1006
vn -0.9848 -0.1393 0.1034
vn -0.9789 -0.1328 -0.1552
vn -0.9545 -0.2570 -0.1512
vn -0.7510 -0.2567 -0.6083
vn -0.7702 -0.1328 -0.6238
vn -0.3463 -0.2567 -0.9023
vn -0.3551 -0.1328 -0.9253
vn 0.1513 -0.2567 -0.9546
vn 0.1552 -0.1328 -0.9789
vn 0.6083 -0.2567 -0.7510
vn 0.6238 -0.1328 -0.7702
vn 0.9023 -0.2571 -0.3462
vn 0.9253 -0.1328 -0.3551
vn 0.9848 -0.1393 -0.1034
vn 0.9578 -0.2693 -0.1006
vn 0.6712 -0.6948 -0.2582
vn 0.6677 -0.6990 -0.2560
vn 0.6673 -0.6995 -0.2557
vn 0.6709 -0.6952 -0.2580
vn -0.2577 -0.6948 -0.6715
vn -0.7102 -0.6948 -0.1132
vn -0.7099 -0.6952 -0.1130
vn -0.7059 -0.6995 -0.1116
vn -0.7063 -0.6990 -0.1117
vn -0.2555 -0.9664 0.0268
vn -0.2363 -0.9659 -0.1055
vn -0.1386 -0.9884 -0.0618
vn -0.1497 -0.9886 0.0157
vn 0.2093 -0.9659 -0.1523
vn 0.2555 -0.9664 -0.0268
vn 0.1497 -0.9886 -0.0157
vn 0.1227 -0.9884 -0.0893
vn 0.0617 -0.9884 -0.1386
vn -0.5571 0.8284 0.0585
vn -0.5438 0.8031 -0.2437
vn -0.7713 0.6312 0.0810
vn -0.7925 0.5575 -0.2472
vn -0.9379 0.3327 0.0985
vn -0.9809 0.1154 -0.1565
vn -0.9915 0.0783 0.1041
vn -0.3475 0.8054 -0.4803
vn -0.4147 0.7085 -0.5709
vn -0.0617 0.8065 -0.5880
vn -0.0737 0.7085 -0.7018
vn 0.2402 0.8053 -0.5420
vn 0.2871 0.7085 -0.6446
vn 0.4813 0.8030 -0.3514
vn 0.7238 0.5576 -0.4064
vn 0.7713 0.6313 -0.0810
vn 0.5571 0.8284 -0.0585
vn 0.9379 0.3328 -0.0985
vn 0.9915 0.0784 -0.1041
vn 0.9270 0.1155 -0.3568
vn 0.6097 0.2481 -0.7528
vn 0.6252 0.1161 -0.7718
vn 0.6252 0.1160 -0.7718
vn 0.1517 0.2480 -0.9568
vn 0.1555 0.1160 -0.9810
vn 0.1517 0.2481 -0.9568
vn -0.3471 0.2481 -0.9044
vn -0.3558 0.1160 -0.9273
vn -0.7528 0.2481 -0.6097
vn -0.7718 0.1161 -0.6252
vn -0.7718 0.1160 -0.6252
vn -0.7528 0.2480 -0.6097
vn -0.9254 -0.1328 0.3551
vn -0.9271 0.1149 0.3568
vn -0.6252 0.1154 0.7719
vn -0.6238 -0.1328 0.7702
vn -0.6252 0.1155 0.7719
vn -0.1555 0.1155 0.9811
vn -0.1552 -0.1328 0.9789
vn 0.3559 0.1155 0.9274
vn 0.3551 -0.1328 0.9253
vn 0.7719 0.1155 0.6252
vn 0.7702 -0.1328 0.6238
vn 0.9810 0.1149 0.1565
vn 0.9789 -0.1328 0.1552
vn 0.7927 0.5573 0.2473
vn 0.7530 0.2469 0.6099
vn 0.3472 0.2469 0.9047
vn -0.1517 0.2469 0.9571
vn -0.6099 0.2469 0.7530
vn -0.6099 0.2468 0.7530
vn -0.7241 0.5572 0.4065
vn -0.4813 0.8031 0.3513
vn 0.5437 0.8031 0.2437
vn 0.3475 0.8053 0.4803
vn 0.4147 0.7085 0.5710
vn 0.0617 0.8065 0.5880
vn 0.0737 0.7085 0.7018
vn -0.2402 0.8053 0.5420
vn -0.2871 0.7085 0.6446
vn 0.1386 -0.9884 0.0618
vn -0.1227 -0.9884 0.0892
vn 0.2364 -0.9659 0.1055
vn -0.2093 -0.9659 0.1523
vn -0.6673 -0.6995 0.2557
vn -0.6709 -0.6952 0.2580
vn -0.6712 -0.6948 0.2582
vn -0.6677 -0.6990 0.2560
vn -0.9023 -0.2570 0.3462
vn -0.6083 -0.2567 0.7510
vn -0.1513 -0.2567 0.9546
vn 0.3463 -0.2567 0.9023
vn 0.7510 -0.2567 0.6083
vn 0.9545 -0.2571 0.1512
vn 0.7063 -0.6990 0.1117
vn 0.7102 -0.6948 0.1132
vn 0.7099 -0.6952 0.1130
vn 0.7059 -0.6995 0.1116
vn 0.1425 0.9842 -0.1048
vn 0.1717 0.9850 -0.0180
vn 0.3135 0.9490 -0.0329
vn 0.3502 0.9245 -0.1504
vn 0.3738 0.9245 0.0744
vn 0.4097 0.9112 -0.0430
vn 0.2670 0.9267 -0.2644
vn 0.1326 0.9276 -0.3492
vn -0.0390 0.9276 -0.3716
vn -0.2022 0.9276 -0.3140
vn -0.1046 0.9836 -0.1468
vn -0.0190 0.9833 -0.1810
vn -0.3161 0.9267 -0.2032
vn -0.1611 0.9842 -0.0729
vn -0.3705 0.9265 -0.0659
vn -0.1770 0.9840 0.0186
vn -0.3996 0.9157 0.0420
vn 0.0719 0.9836 -0.1653
vn 0.1611 0.9842 0.0729
vn 0.3161 0.9267 0.2032
vn 0.1046 0.9836 0.1468
vn 0.2022 0.9276 0.3140
vn 0.0190 0.9833 0.1810
vn 0.0390 0.9276 0.3716
vn -0.0719 0.9836 0.1653
vn -0.1326 0.9276 0.3492
vn -0.2670 0.9267 0.2644
vn -0.3487 0.9265 0.1414
vn -0.1425 0.9842 0.1048
vn -0.9561 -0.2507 -0.1515
vn -0.9801 -0.1236 -0.1553
vn -0.7523 -0.2506 -0.6093
vn -0.3468 -0.2505 -0.9039
vn 0.1515 -0.2506 -0.9562
vn 0.9038 -0.2507 -0.3468
vn -0.7104 -0.6947 -0.1126
vn -0.1509 -0.9884 0.0158
vn -0.9265 -0.1236 0.3555
vn -0.1554 -0.1235 0.9801
vn 0.3555 -0.1236 0.9265
vn 0.7711 -0.1235 0.6246
vn 0.9877 0.0000 0.1566
vn 0.9801 -0.1235 0.1554
vn 0.2577 -0.6948 0.6715
vn 0.9561 -0.2507 0.1515
vn 0.9562 -0.2506 0.1516
vn 0.7523 -0.2505 0.6093
vn -0.1516 -0.2505 0.9562
vn -0.6093 -0.2505 0.7523
vn -0.9578 -0.2694 0.1006
vn -0.9545 -0.2570 -0.1513
vn 0.9578 -0.2694 -0.1006
vn -0.5572 0.8283 0.0585
vn -0.5438 0.8030 -0.2437
vn -0.7713 0.6314 0.0810
vn -0.9378 0.3329 0.0985
vn 0.2871 0.7085 -0.6447
vn 0.4813 0.8030 -0.3513
vn 0.7238 0.5575 -0.4065
vn 0.7712 0.6314 -0.0810
vn 0.9379 0.3327 -0.0985
vn 0.9915 0.0781 -0.1041
vn 0.6097 0.2480 -0.7528
vn 0.1555 0.1161 -0.9810
vn -0.3471 0.2479 -0.9045
vn -0.7528 0.2479 -0.6098
vn -0.9253 -0.1328 0.3551
vn -0.9271 0.1148 0.3568
vn 0.3559 0.1154 0.9274
vn 0.7719 0.1154 0.6252
vn 0.7719 0.1156 0.6252
vn 0.9810 0.1150 0.1565
vn 0.7927 0.5572 0.2473
vn 0.7530 0.2471 0.6099
vn 0.7531 0.2467 0.6100
vn 0.3472 0.2468 0.9047
vn -0.1517 0.2470 0.9571
vn 0.5439 0.8030 0.2438
vn 0.4148 0.7085 0.5710
vn -0.2871 0.7085 0.6447
vn -0.1227 -0.9884 0.0893
vn 0.2363 -0.9659 0.1055
vn -0.9023 -0.2571 0.3462
vn -0.1126 -0.6948 0.7104
vn 0.8443 0.0000 -0.5359
vn 0.4632 0.0000 -0.8863
vn -0.0420 0.0000 -0.9991
vn -0.5359 0.0000 -0.8443
vn -0.8863 0.0000 -0.4632
vn -0.9991 0.0000 0.0420
vn -0.8443 0.0000 0.5359
vn -0.4632 0.0000 0.8863
vn 0.0420 0.0000 0.9991
vn 0.5359 0.0000 0.8443
vn 0.8863 0.0000 0.4632
vn 0.9991 0.0000 -0.0420
vn 0.0382 0.9551 -0.2939
vn 0.0153 0.9930 -0.1173
vn 0.0791 0.9930 -0.0873
vn 0.1797 0.9550 -0.2360
vn 0.1111 0.9930 -0.0392
vn 0.2747 0.9548 -0.1139
vn 0.1174 0.9930 0.0153
vn 0.3399 0.9394 0.0442
vn 0.0973 0.9930 0.0663
vn 0.2363 0.9548 0.1804
vn -0.0541 0.9930 -0.1046
vn -0.0382 0.9551 0.2939
vn 0.1133 0.9550 0.2742
vn 0.0541 0.9930 0.1046
vn -0.0153 0.9930 0.1173
vn 0.2616 -0.9435 0.2036
vn 0.2005 -0.9723 0.1199
vn 0.2248 -0.9740 0.0292
vn 0.3794 -0.9239 0.0493
vn 0.1138 -0.9934 0.0148
vn 0.2245 -0.9723 -0.0646
vn 0.1055 -0.9932 -0.0486
vn 0.1557 -0.9611 0.2280
vn 0.0896 -0.9932 0.0740
vn 0.4597 -0.8497 0.2582
vn 0.1110 -0.9508 0.2893
vn -0.0292 -0.9740 0.2248
vn -0.0427 -0.9436 0.3283
vn -0.0150 -0.9932 0.1151
vn 0.0421 -0.9838 0.1744
vn 0.0853 -0.9838 -0.1578
vn 0.2089 -0.9611 -0.1806
vn 0.0292 -0.9740 -0.2248
vn 0.0150 -0.9932 -0.1151
vn 0.0427 -0.9436 -0.3283
vn 0.1812 -0.9508 -0.2513
vn 0.2367 -0.9209 -0.3095
vn 0.3050 -0.9434 -0.1299
vn -0.9847 0.1145 0.1312
vn -0.9824 0.1323 0.1318
vn -0.9577 0.2570 0.1295
vn -0.9668 0.2207 0.1289
vn -0.7836 0.6129 -0.1019
vn -0.7150 0.6921 0.0987
vn -0.6556 0.7503 -0.0853
vn -0.5076 0.8516 0.1307
vn -0.3399 0.9394 -0.0442
vn -0.2746 0.9548 0.1139
vn -0.2332 0.9234 0.3048
vn -0.1796 0.9550 0.2360
vn -0.0495 0.9234 0.3807
vn 0.1475 0.9234 0.3545
vn 0.4573 0.8516 0.2562
vn 0.6555 0.7504 0.0853
vn 0.6661 0.6920 0.2784
vn 0.7835 0.6130 0.1019
vn 0.9017 0.2205 0.3719
vn 0.8927 0.2569 0.3703
vn 0.9160 0.1323 0.3788
vn 0.9184 0.1144 0.3788
vn -0.7658 0.2569 0.5895
vn -0.7854 0.1329 0.6046
vn -0.7658 0.2568 0.5895
vn -0.3685 0.2568 0.8935
vn -0.3779 0.1328 0.9163
vn -0.3779 0.1329 0.9163
vn 0.1276 0.2568 0.9580
vn 0.1309 0.1329 0.9825
vn 0.1309 0.1328 0.9825
vn 0.1276 0.2567 0.9580
vn 0.5896 0.2567 0.7659
vn 0.6046 0.1328 0.7854
vn 0.6046 0.1329 0.7854
vn 0.5895 0.2567 0.7659
vn -0.5699 0.6948 0.4387
vn -0.2742 0.6948 0.6649
vn 0.0950 0.6948 0.7129
vn 0.4387 0.6948 0.5699
vn 0.1497 -0.9209 0.3599
vn -0.0504 -0.9206 0.3872
vn -0.2367 -0.9210 0.3095
vn -0.1812 -0.9508 0.2513
vn -0.5104 -0.8497 0.1320
vn -0.3050 -0.9435 0.1299
vn -0.3794 -0.9239 -0.0494
vn -0.6689 -0.7382 -0.0870
vn -0.7155 -0.6916 0.0989
vn -0.7958 -0.5967 -0.1035
vn -0.9716 -0.1982 0.1294
vn -0.9604 -0.2461 0.1304
vn -0.9846 -0.1143 0.1324
vn -0.9872 -0.0906 0.1315
vn 0.9207 -0.0906 0.3796
vn 0.9180 -0.1143 0.3799
vn 0.8951 -0.2462 0.3718
vn 0.9061 -0.1982 0.3737
vn 0.7959 -0.5965 0.1035
vn 0.6665 -0.6914 0.2787
vn 0.6690 -0.7382 0.0870
vn 0.0950 -0.6948 0.7129
vn -0.2742 -0.6948 0.6649
vn -0.2742 -0.6949 0.6648
vn -0.5699 -0.6949 0.4387
vn -0.5699 -0.6948 0.4387
vn 0.1280 -0.2460 0.9608
vn 0.1312 -0.1150 0.9847
vn -0.3695 -0.2459 0.8961
vn -0.3787 -0.1150 0.9183
vn -0.3696 -0.2458 0.8961
vn -0.7681 -0.2458 0.5913
vn -0.7872 -0.1150 0.6059
vn -0.7871 -0.1150 0.6059
vn -0.7681 -0.2460 0.5912
vn 0.4387 -0.6947 0.5700
vn 0.4387 -0.6948 0.5699
vn 0.5912 -0.2460 0.7681
vn 0.6059 -0.1150 0.7872
vn 0.5912 -0.2459 0.7681
vn -0.0853 -0.9838 0.1578
vn -0.2089 -0.9611 0.1806
vn -0.2245 -0.9723 0.0646
vn -0.1055 -0.9932 0.0486
vn -0.2247 -0.9740 -0.0292
vn -0.1138 -0.9934 -0.0148
vn -0.2005 -0.9723 -0.1199
vn -0.2616 -0.9435 -0.2036
vn -0.1557 -0.9611 -0.2280
vn -0.0896 -0.9932 -0.0740
vn -0.4597 -0.8497 -0.2582
vn -0.1109 -0.9508 -0.2892
vn -0.0421 -0.9838 -0.1743
vn -0.0791 0.9930 0.0873
vn -0.1111 0.9930 0.0392
vn -0.1174 0.9930 -0.0153
vn -0.0973 0.9930 -0.0663
vn -0.2362 0.9548 -0.1803
vn -0.1133 0.9550 -0.2741
vn -0.9207 -0.0907 -0.3796
vn -0.9184 0.1146 -0.3788
vn -0.9160 0.1322 -0.3788
vn -0.9179 -0.1144 -0.3799
vn -0.6059 -0.1151 -0.7872
vn -0.6046 0.1328 -0.7854
vn -0.6046 0.1327 -0.7854
vn -0.6059 -0.1150 -0.7872
vn -0.1312 -0.1150 -0.9847
vn -0.1309 0.1328 -0.9825
vn 0.3787 -0.1150 -0.9183
vn 0.3779 0.1328 -0.9163
vn 0.3787 -0.1149 -0.9183
vn 0.7872 -0.1149 -0.6059
vn 0.7854 0.1329 -0.6046
vn 0.7872 -0.1150 -0.6059
vn 0.9846 -0.1142 -0.1324
vn 0.9824 0.1323 -0.1318
vn 0.9847 0.1144 -0.1312
vn 0.9872 -0.0907 -0.1315
vn 0.9716 -0.1982 -0.1295
vn 0.9604 -0.2460 -0.1305
vn 0.7155 -0.6916 -0.0989
vn 0.5105 -0.8497 -0.1320
vn 0.0504 -0.9206 -0.3872
vn -0.1497 -0.9210 -0.3598
vn -0.6665 -0.6914 -0.2787
vn -0.4387 -0.6947 -0.5700
vn -0.4387 -0.6948 -0.5699
vn -0.0950 -0.6948 -0.7129
vn 0.2742 -0.6948 -0.6649
vn 0.2742 -0.6949 -0.6648
vn 0.5699 -0.6949 -0.4387
vn 0.5699 -0.6948 -0.4387
vn -0.8950 -0.2463 -0.3718
vn -0.9061 -0.1983 -0.3737
vn -0.5912 -0.2461 -0.7680
vn -0.5912 -0.2459 -0.7681
vn -0.1280 -0.2460 -0.9608
vn 0.3695 -0.2459 -0.8961
vn 0.3696 -0.2457 -0.8961
vn 0.7681 -0.2457 -0.5913
vn 0.7681 -0.2459 -0.5913
vn 0.5076 0.8516 -0.1307
vn 0.7150 0.6921 -0.0987
vn 0.9577 0.2570 -0.1296
vn 0.9668 0.2205 -0.1289
vn 0.7658 0.2568 -0.5895
vn 0.3685 0.2567 -0.8935
vn -0.1276 0.2567 -0.9580
vn -0.1276 0.2566 -0.9581
vn -0.5896 0.2565 -0.7659
vn -0.5896 0.2566 -0.7659
vn -0.8928 0.2566 -0.3703
vn -0.9016 0.2208 -0.3719
vn -0.6661 0.6920 -0.2784
vn -0.4572 0.8517 -0.2561
vn -0.4387 0.6948 -0.5699
vn -0.0950 0.6948 -0.7129
vn 0.2742 0.6948 -0.6649
vn 0.5699 0.6948 -0.4387
vn -0.1474 0.9234 -0.3544
vn 0.0495 0.9234 -0.3807
vn 0.2332 0.9234 -0.3049
vn -0.0866 0.9551 -0.2834
vn -0.0345 0.9930 -0.1131
vn 0.0360 0.9930 -0.1122
vn 0.0662 0.9550 -0.2892
vn 0.0850 0.9930 -0.0816
vn 0.2031 0.9548 -0.2172
vn 0.1133 0.9930 -0.0346
vn 0.3278 0.9394 -0.1001
vn 0.1160 0.9930 0.0202
vn 0.2898 0.9548 0.0666
vn -0.0925 0.9930 -0.0729
vn 0.0866 0.9551 0.2834
vn 0.2165 0.9550 0.2029
vn 0.0925 0.9930 0.0729
vn 0.0345 0.9930 0.1131
vn 0.3223 -0.9435 0.0774
vn 0.2321 -0.9723 0.0264
vn 0.2168 -0.9740 -0.0662
vn 0.3659 -0.9239 -0.1118
vn 0.1097 -0.9934 -0.0335
vn 0.1777 -0.9723 -0.1516
vn 0.0760 -0.9932 -0.0878
vn 0.2360 -0.9611 0.1434
vn 0.1121 -0.9932 0.0304
vn 0.5253 -0.8497 0.0452
vn 0.2205 -0.9508 0.2176
vn 0.0662 -0.9740 0.2168
vn 0.0967 -0.9436 0.3166
vn 0.0339 -0.9932 0.1110
vn 0.1103 -0.9838 0.1414
vn 0.0125 -0.9838 -0.1789
vn 0.1156 -0.9611 -0.2508
vn -0.0662 -0.9740 -0.2168
vn -0.0339 -0.9932 -0.1110
vn -0.0967 -0.9436 -0.3166
vn 0.0612 -0.9508 -0.3037
vn 0.0878 -0.9210 -0.3796
vn 0.2241 -0.9435 -0.2443
vn -0.8426 0.1144 0.5262
vn -0.8402 0.1323 0.5258
vn -0.8187 0.2568 0.5136
vn -0.8273 0.2205 0.5167
vn -0.7557 0.6129 0.2308
vn -0.6105 0.6920 0.3852
vn -0.6322 0.7503 0.1931
vn -0.4083 0.8516 0.3286
vn -0.3278 0.9394 0.1001
vn -0.2031 0.9548 0.2172
vn -0.0865 0.9234 0.3741
vn -0.0662 0.9550 0.2892
vn 0.1121 0.9234 0.3672
vn 0.2808 0.9233 0.2620
vn 0.5223 0.8516 0.0444
vn 0.6322 0.7504 -0.1931
vn 0.7215 0.6920 -0.0216
vn 0.7557 0.6129 -0.2308
vn 0.9748 0.2203 -0.0337
vn 0.9659 0.2570 -0.0315
vn 0.9906 0.1323 -0.0334
vn 0.9928 0.1143 -0.0344
vn -0.4540 0.2567 0.8532
vn -0.4656 0.1328 0.8750
vn -0.4655 0.1329 0.8750
vn -0.4540 0.2568 0.8532
vn 0.0335 0.2568 0.9659
vn 0.0343 0.1329 0.9905
vn 0.0343 0.1328 0.9905
vn 0.5119 0.2568 0.8198
vn 0.5250 0.1329 0.8407
vn 0.8532 0.2568 0.4540
vn 0.8750 0.1329 0.4656
vn 0.8750 0.1329 0.4655
vn -0.3378 0.6948 0.6350
vn -0.3378 0.6948 0.6349
vn 0.0249 0.6948 0.7188
vn 0.3809 0.6948 0.6100
vn 0.6349 0.6948 0.3378
vn 0.2849 -0.9210 0.2658
vn 0.1140 -0.9206 0.3734
vn -0.0878 -0.9210 0.3796
vn -0.0612 -0.9508 0.3036
vn -0.4104 -0.8497 0.3310
vn -0.2240 -0.9435 0.2443
vn -0.3660 -0.9239 0.1118
vn -0.6451 -0.7383 0.1970
vn -0.6108 -0.6915 0.3856
vn -0.7674 -0.5968 0.2344
vn -0.8314 -0.1980 0.5192
vn -0.8208 -0.2460 0.5155
vn -0.8420 -0.1142 0.5272
vn -0.8447 -0.0905 0.5275
vn 0.9953 -0.0905 -0.0345
vn 0.9929 -0.1143 -0.0332
vn 0.9687 -0.2461 -0.0311
vn 0.9796 -0.1980 -0.0339
vn 0.7674 -0.5968 -0.2344
vn 0.7221 -0.6915 -0.0215
vn 0.6451 -0.7383 -0.1970
vn 0.3809 -0.6948 0.6100
vn 0.3810 -0.6948 0.6100
vn 0.0249 -0.6948 0.7188
vn -0.3378 -0.6948 0.6349
vn 0.5134 -0.2459 0.8221
vn 0.5262 -0.1150 0.8426
vn 0.5134 -0.2460 0.8221
vn 0.0336 -0.2460 0.9687
vn 0.0344 -0.1150 0.9928
vn 0.0344 -0.1149 0.9928
vn 0.0336 -0.2458 0.9687
vn -0.4553 -0.2458 0.8557
vn -0.4666 -0.1149 0.8770
vn -0.4666 -0.1150 0.8770
vn -0.4553 -0.2459 0.8557
vn 0.6350 -0.6948 0.3378
vn 0.6349 -0.6948 0.3378
vn 0.8557 -0.2460 0.4553
vn 0.8770 -0.1150 0.4666
vn 0.8557 -0.2459 0.4553
vn -0.0125 -0.9838 0.1789
vn -0.1156 -0.9611 0.2508
vn -0.1777 -0.9723 0.1516
vn -0.0760 -0.9932 0.0878
vn -0.2168 -0.9740 0.0662
vn -0.1097 -0.9934 0.0335
vn -0.2321 -0.9723 -0.0264
vn -0.3223 -0.9435 -0.0774
vn -0.2360 -0.9611 -0.1434
vn -0.1121 -0.9932 -0.0303
vn -0.5253 -0.8497 -0.0452
vn -0.2205 -0.9508 -0.2176
vn -0.1103 -0.9838 -0.1414
vn -0.0360 0.9930 0.1122
vn -0.0850 0.9930 0.0816
vn -0.1133 0.9930 0.0346
vn -0.1160 0.9930 -0.0202
vn -0.2898 0.9548 -0.0666
vn -0.2165 0.9550 -0.2029
vn -0.9953 -0.0906 0.0345
vn -0.9928 0.1144 0.0344
vn -0.9907 0.1323 0.0334
vn -0.9929 -0.1143 0.0332
vn -0.8770 -0.1150 -0.4666
vn -0.8750 0.1328 -0.4656
vn -0.5262 -0.1150 -0.8426
vn -0.5250 0.1328 -0.8407
vn -0.0344 -0.1150 -0.9928
vn -0.0343 0.1329 -0.9905
vn 0.4666 -0.1150 -0.8770
vn 0.4655 0.1329 -0.8750
vn 0.4666 -0.1149 -0.8770
vn 0.8420 -0.1142 -0.5272
vn 0.8402 0.1323 -0.5258
vn 0.8426 0.1144 -0.5262
vn 0.8447 -0.0905 -0.5275
vn 0.8314 -0.1980 -0.5192
vn 0.8208 -0.2460 -0.5155
vn 0.6109 -0.6915 -0.3856
vn 0.4104 -0.8497 -0.3311
vn -0.1140 -0.9206 -0.3735
vn -0.2849 -0.9210 -0.2658
vn -0.7221 -0.6915 0.0215
vn -0.6350 -0.6948 -0.3378
vn -0.6349 -0.6948 -0.3378
vn -0.3809 -0.6948 -0.6100
vn -0.0249 -0.6948 -0.7188
vn 0.3378 -0.6948 -0.6349
vn -0.9687 -0.2461 0.0311
vn -0.9796 -0.1980 0.0339
vn -0.8557 -0.2460 -0.4553
vn -0.8557 -0.2459 -0.4553
vn -0.5134 -0.2459 -0.8221
vn -0.5134 -0.2459 -0.8222
vn -0.0336 -0.2459 -0.9687
vn 0.4553 -0.2459 -0.8557
vn 0.4553 -0.2458 -0.8557
vn 0.4083 0.8516 -0.3287
vn 0.6105 0.6920 -0.3852
vn 0.8187 0.2569 -0.5136
vn 0.8273 0.2203 -0.5167
vn 0.4540 0.2568 -0.8532
vn -0.0335 0.2568 -0.9659
vn -0.5119 0.2567 -0.8198
vn -0.8532 0.2567 -0.4540
vn -0.9659 0.2569 0.0315
vn -0.9748 0.2205 0.0337
vn -0.7215 0.6920 0.0216
vn -0.5223 0.8516 -0.0444
vn -0.6349 0.6948 -0.3378
vn -0.3810 0.6948 -0.6100
vn -0.3809 0.6948 -0.6100
vn -0.0249 0.6948 -0.7188
vn 0.3378 0.6948 -0.6349
vn -0.2807 0.9233 -0.2620
vn -0.1121 0.9234 -0.3672
vn 0.0865 0.9234 -0.3741
vn 0.2422 0.9551 -0.1707
vn 0.0966 0.9930 -0.0681
vn 0.1178 0.9930 -0.0008
vn 0.2954 0.9550 -0.0274
vn 0.1040 0.9930 0.0552
vn 0.2697 0.9548 0.1251
vn 0.0682 0.9930 0.0968
vn 0.1975 0.9394 0.2801
vn 0.0171 0.9930 0.1165
vn 0.0272 0.9548 0.2961
vn -0.0000 1.0000 -0.0000
vn 0.0404 0.9930 -0.1107
vn -0.2422 0.9551 0.1707
vn -0.1251 0.9550 0.2690
vn -0.0404 0.9930 0.1107
vn -0.0966 0.9930 0.0681
vn 0.0271 -0.9435 0.3304
vn 0.0474 -0.9723 0.2287
vn 0.1306 -0.9740 0.1852
vn 0.2205 -0.9239 0.3127
vn 0.0661 -0.9934 0.0938
vn 0.1995 -0.9723 0.1215
vn 0.1072 -0.9932 0.0448
vn -0.0625 -0.9611 0.2690
vn 0.0062 -0.9932 0.1160
vn 0.1211 -0.8497 0.5132
vn -0.1379 -0.9508 0.2774
vn -0.1852 -0.9740 0.1306
vn -0.2706 -0.9436 0.1907
vn -0.0948 -0.9932 0.0668
vn -0.0999 -0.9838 0.1490
vn 0.1739 -0.9838 -0.0440
vn 0.2743 -0.9611 0.0315
vn 0.1852 -0.9740 -0.1306
vn 0.0948 -0.9932 -0.0668
vn 0.2706 -0.9436 -0.1907
vn 0.3076 -0.9508 -0.0366
vn 0.3880 -0.9210 -0.0352
vn 0.3020 -0.9435 0.1366
vn -0.7630 0.1145 -0.6362
vn -0.7619 0.1323 -0.6340
vn -0.7435 0.2569 -0.6174
vn -0.7492 0.2206 -0.6245
vn -0.4552 0.6129 -0.6458
vn -0.5566 0.6920 -0.4597
vn -0.3809 0.7504 -0.5403
vn -0.4398 0.8516 -0.2853
vn -0.2698 0.9548 -0.1251
vn -0.1975 0.9394 -0.2801
vn -0.3824 0.9233 0.0347
vn -0.2954 0.9550 0.0275
vn -0.3138 0.9234 0.2212
vn -0.1612 0.9234 0.3485
vn 0.1209 0.8516 0.5100
vn 0.3809 0.7503 0.5403
vn 0.2459 0.6920 0.6787
vn 0.4553 0.6128 0.6459
vn 0.3364 0.2206 0.9155
vn 0.3316 0.2569 0.9078
vn 0.3411 0.1323 0.9307
vn 0.3427 0.1145 0.9324
vn -0.9523 0.2568 -0.1648
vn -0.9766 0.1329 -0.1690
vn -0.9071 0.2568 0.3334
vn -0.9303 0.1329 0.3419
vn -0.9303 0.1328 0.3419
vn -0.9071 0.2567 0.3334
vn -0.6189 0.2567 0.7423
vn -0.6347 0.1328 0.7613
vn -0.1648 0.2567 0.9523
vn -0.1690 0.1328 0.9766
vn -0.7087 0.6948 -0.1227
vn -0.6751 0.6948 0.2481
vn -0.4605 0.6948 0.5524
vn -0.4606 0.6948 0.5524
vn -0.1227 0.6948 0.7087
vn -0.1635 -0.9210 0.3537
vn -0.3192 -0.9206 0.2250
vn -0.3881 -0.9209 0.0352
vn -0.3077 -0.9508 0.0366
vn -0.4427 -0.8497 -0.2865
vn -0.3021 -0.9435 -0.1366
vn -0.2205 -0.9239 -0.3127
vn -0.3886 -0.7382 -0.5513
vn -0.5571 -0.6915 -0.4599
vn -0.4623 -0.5967 -0.6559
vn -0.7528 -0.1982 -0.6277
vn -0.7460 -0.2462 -0.6188
vn -0.7638 -0.1143 -0.6353
vn -0.7649 -0.0907 -0.6378
vn 0.3436 -0.0906 0.9347
vn 0.3416 -0.1143 0.9329
vn 0.3320 -0.2461 0.9106
vn 0.3381 -0.1981 0.9200
vn 0.4623 -0.5967 0.6559
vn 0.2459 -0.6915 0.6792
vn 0.3887 -0.7382 0.5513
vn -0.4606 -0.6948 0.5524
vn -0.4605 -0.6948 0.5524
vn -0.6750 -0.6948 0.2481
vn -0.6751 -0.6948 0.2481
vn -0.7087 -0.6948 -0.1227
vn -0.7087 -0.6948 -0.1226
vn -0.6207 -0.2459 0.7445
vn -0.6361 -0.1150 0.7630
vn -0.9098 -0.2459 0.3344
vn -0.9324 -0.1150 0.3427
vn -0.9098 -0.2460 0.3344
vn -0.9551 -0.2459 -0.1653
vn -0.9788 -0.1150 -0.1694
vn -0.9551 -0.2460 -0.1653
vn -0.1226 -0.6948 0.7087
vn -0.1227 -0.6948 0.7087
vn -0.1653 -0.2459 0.9551
vn -0.1694 -0.1150 0.9788
vn -0.1739 -0.9838 0.0440
vn -0.2743 -0.9611 -0.0315
vn -0.1995 -0.9723 -0.1215
vn -0.1072 -0.9932 -0.0448
vn -0.1306 -0.9740 -0.1852
vn -0.0661 -0.9934 -0.0938
vn -0.0474 -0.9723 -0.2287
vn -0.0271 -0.9435 -0.3304
vn 0.0625 -0.9611 -0.2690
vn -0.0062 -0.9932 -0.1160
vn -0.1211 -0.8497 -0.5132
vn 0.1379 -0.9508 -0.2774
vn 0.0999 -0.9838 -0.1490
vn -0.1178 0.9930 0.0008
vn -0.1040 0.9930 -0.0552
vn -0.0682 0.9930 -0.0968
vn -0.0171 0.9930 -0.1165
vn -0.0272 0.9548 -0.2961
vn 0.1251 0.9550 -0.2690
vn -0.3436 -0.0906 -0.9347
vn -0.3427 0.1144 -0.9324
vn -0.3411 0.1323 -0.9307
vn -0.3416 -0.1143 -0.9329
vn 0.1694 -0.1150 -0.9788
vn 0.1690 0.1328 -0.9766
vn 0.6361 -0.1150 -0.7630
vn 0.6347 0.1328 -0.7613
vn 0.6347 0.1329 -0.7613
vn 0.9324 -0.1150 -0.3427
vn 0.9303 0.1329 -0.3419
vn 0.9788 -0.1150 0.1694
vn 0.9766 0.1329 0.1690
vn 0.9766 0.1328 0.1690
vn 0.9788 -0.1149 0.1694
vn 0.7638 -0.1142 0.6353
vn 0.7619 0.1323 0.6340
vn 0.7630 0.1145 0.6362
vn 0.7649 -0.0906 0.6378
vn 0.7528 -0.1982 0.6277
vn 0.7461 -0.2460 0.6188
vn 0.5571 -0.6915 0.4599
vn 0.4426 -0.8497 0.2865
vn 0.3192 -0.9206 -0.2250
vn 0.1635 -0.9210 -0.3536
vn -0.2459 -0.6915 -0.6792
vn 0.1226 -0.6948 -0.7087
vn 0.1227 -0.6948 -0.7087
vn 0.4606 -0.6948 -0.5524
vn 0.4605 -0.6948 -0.5524
vn 0.6750 -0.6948 -0.2481
vn 0.6751 -0.6948 -0.2481
vn 0.7087 -0.6948 0.1227
vn 0.7087 -0.6948 0.1226
vn -0.3320 -0.2461 -0.9106
vn -0.3381 -0.1982 -0.9200
vn 0.1653 -0.2459 -0.9551
vn 0.1653 -0.2460 -0.9551
vn 0.6207 -0.2460 -0.7445
vn 0.6207 -0.2459 -0.7445
vn 0.9098 -0.2459 -0.3344
vn 0.9551 -0.2459 0.1653
vn 0.9551 -0.2458 0.1653
vn 0.4397 0.8516 0.2853
vn 0.5566 0.6920 0.4597
vn 0.7435 0.2569 0.6174
vn 0.7492 0.2207 0.6245
vn 0.9523 0.2567 0.1648
vn 0.9523 0.2568 0.1648
vn 0.9071 0.2568 -0.3334
vn 0.6189 0.2568 -0.7423
vn 0.6189 0.2566 -0.7424
vn 0.1648 0.2567 -0.9523
vn -0.3316 0.2569 -0.9078
vn -0.3364 0.2206 -0.9155
vn -0.2459 0.6920 -0.6787
vn -0.1209 0.8516 -0.5100
vn 0.1227 0.6948 -0.7087
vn 0.4605 0.6948 -0.5524
vn 0.4606 0.6948 -0.5524
vn 0.6751 0.6948 -0.2481
vn 0.7087 0.6948 0.1227
vn 0.1611 0.9234 -0.3484
vn 0.3138 0.9234 -0.2212
vn 0.3823 0.9234 -0.0347
vn -0.9038 -0.2507 -0.3468
vn -0.9265 -0.1236 -0.3555
vn -0.9265 -0.1235 -0.3555
vn -0.9038 -0.2506 -0.3468
vn -0.6093 -0.2506 -0.7523
vn -0.6246 -0.1235 -0.7711
vn -0.6246 -0.1236 -0.7711
vn -0.1516 -0.2506 -0.9562
vn -0.1553 -0.1235 -0.9801
vn -0.1515 -0.2505 -0.9562
vn 0.3468 -0.2505 -0.9039
vn 0.3555 -0.1235 -0.9265
vn 0.3468 -0.2506 -0.9038
vn 0.7523 -0.2506 -0.6093
vn 0.7711 -0.1235 -0.6246
vn 0.7523 -0.2505 -0.6093
vn 0.9562 -0.2505 -0.1515
vn 0.9801 -0.1235 -0.1553
vn 0.9801 -0.1236 -0.1554
vn 0.9561 -0.2507 -0.1516
vn 0.7104 -0.6947 -0.1126
vn 0.5589 -0.6947 -0.4527
vn 0.2577 -0.6948 -0.6715
vn 0.2577 -0.6947 -0.6715
vn -0.1126 -0.6947 -0.7104
vn -0.4527 -0.6947 -0.5589
vn -0.6715 -0.6947 -0.2577
vn -0.2574 -0.9659 -0.0270
vn -0.2094 -0.9659 -0.1521
vn -0.1228 -0.9884 -0.0892
vn -0.1509 -0.9884 -0.0158
vn 0.2574 -0.9659 0.0270
vn 0.1509 -0.9884 0.0158
vn 0.1386 -0.9884 -0.0617
vn 0.2364 -0.9659 -0.1053
vn 0.0892 -0.9884 -0.1228
vn 0.1521 -0.9659 -0.2094
vn 0.0158 -0.9884 -0.1509
vn 0.0270 -0.9659 -0.2574
vn -0.0617 -0.9884 -0.1386
vn -0.1053 -0.9659 -0.2364
vn -0.9877 0.0000 0.1566
vn -0.9801 -0.1236 0.1554
vn -0.9801 -0.1235 0.1553
vn -0.7771 0.0000 0.6294
vn -0.7711 -0.1235 0.6246
vn -0.7711 -0.1236 0.6246
vn -0.3583 0.0000 0.9336
vn -0.3555 -0.1236 0.9265
vn -0.3555 -0.1235 0.9265
vn 0.1565 0.0000 0.9877
vn 0.1554 -0.1235 0.9801
vn 0.1553 -0.1235 0.9801
vn 0.6294 0.0000 0.7771
vn 0.6246 -0.1235 0.7711
vn 0.9336 0.0000 0.3583
vn 0.9265 -0.1235 0.3555
vn 0.9265 -0.1236 0.3555
vn -0.9336 0.0000 -0.3583
vn -0.6294 0.0000 -0.7771
vn -0.1565 0.0000 -0.9877
vn 0.3583 0.0000 -0.9336
vn 0.7771 0.0000 -0.6294
vn 0.9877 0.0000 -0.1566
vn -0.9561 -0.2507 0.1516
vn -0.9562 -0.2505 0.1515
vn -0.7523 -0.2506 0.6093
vn -0.3468 -0.2506 0.9038
vn 0.1516 -0.2506 0.9562
vn 0.1516 -0.2505 0.9562
vn 0.6093 -0.2505 0.7523
vn 0.6093 -0.2506 0.7523
vn 0.9038 -0.2506 0.3468
vn 0.9038 -0.2507 0.3468
vn 0.6715 -0.6947 0.2577
vn 0.2094 -0.9659 0.1521
vn 0.1228 -0.9884 0.0892
vn -0.7104 -0.6947 0.1126
vn -0.5589 -0.6947 0.4527
vn -0.2577 -0.6948 0.6715
vn -0.2577 -0.6947 0.6715
vn 0.1126 -0.6947 0.7104
vn 0.4527 -0.6947 0.5589
vn -0.1386 -0.9884 0.0617
vn -0.2364 -0.9659 0.1053
vn -0.0892 -0.9884 0.1228
vn -0.1521 -0.9659 0.2094
vn -0.0158 -0.9884 0.1509
vn -0.0270 -0.9659 0.2574
vn 0.0617 -0.9884 0.1386
vn 0.1053 -0.9659 0.2364
vn -0.9578 -0.2694 -0.1006
vn -0.9848 -0.1393 -0.1034
vn -0.9253 -0.1328 -0.3551
vn -0.9023 -0.2571 -0.3462
vn -0.6083 -0.2567 -0.7510
vn -0.6238 -0.1328 -0.7702
vn -0.1513 -0.2567 -0.9546
vn -0.1552 -0.1328 -0.9789
vn 0.3463 -0.2567 -0.9023
vn 0.3551 -0.1328 -0.9253
vn 0.7510 -0.2567 -0.6083
vn 0.7702 -0.1328 -0.6238
vn 0.9545 -0.2570 -0.1513
vn 0.9789 -0.1328 -0.1552
vn 0.9848 -0.1393 0.1034
vn 0.9578 -0.2694 0.1006
vn 0.7102 -0.6948 -0.1132
vn 0.7063 -0.6990 -0.1117
vn 0.7059 -0.6995 -0.1116
vn 0.7099 -0.6952 -0.1130
vn -0.1126 -0.6948 -0.7104
vn -0.4527 -0.6948 -0.5589
vn -0.6712 -0.6948 -0.2582
vn -0.6709 -0.6952 -0.2580
vn -0.6673 -0.6995 -0.2557
vn -0.6677 -0.6990 -0.2560
vn -0.2555 -0.9664 -0.0268
vn -0.2093 -0.9659 -0.1523
vn -0.1227 -0.9884 -0.0893
vn -0.1497 -0.9886 -0.0157
vn 0.2363 -0.9659 -0.1055
vn 0.2555 -0.9664 0.0268
vn 0.1497 -0.9886 0.0157
vn 0.1386 -0.9884 -0.0618
vn -0.5571 0.8284 -0.0585
vn -0.4813 0.8030 -0.3513
vn -0.7712 0.6314 -0.0810
vn -0.7239 0.5575 -0.4065
vn -0.9379 0.3327 -0.0985
vn -0.9270 0.1154 -0.3568
vn -0.9915 0.0781 -0.1041
vn -0.2402 0.8053 -0.5420
vn -0.2871 0.7085 -0.6447
vn 0.0617 0.8065 -0.5880
vn 0.0737 0.7085 -0.7018
vn 0.3475 0.8054 -0.4803
vn 0.4147 0.7086 -0.5709
vn 0.5438 0.8030 -0.2437
vn 0.7925 0.5575 -0.2472
vn 0.7713 0.6314 0.0810
vn 0.5572 0.8283 0.0585
vn 0.9378 0.3329 0.0985
vn 0.9915 0.0783 0.1041
vn 0.9809 0.1154 -0.1565
vn 0.7528 0.2480 -0.6098
vn 0.7718 0.1160 -0.6252
vn 0.7718 0.1161 -0.6252
vn 0.7528 0.2481 -0.6097
vn 0.3471 0.2481 -0.9044
vn 0.3558 0.1161 -0.9273
vn 0.3558 0.1160 -0.9273
vn -0.1517 0.2481 -0.9568
vn -0.1555 0.1161 -0.9810
vn -0.6097 0.2480 -0.7528
vn -0.6252 0.1160 -0.7718
vn -0.6098 0.2479 -0.7528
vn -0.9789 -0.1328 0.1552
vn -0.9810 0.1150 0.1565
vn -0.7719 0.1156 0.6252
vn -0.7702 -0.1328 0.6238
vn -0.7719 0.1154 0.6252
vn -0.3559 0.1154 0.9274
vn -0.3551 -0.1328 0.9253
vn -0.3559 0.1155 0.9274
vn 0.1555 0.1155 0.9811
vn 0.1552 -0.1328 0.9789
vn 0.6252 0.1155 0.7719
vn 0.6238 -0.1328 0.7702
vn 0.6252 0.1154 0.7719
vn 0.9271 0.1147 0.3568
vn 0.9253 -0.1328 0.3551
vn -0.5439 0.8030 0.2438
vn -0.7927 0.5572 0.2473
vn -0.4148 0.7085 0.5710
vn -0.3475 0.8053 0.4803
vn -0.0737 0.7085 0.7018
vn -0.0617 0.8065 0.5880
vn 0.2871 0.7085 0.6447
vn 0.2402 0.8053 0.5420
vn 0.7241 0.5571 0.4066
vn 0.4813 0.8031 0.3513
vn -0.7530 0.2471 0.6099
vn -0.7530 0.2467 0.6100
vn -0.3472 0.2468 0.9047
vn -0.3472 0.2469 0.9047
vn 0.1517 0.2470 0.9571
vn 0.1517 0.2469 0.9571
vn 0.6099 0.2469 0.7530
vn 0.6100 0.2467 0.7531
vn 0.1227 -0.9884 0.0893
vn -0.1386 -0.9884 0.0618
vn -0.9545 -0.2571 0.1512
vn -0.7102 -0.6948 0.1132
vn -0.7063 -0.6990 0.1117
vn -0.7059 -0.6995 0.1116
vn -0.7099 -0.6952 0.1130
vn -0.2363 -0.9659 0.1055
vn 0.2093 -0.9659 0.1523
vn 0.6673 -0.6995 0.2557
vn 0.6677 -0.6990 0.2560
vn 0.6712 -0.6948 0.2582
vn 0.6709 -0.6952 0.2580
vn 0.4527 -0.6948 0.5589
vn 0.1126 -0.6948 0.7104
vn 0.9023 -0.2571 0.3462
vn 0.6083 -0.2567 0.7510
vn 0.1513 -0.2567 0.9546
vn -0.3463 -0.2567 0.9023
vn -0.7510 -0.2567 0.6083
vn -0.4097 0.9112 -0.0430
vn -0.3502 0.9245 -0.1504
vn -0.3738 0.9245 0.0744
vn -0.3135 0.9490 -0.0329
vn -0.1717 0.9850 -0.0180
vn -0.1425 0.9842 -0.1048
vn -0.2670 0.9267 -0.2644
vn -0.0719 0.9836 -0.1653
vn -0.1326 0.9276 -0.3492
vn 0.0190 0.9833 -0.1810
vn 0.0390 0.9276 -0.3716
vn 0.1046 0.9836 -0.1468
vn 0.2022 0.9276 -0.3140
vn 0.3161 0.9267 -0.2032
vn 0.3738 0.9245 -0.0744
vn 0.4097 0.9112 0.0430
vn 0.1717 0.9850 0.0180
vn 0.3135 0.9490 0.0329
vn 0.1611 0.9842 -0.0729
vn 0.1425 0.9842 0.1048
vn 0.3502 0.9245 0.1504
vn 0.2670 0.9267 0.2644
vn 0.0719 0.9836 0.1653
vn 0.1326 0.9276 0.3492
vn -0.0190 0.9833 0.1810
vn -0.0390 0.9276 0.3716
vn -0.1046 0.9836 0.1468
vn -0.2022 0.9276 0.3140
vn -0.3161 0.9267 0.2032
vn -0.1611 0.9842 0.0729
vn -0.4632 0.0000 -0.8863
vn -0.8443 0.0000 -0.5359
vn -0.9991 0.0000 -0.0420
vn -0.8863 0.0000 0.4632
vn -0.5359 0.0000 0.8443
vn -0.0420 0.0000 0.9991
vn 0.4632 0.0000 0.8863
vn 0.8443 0.0000 0.5359
vn 0.9991 0.0000 0.0420
vn 0.8863 0.0000 -0.4632
vn 0.5359 0.0000 -0.8443
vn 0.0420 0.0000 -0.9991
vn -0.0382 0.9551 -0.2939
vn -0.1797 0.9550 -0.2360
vn -0.0791 0.9930 -0.0873
vn -0.0153 0.9930 -0.1173
vn -0.1111 0.9930 -0.0392
vn -0.2747 0.9548 -0.1139
vn -0.3399 0.9394 0.0442
vn -0.1174 0.9930 0.0153
vn -0.0973 0.9930 0.0663
vn -0.2363 0.9548 0.1804
vn -0.1133 0.9550 0.2742
vn -0.0541 0.9930 0.1046
vn 0.0382 0.9551 0.2939
vn 0.0153 0.9930 0.1173
vn 0.0791 0.9930 0.0873
vn 0.0427 -0.9436 0.3283
vn -0.1110 -0.9508 0.2893
vn 0.0292 -0.9740 0.2248
vn -0.1557 -0.9611 0.2280
vn -0.0421 -0.9838 0.1744
vn -0.2005 -0.9723 0.1199
vn -0.0896 -0.9932 0.0740
vn -0.2248 -0.9740 0.0292
vn -0.1138 -0.9934 0.0148
vn -0.3794 -0.9239 0.0493
vn -0.2245 -0.9723 -0.0646
vn -0.3050 -0.9434 -0.1299
vn -0.1497 -0.9209 0.3599
vn -0.2616 -0.9435 0.2036
vn -0.2089 -0.9611 -0.1806
vn -0.1055 -0.9932 -0.0486
vn -0.5105 -0.8497 -0.1320
vn -0.1812 -0.9508 -0.2513
vn -0.0292 -0.9740 -0.2248
vn -0.0427 -0.9436 -0.3283
vn -0.0150 -0.9932 -0.1151
vn -0.0853 -0.9838 -0.1578
vn 0.0150 -0.9932 0.1151
vn -0.9184 0.1144 0.3788
vn -0.9160 0.1323 0.3788
vn -0.8927 0.2569 0.3703
vn -0.9017 0.2205 0.3719
vn -0.7835 0.6130 0.1019
vn -0.6661 0.6920 0.2784
vn -0.6555 0.7504 0.0853
vn -0.4573 0.8516 0.2562
vn -0.1475 0.9234 0.3545
vn 0.0495 0.9234 0.3807
vn 0.2332 0.9234 0.3048
vn 0.1796 0.9550 0.2360
vn 0.5076 0.8516 0.1307
vn 0.2746 0.9548 0.1139
vn 0.3399 0.9394 -0.0442
vn 0.6556 0.7503 -0.0853
vn 0.7150 0.6921 0.0987
vn 0.7836 0.6129 -0.1019
vn 0.9668 0.2207 0.1289
vn 0.9577 0.2570 0.1295
vn 0.9824 0.1323 0.1318
vn 0.9847 0.1145 0.1312
vn -0.5895 0.2568 0.7658
vn -0.6046 0.1329 0.7854
vn -0.6046 0.1328 0.7854
vn -0.5895 0.2567 0.7659
vn -0.1276 0.2567 0.9580
vn -0.1309 0.1328 0.9825
vn -0.1309 0.1329 0.9824
vn -0.1276 0.2568 0.9580
vn 0.3685 0.2568 0.8935
vn 0.3779 0.1329 0.9163
vn 0.3779 0.1328 0.9163
vn 0.7658 0.2568 0.5895
vn 0.7854 0.1329 0.6046
vn 0.7658 0.2569 0.5895
vn -0.4387 0.6948 0.5699
vn -0.0950 0.6948 0.7129
vn 0.2742 0.6948 0.6649
vn 0.5699 0.6948 0.4387
vn -0.6690 -0.7382 0.0870
vn -0.4597 -0.8497 0.2582
vn 0.0504 -0.9206 0.3872
vn 0.1812 -0.9508 0.2513
vn 0.2368 -0.9209 0.3095
vn 0.3050 -0.9435 0.1299
vn 0.5104 -0.8497 0.1320
vn 0.3794 -0.9239 -0.0494
vn 0.6689 -0.7382 -0.0870
vn 0.7155 -0.6916 0.0989
vn 0.5699 -0.6948 0.4387
vn 0.5699 -0.6949 0.4387
vn 0.2742 -0.6949 0.6648
vn 0.2742 -0.6948 0.6649
vn -0.0950 -0.6948 0.7129
vn -0.4387 -0.6948 0.5699
vn -0.4387 -0.6947 0.5700
vn -0.6665 -0.6914 0.2787
vn -0.7959 -0.5965 0.1035
vn -0.9061 -0.1982 0.3737
vn -0.8951 -0.2462 0.3718
vn -0.9180 -0.1143 0.3799
vn -0.9207 -0.0906 0.3797
vn 0.9872 -0.0906 0.1315
vn 0.9846 -0.1142 0.1324
vn 0.9604 -0.2460 0.1305
vn 0.9716 -0.1982 0.1295
vn 0.7958 -0.5967 -0.1035
vn -0.6059 -0.1150 0.7872
vn -0.5912 -0.2460 0.7681
vn -0.5913 -0.2459 0.7681
vn -0.1312 -0.1150 0.9847
vn -0.1280 -0.2460 0.9608
vn 0.3787 -0.1149 0.9183
vn 0.3787 -0.1150 0.9183
vn 0.3696 -0.2459 0.8961
vn 0.3696 -0.2457 0.8961
vn 0.7872 -0.1150 0.6059
vn 0.7872 -0.1149 0.6060
vn 0.7681 -0.2457 0.5913
vn 0.7681 -0.2459 0.5913
vn 0.2089 -0.9611 0.1806
vn 0.1055 -0.9932 0.0486
vn 0.2245 -0.9723 0.0646
vn 0.2247 -0.9740 -0.0292
vn 0.1138 -0.9934 -0.0148
vn 0.2005 -0.9723 -0.1199
vn 0.0896 -0.9932 -0.0740
vn 0.0853 -0.9838 0.1578
vn 0.0421 -0.9838 -0.1743
vn 0.1557 -0.9611 -0.2280
vn 0.1109 -0.9508 -0.2892
vn 0.1497 -0.9210 -0.3598
vn 0.2616 -0.9435 -0.2036
vn 0.1111 0.9930 0.0392
vn 0.1174 0.9930 -0.0153
vn 0.2362 0.9548 -0.1803
vn 0.0973 0.9930 -0.0663
vn 0.1133 0.9550 -0.2741
vn 0.0541 0.9930 -0.1046
vn 0.9184 0.1146 -0.3788
vn 0.9207 -0.0907 -0.3797
vn 0.9180 -0.1143 -0.3799
vn 0.9160 0.1322 -0.3788
vn 0.6046 0.1328 -0.7854
vn 0.6059 -0.1150 -0.7872
vn 0.6059 -0.1149 -0.7872
vn 0.6046 0.1327 -0.7854
vn 0.1309 0.1328 -0.9825
vn 0.1312 -0.1149 -0.9847
vn 0.1312 -0.1150 -0.9847
vn -0.3779 0.1328 -0.9163
vn -0.3787 -0.1150 -0.9183
vn -0.7854 0.1329 -0.6046
vn -0.7872 -0.1151 -0.6059
vn -0.7872 -0.1150 -0.6059
vn -0.9824 0.1323 -0.1318
vn -0.9846 -0.1143 -0.1324
vn -0.9872 -0.0906 -0.1315
vn -0.9847 0.1144 -0.1312
vn -0.7155 -0.6916 -0.0989
vn -0.9604 -0.2461 -0.1304
vn -0.9716 -0.1982 -0.1294
vn 0.9061 -0.1983 -0.3737
vn 0.8951 -0.2462 -0.3718
vn 0.5912 -0.2460 -0.7681
vn 0.5913 -0.2457 -0.7681
vn 0.1280 -0.2458 -0.9608
vn 0.1280 -0.2460 -0.9608
vn -0.3695 -0.2459 -0.8961
vn -0.3695 -0.2460 -0.8961
vn -0.7681 -0.2461 -0.5912
vn -0.7681 -0.2460 -0.5912
vn 0.6665 -0.6914 -0.2787
vn 0.4597 -0.8497 -0.2582
vn 0.4387 -0.6947 -0.5700
vn 0.4387 -0.6948 -0.5699
vn 0.0950 -0.6948 -0.7129
vn -0.2742 -0.6948 -0.6649
vn -0.2742 -0.6949 -0.6648
vn -0.5699 -0.6949 -0.4387
vn -0.5699 -0.6948 -0.4387
vn -0.0504 -0.9206 -0.3872
vn -0.2368 -0.9209 -0.3095
vn -0.9668 0.2205 -0.1289
vn -0.9577 0.2570 -0.1296
vn -0.7658 0.2568 -0.5895
vn -0.3685 0.2567 -0.8935
vn 0.1276 0.2567 -0.9580
vn 0.1276 0.2566 -0.9581
vn 0.5896 0.2565 -0.7659
vn 0.5896 0.2566 -0.7659
vn 0.8928 0.2566 -0.3703
vn 0.9016 0.2208 -0.3719
vn 0.6661 0.6920 -0.2784
vn 0.4572 0.8517 -0.2561
vn 0.1474 0.9234 -0.3544
vn -0.0495 0.9234 -0.3807
vn -0.2332 0.9234 -0.3049
vn -0.5076 0.8516 -0.1307
vn -0.7150 0.6921 -0.0987
vn -0.5699 0.6948 -0.4387
vn -0.2742 0.6948 -0.6649
vn 0.0950 0.6948 -0.7129
vn 0.4387 0.6948 -0.5699
# 1617 vertex normals

vt -0.0000 0.0000 1.0000
vt 0.5235 0.0000 0.7728
vt 0.5235 1.0000 0.7728
vt -0.0000 1.0000 1.0000
vt 0.5796 0.0000 0.1241
vt 0.5796 1.0000 0.1241
vt 1.0000 0.0000 0.0000
vt 1.0000 1.0000 0.0000
vt 0.0000 1.0000 0.0000
vt 0.0000 0.0000 0.0000
vt 0.1241 0.0000 0.5796
vt 0.1241 1.0000 0.5796
vt 0.4765 0.0000 0.2272
vt 0.4765 1.0000 0.2272
vt 0.8864 0.9915 0.0000
vt 0.7102 0.9858 0.0000
vt 0.5000 0.9838 0.0000
vt 0.2898 0.9858 0.0000
vt 0.1136 0.9915 0.0000
vt -0.0000 0.0000 0.0000
vt -0.0000 1.0000 0.0000
vt 0.5000 1.0000 0.0670
vt 0.5000 0.0000 0.0670
vt 0.7500 1.0000 0.8660
vt 0.7500 0.0000 0.8660
vt 0.5000 1.0000 1.0000
vt 0.5000 0.0000 1.0000
vt 0.8660 1.0000 0.7500
vt 0.8660 0.0000 0.7500
vt 0.5000 1.0000 0.9330
vt 0.5000 0.0000 0.9330
vt 0.0000 1.0000 1.0000
vt 0.0000 0.0000 1.0000
vt 1.0000 0.0000 1.0000
vt 1.0000 1.0000 1.0000
vt 0.7500 1.0000 0.1340
vt 0.7500 0.0000 0.1340
vt 0.5000 1.0000 0.0000
vt 0.5000 0.0000 0.0000
vt 0.8660 1.0000 0.2500
vt 0.8660 0.0000 0.2500
vt 0.0670 0.2500 0.0000
vt 0.7500 0.0670 0.0000
vt 0.9330 0.2500 0.0000
vt 0.0000 0.5000 0.0000
vt 1.0000 0.5000 0.0000
vt 0.0670 0.7500 0.0000
vt 0.9330 0.7500 0.0000
vt 0.2500 0.9330 0.0000
vt 0.7500 0.9330 0.0000
vt 0.2500 0.0670 0.0000
vt 0.2272 0.0000 0.4765
vt 0.2272 1.0000 0.4765
vt 0.9973 0.1446 0.0000
vt 0.0023 0.1136 0.0000
vt 0.9958 0.3716 0.0000
vt 0.0039 0.2898 0.0000
vt 0.9958 0.6284 0.0000
vt 0.0044 0.5000 0.0000
vt 0.9973 0.8554 0.0000
vt 0.0039 0.7102 0.0000
vt 0.0023 0.8864 0.0000
vt 0.4204 0.0000 0.1241
vt 0.4204 1.0000 0.1241
vt 0.4765 0.0000 0.7728
vt 0.4765 1.0000 0.7728
vt 0.9977 0.1136 0.0000
vt 0.0027 0.1446 0.0000
vt 0.9961 0.2898 0.0000
vt 0.0042 0.3716 0.0000
vt 0.9956 0.5000 0.0000
vt 0.0042 0.6284 0.0000
vt 0.9961 0.7102 0.0000
vt 0.0027 0.8554 0.0000
vt 0.9977 0.8864 0.0000
vt 0.6388 0.0000 0.8554
vt 0.6388 1.0000 0.8554
vt 0.3716 0.0000 1.0000
vt 0.3716 1.0000 1.0000
vt 0.0000 0.0000 0.3716
vt 0.0000 1.0000 0.3716
vt 0.3612 0.0000 0.1446
vt 0.3612 1.0000 0.1446
vt 0.9958 0.5000 0.9706
vt 1.0000 1.0000 0.9788
vt 0.6083 1.0000 1.0000
vt 0.6106 0.5000 0.9914
vt 0.2536 1.0000 0.8843
vt 0.2618 0.5000 0.8777
vt 0.6629 1.0000 0.0309
vt 0.0429 0.5000 0.6600
vt 0.3949 1.0000 0.0000
vt 0.3965 0.5000 0.0125
vt 0.8309 1.0000 0.1523
vt 0.1579 0.5000 0.1787
vt 0.5072 1.0000 0.0000
vt 0.5029 0.5000 0.0082
vt 0.4913 0.1340 0.0306
vt 0.1734 0.1340 0.2052
vt 0.4008 0.1340 0.0467
vt 0.0756 0.1340 0.6520
vt 0.2844 0.1340 0.8597
vt 0.6169 0.1340 0.9681
vt 0.9842 0.1340 0.9483
vt 0.6255 0.0000 0.9362
vt 0.9683 0.0000 0.9177
vt 0.4755 0.0000 0.0612
vt 0.1944 0.0000 0.2412
vt 0.4067 0.0000 0.0933
vt 0.1204 0.0000 0.6412
vt 0.3152 0.0000 0.8350
vt 0.5072 1.0000 1.0000
vt 0.5072 0.0000 1.0000
vt 0.1523 0.0000 0.8309
vt 0.1523 1.0000 0.8309
vt 0.3949 0.0000 1.0000
vt 0.3949 1.0000 1.0000
vt 0.0309 0.0000 0.3371
vt 0.0309 1.0000 0.3371
vt 0.2536 0.0000 0.1157
vt 0.2536 1.0000 0.1157
vt 0.6083 0.0000 0.0000
vt 0.6083 1.0000 0.0000
vt 1.0000 0.0000 0.0212
vt 1.0000 1.0000 0.0212
vt 0.8301 0.8867 0.0000
vt 0.1133 0.8301 0.0000
vt 0.0000 0.5925 0.0000
vt 0.9793 0.6699 0.0000
vt 0.0207 0.3301 0.0000
vt 1.0000 0.4075 0.0000
vt 0.1699 0.1133 0.0000
vt 0.8867 0.1699 0.0000
vt 0.4075 0.0000 0.0000
vt 0.6699 0.0207 0.0000
vt 0.5925 1.0000 0.0000
vt 0.3301 0.9793 0.0000
vt 0.5072 0.0000 0.0000
vt 0.1523 0.0000 0.1691
vt 0.1523 1.0000 0.1691
vt 0.3949 0.0000 0.0000
vt 0.0309 0.0000 0.6629
vt 0.0309 1.0000 0.6629
vt 0.2536 0.0000 0.8843
vt 0.6083 0.0000 1.0000
vt 1.0000 0.0000 0.9788
vt 0.9683 0.0000 0.0823
vt 0.9842 0.1340 0.0517
vt 0.6169 0.1340 0.0319
vt 0.6255 0.0000 0.0638
vt 0.2844 0.1340 0.1403
vt 0.3152 0.0000 0.1650
vt 0.6520 0.1340 0.9244
vt 0.6412 0.0000 0.8796
vt 0.4008 0.1340 0.9533
vt 0.4067 0.0000 0.9067
vt 0.1734 0.1340 0.7948
vt 0.7588 0.0000 0.8056
vt 0.4913 0.1340 0.9694
vt 0.4755 0.0000 0.9388
vt 0.1579 0.5000 0.8213
vt 0.5029 0.5000 0.9918
vt 0.9958 0.5000 0.0294
vt 0.6106 0.5000 0.0086
vt 0.2618 0.5000 0.1223
vt 0.6600 0.5000 0.9571
vt 0.3965 0.5000 0.9875
vt 0.6629 1.0000 0.9691
vt 1.0000 0.5925 0.0000
vt 0.4075 1.0000 0.0000
vt 0.1699 0.8867 0.0000
vt 0.9793 0.3301 0.0000
vt 0.0207 0.6699 0.0000
vt 0.8301 0.1133 0.0000
vt 0.0000 0.4075 0.0000
vt 0.5925 0.0000 0.0000
vt 0.1133 0.1699 0.0000
vt 0.3301 0.0207 0.0000
vt 0.8867 0.8301 0.0000
vt 0.6699 0.9793 0.0000
vt 0.9952 0.4990 0.9695
vt 0.6108 0.5066 0.9905
vt 0.2627 0.5066 0.8770
vt 0.0442 0.5066 0.6597
vt 0.3967 0.5066 0.0138
vt 0.1585 0.5066 0.1798
vt 0.5023 0.4990 0.0094
vt 0.4895 0.1335 0.0341
vt 0.1756 0.1358 0.2090
vt 0.4015 0.1358 0.0516
vt 0.0804 0.1358 0.6509
vt 0.2876 0.1358 0.8571
vt 0.6178 0.1358 0.9647
vt 0.9823 0.1335 0.9448
vt 0.6274 0.0000 0.9294
vt 0.9649 0.0000 0.9112
vt 0.4721 0.0000 0.0677
vt 0.7511 0.0000 0.1989
vt 0.4080 0.0000 0.1032
vt 0.1298 0.0000 0.6389
vt 0.3217 0.0000 0.8298
vt 0.9956 1.0000 0.9703
vt 0.6107 1.0000 0.9911
vt 0.9979 0.7429 0.9749
vt 0.6089 0.5760 0.9976
vt 0.9995 0.3955 0.9778
vt 0.2621 1.0000 0.8775
vt 0.2559 0.5760 0.8825
vt 0.6599 1.0000 0.0434
vt 0.0342 0.5760 0.6621
vt 0.3966 1.0000 0.0130
vt 0.3954 0.5760 0.0034
vt 0.8209 1.0000 0.1582
vt 0.1539 0.5760 0.1717
vt 0.5051 0.7429 0.0040
vt 0.5027 1.0000 0.0085
vt 0.5066 0.3955 0.0010
vt 0.8309 0.0000 0.1523
vt 0.5066 0.0000 0.9990
vt 0.1530 0.0000 0.8298
vt 0.3951 0.0000 0.9985
vt 0.0324 0.0000 0.3375
vt 0.2546 0.0000 0.1164
vt 0.6086 0.0000 0.0010
vt 0.9995 0.0000 0.0221
vt 0.9995 0.3955 0.0222
vt 0.6089 0.5760 0.0024
vt 0.2559 0.5760 0.1175
vt 0.6621 0.5760 0.9658
vt 0.6629 0.0000 0.9691
vt 0.3954 0.5760 0.9966
vt 0.1539 0.5760 0.8283
vt 0.8309 0.0000 0.8477
vt 0.5066 0.3955 0.9990
vt 0.5051 0.7429 0.9960
vt 0.1582 1.0000 0.8209
vt 0.5027 1.0000 0.9915
vt 0.9979 0.7429 0.0251
vt 0.6107 1.0000 0.0089
vt 0.2621 1.0000 0.1225
vt 0.6599 1.0000 0.9566
vt 0.3966 1.0000 0.9870
vt 0.9956 1.0000 0.0297
vt 0.9649 0.0000 0.0888
vt 0.9823 0.1335 0.0552
vt 0.6178 0.1358 0.0353
vt 0.6274 0.0000 0.0706
vt 0.2876 0.1358 0.1429
vt 0.3217 0.0000 0.1702
vt 0.6509 0.1358 0.9196
vt 0.6389 0.0000 0.8702
vt 0.4015 0.1358 0.9484
vt 0.4080 0.0000 0.8968
vt 0.1756 0.1358 0.7910
vt 0.7511 0.0000 0.8011
vt 0.4895 0.1335 0.9659
vt 0.4721 0.0000 0.9323
vt 0.1585 0.5066 0.8202
vt 0.5023 0.4990 0.9906
vt 0.3967 0.5066 0.9862
vt 0.6597 0.5066 0.9558
vt 0.2627 0.5066 0.1230
vt 0.6108 0.5066 0.0094
vt 0.9952 0.4990 0.0305
vt 0.5066 0.0000 0.0010
vt 0.1530 0.0000 0.1702
vt 0.3951 0.0000 0.0015
vt 0.0324 0.0000 0.6625
vt 0.2546 0.0000 0.8836
vt 0.6086 0.0000 0.9990
vt 0.9995 0.0000 0.9779
vt 0.4562 1.0000 0.3711
vt 0.3426 1.0000 0.3176
vt 0.4027 0.7088 0.2017
vt 0.5743 0.5115 0.1850
vt 0.2867 0.5727 0.1120
vt 0.4599 0.3628 0.0912
vt 0.7104 0.5115 0.2817
vt 0.4336 0.5115 0.2040
vt 0.6148 0.5115 0.2294
vt 0.3764 0.5115 0.7665
vt 0.5734 1.0000 0.6280
vt 0.5503 1.0000 0.4953
vt 0.5828 0.5115 0.8476
vt 0.6979 1.0000 0.6686
vt 0.7776 0.5115 0.8641
vt 0.8354 1.0000 0.6612
vt 0.9528 0.3628 0.8877
vt 0.4563 1.0000 0.4844
vt 0.8955 0.7088 0.2228
vt 0.8354 1.0000 0.3388
vt 0.6979 1.0000 0.3314
vt 0.7776 0.5115 0.1359
vt 0.5828 0.5115 0.1524
vt 0.5734 1.0000 0.3720
vt 0.3764 0.5115 0.2335
vt 0.5503 1.0000 0.5047
vt 0.6148 0.5115 0.7706
vt 0.4563 1.0000 0.5156
vt 0.4336 0.5115 0.7960
vt 0.2817 0.5115 0.7104
vt 0.5743 0.5115 0.8150
vt 0.4599 0.3628 0.9088
vt 0.3426 1.0000 0.6824
vt 0.3711 1.0000 0.4562
vt 0.9528 0.3628 0.1123
vt 0.9984 0.5000 0.0084
vt 0.5348 1.0000 0.0407
vt 0.5410 0.5000 0.0484
vt 0.7955 1.0000 0.8312
vt 0.1811 0.5000 0.2095
vt 0.5525 1.0000 1.0000
vt 0.5516 0.5000 0.9848
vt 0.9263 1.0000 0.7045
vt 0.2989 0.5000 0.9123
vt 0.6298 1.0000 0.9068
vt 0.6208 0.5000 0.9000
vt 0.1900 1.0000 1.0000
vt 0.1884 0.5000 0.9916
vt 0.1841 0.1340 0.9688
vt 0.5964 0.1340 0.8813
vt 0.3082 0.1340 0.8743
vt 0.5492 0.1340 0.9434
vt 0.2148 0.1340 0.2230
vt 0.5579 0.1340 0.0694
vt 0.9941 0.1340 0.0313
vt 0.5811 0.0000 0.0981
vt 0.9881 0.0000 0.0625
vt 0.1782 0.0000 0.9375
vt 0.5629 0.0000 0.8559
vt 0.3210 0.0000 0.8224
vt 0.5459 0.0000 0.8869
vt 0.2608 0.0000 0.2415
vt 0.1900 1.0000 0.0000
vt 0.1900 0.0000 0.0000
vt 0.6298 0.0000 0.0932
vt 0.6298 1.0000 0.0932
vt 0.2955 0.0000 0.0737
vt 0.2955 1.0000 0.0737
vt 0.5525 0.0000 0.0000
vt 0.5525 1.0000 0.0000
vt 0.1688 0.0000 0.7955
vt 0.1688 1.0000 0.7955
vt 0.5348 0.0000 0.9593
vt 0.5348 1.0000 0.9593
vt 0.0932 0.2045 0.0000
vt 0.7955 0.0932 0.0000
vt 0.9593 0.2955 0.0000
vt 0.0000 0.4475 0.0000
vt 1.0000 0.5525 0.0000
vt 0.0407 0.7045 0.0000
vt 0.9068 0.7955 0.0000
vt 0.2045 0.9068 0.0000
vt 0.7045 0.9593 0.0000
vt 0.4475 1.0000 0.0000
vt 0.2955 0.0407 0.0000
vt 0.1900 0.0000 1.0000
vt 0.6298 0.0000 0.9068
vt 0.2955 0.0000 0.9263
vt 0.2955 1.0000 0.9263
vt 0.5525 0.0000 1.0000
vt 0.1688 0.0000 0.2045
vt 0.1688 1.0000 0.2045
vt 0.5348 0.0000 0.0407
vt 0.9881 0.0000 0.9375
vt 0.9941 0.1340 0.9688
vt 0.5579 0.1340 0.9306
vt 0.5811 0.0000 0.9019
vt 0.7770 0.1340 0.2148
vt 0.7585 0.0000 0.2608
vt 0.5492 0.1340 0.0566
vt 0.5459 0.0000 0.1131
vt 0.8743 0.1340 0.3082
vt 0.8224 0.0000 0.3210
vt 0.5964 0.1340 0.1187
vt 0.5629 0.0000 0.1441
vt 0.1841 0.1340 0.0313
vt 0.1782 0.0000 0.0625
vt 0.6208 0.5000 0.1000
vt 0.1884 0.5000 0.0084
vt 0.9984 0.5000 0.9916
vt 0.5410 0.5000 0.9516
vt 0.7905 0.5000 0.1811
vt 0.5516 0.5000 0.0152
vt 0.9123 0.5000 0.2989
vt 0.7955 1.0000 0.1688
vt 0.9263 1.0000 0.2955
vt 0.0407 0.2955 0.0000
vt 0.7045 0.0407 0.0000
vt 0.9068 0.2045 0.0000
vt 0.0000 0.5525 0.0000
vt 1.0000 0.4475 0.0000
vt 0.0932 0.7955 0.0000
vt 0.9593 0.7045 0.0000
vt 0.2955 0.9593 0.0000
vt 0.7955 0.9068 0.0000
vt 0.2045 0.0932 0.0000
vt 0.4475 0.0000 0.0000
vt 0.9982 0.4990 0.0096
vt 0.5416 0.5066 0.0492
vt 0.1824 0.5066 0.2100
vt 0.5515 0.5066 0.9832
vt 0.2992 0.5066 0.9109
vt 0.6199 0.5066 0.8992
vt 0.1882 0.4990 0.9904
vt 0.1834 0.1335 0.9652
vt 0.5928 0.1358 0.8787
vt 0.3096 0.1358 0.8688
vt 0.5489 0.1358 0.9375
vt 0.2196 0.1358 0.2250
vt 0.5604 0.1358 0.0725
vt 0.9934 0.1335 0.0348
vt 0.5860 0.0000 0.1042
vt 0.9869 0.0000 0.0691
vt 0.1769 0.0000 0.9309
vt 0.5559 0.0000 0.8505
vt 0.3237 0.0000 0.8114
vt 0.5452 0.0000 0.8749
vt 0.2705 0.0000 0.2454
vt 0.9983 1.0000 0.0087
vt 0.5412 1.0000 0.0487
vt 0.9992 0.7429 0.0041
vt 0.5365 0.5760 0.0429
vt 0.9998 0.3955 0.0010
vt 0.7903 1.0000 0.8185
vt 0.1722 0.5760 0.2059
vt 0.5516 1.0000 0.9843
vt 0.5523 0.5760 0.9958
vt 0.9118 1.0000 0.7010
vt 0.2964 0.5760 0.9224
vt 0.6205 1.0000 0.8997
vt 0.6273 0.5760 0.9049
vt 0.1893 0.7429 0.9959
vt 0.1884 1.0000 0.9913
vt 0.1898 0.3955 0.9990
vt 0.1898 0.0000 0.0010
vt 0.6287 0.0000 0.0941
vt 0.2959 0.0000 0.0754
vt 0.5524 0.0000 0.0018
vt 0.1702 0.0000 0.7949
vt 0.5355 0.0000 0.9583
vt 0.9998 0.0000 0.9990
vt 0.9998 0.3955 0.9990
vt 0.5365 0.5760 0.9571
vt 0.7941 0.5760 0.1722
vt 0.7955 0.0000 0.1688
vt 0.5523 0.5760 0.0042
vt 0.9224 0.5760 0.2964
vt 0.9263 0.0000 0.2955
vt 0.6273 0.5760 0.0951
vt 0.1898 0.3955 0.0010
vt 0.1893 0.7429 0.0041
vt 0.6205 1.0000 0.1003
vt 0.1884 1.0000 0.0087
vt 0.9992 0.7429 0.9959
vt 0.5412 1.0000 0.9513
vt 0.7903 1.0000 0.1815
vt 0.5516 1.0000 0.0157
vt 0.9118 1.0000 0.2990
vt 0.9983 1.0000 0.9913
vt 0.9869 0.0000 0.9309
vt 0.9934 0.1335 0.9652
vt 0.5604 0.1358 0.9275
vt 0.5860 0.0000 0.8958
vt 0.7750 0.1358 0.2196
vt 0.7546 0.0000 0.2705
vt 0.5489 0.1358 0.0625
vt 0.5452 0.0000 0.1251
vt 0.8688 0.1358 0.3096
vt 0.8114 0.0000 0.3237
vt 0.5928 0.1358 0.1213
vt 0.5559 0.0000 0.1495
vt 0.1834 0.1335 0.0348
vt 0.1769 0.0000 0.0691
vt 0.6199 0.5066 0.1008
vt 0.1882 0.4990 0.0096
vt 0.9109 0.5066 0.2992
vt 0.5515 0.5066 0.0168
vt 0.7900 0.5066 0.1824
vt 0.5416 0.5066 0.9508
vt 0.9982 0.4990 0.9904
vt 0.1898 0.0000 0.9990
vt 0.6287 0.0000 0.9059
vt 0.2959 0.0000 0.9246
vt 0.5524 0.0000 0.9982
vt 0.1702 0.0000 0.2051
vt 0.5355 0.0000 0.0417
vt 0.9998 0.0000 0.0010
vt 0.2827 1.0000 0.6428
vt 0.1284 1.0000 0.6755
vt 0.1509 0.7088 0.7940
vt 0.3441 0.5115 0.8363
vt -0.0210 0.5727 0.8604
vt 0.1723 0.3628 0.9068
vt 0.5423 0.5115 0.7663
vt 0.7044 0.5115 0.6366
vt 0.5379 0.5115 0.7490
vt 0.7955 0.0000 0.8312
vt 0.7035 0.5115 0.6398
vt 0.6466 1.0000 0.3963
vt 0.5184 1.0000 0.4127
vt 0.5675 0.5115 0.1882
vt 0.7750 1.0000 0.3388
vt 0.7878 0.5115 0.1425
vt 0.9383 1.0000 0.3245
vt 0.9823 0.3628 0.0932
vt 0.3868 1.0000 0.5718
vt 0.9608 0.7088 0.7940
vt 0.9383 1.0000 0.6755
vt 0.7750 1.0000 0.6612
vt 0.7878 0.5115 0.8575
vt 0.5675 0.5115 0.8118
vt 0.6037 1.0000 0.6466
vt 0.3602 0.5115 0.7035
vt 0.5184 1.0000 0.5873
vt 0.5379 0.5115 0.2510
vt 0.4282 1.0000 0.6132
vt 0.3634 0.5115 0.2956
vt 0.5423 0.5115 0.2337
vt 0.3440 0.5115 0.1637
vt 0.1723 0.3628 0.0932
vt 0.1284 1.0000 0.3245
vt 0.2827 1.0000 0.3572
vt 0.9823 0.3628 0.9068
vt 0.5811 0.0000 0.0982
vt 0.6208 0.5000 0.1001
vt 0.9984 1.0000 0.0087
vt 0.9984 1.0000 0.9913
vt 0.3440 0.5115 0.8363
vt 0.2500 0.0000 0.8660
vt 0.2500 1.0000 0.8660
vt 0.1340 0.0000 0.7500
vt 0.1340 1.0000 0.7500
vt 0.2500 0.0000 0.1340
vt 0.2500 1.0000 0.1340
vt 0.1340 0.0000 0.2500
vt 0.1340 1.0000 0.2500
vt 0.6533 1.0000 0.9889
vt 0.6533 0.0000 0.9889
vt 0.1533 0.0000 0.8772
vt 0.1533 1.0000 0.8772
vt 0.3883 0.0000 1.0000
vt 0.3883 1.0000 1.0000
vt 0.1533 0.0000 0.1228
vt 0.1533 1.0000 0.1228
vt 0.3883 0.0000 0.0000
vt 0.3883 1.0000 0.0000
vt 0.6533 0.0000 0.0111
vt 0.6533 1.0000 0.0111
vt 0.6117 1.0000 0.0000
vt 0.0000 0.6117 0.0000
vt 0.0111 0.3467 0.0000
vt 0.8467 0.8772 0.0000
vt 0.1533 0.1228 0.0000
vt 0.9889 0.6533 0.0000
vt 1.0000 0.3883 0.0000
vt 0.6533 0.0111 0.0000
vt 0.8772 0.1533 0.0000
vt 0.3467 0.9889 0.0000
vt 0.1228 0.8467 0.0000
vt 0.0111 0.6533 0.0000
vt 0.3467 0.0111 0.0000
vt 0.6117 0.0000 0.0000
vt 0.1533 0.8772 0.0000
vt 0.8467 0.1228 0.0000
vt 0.9889 0.3467 0.0000
vt 0.6533 0.9889 0.0000
vt 1.0000 0.6117 0.0000
vt 0.8772 0.8467 0.0000
vt 0.0000 0.3883 0.0000
vt 0.1228 0.1533 0.0000
vt 0.7698 0.0000 1.0000
vt 0.1798 0.7812 0.7500
vt 0.4655 0.7030 0.7500
vt 0.3428 0.0000 0.9005
vt 0.5847 0.6001 0.7500
vt 0.6937 0.0000 0.9390
vt 0.6128 0.4634 0.7500
vt 0.4350 0.0000 1.0000
vt 0.3354 0.7500 0.5238
vt 0.1937 0.0000 0.8239
vt 0.1151 0.5000 1.0000
vt 0.9496 0.7812 0.7500
vt 0.6381 0.7469 0.7500
vt 0.8849 0.5000 1.0000
vt 1.2352 0.7032 0.8498
vt 0.4579 0.0000 0.0345
vt 0.3619 0.2531 0.7500
vt 0.0504 0.2188 0.7500
vt 0.8239 1.0000 0.1937
vt 0.2246 0.4673 0.7988
vt 0.4388 0.4673 0.9477
vt 0.4350 1.0000 1.0000
vt 0.4431 0.0000 0.8897
vt 0.6674 0.4673 0.9007
vt 0.1637 0.0000 0.6695
vt 0.5280 0.4673 0.0869
vt 0.2319 0.0000 0.7355
vt 0.8340 1.2123 0.1893
vt 0.4579 1.0000 0.0345
vt 0.0068 0.4673 0.0296
vt 0.0144 0.0000 0.0623
vt 0.4151 0.0000 0.0925
vt 0.4104 0.0000 0.8506
vt 0.2987 0.4673 0.8396
vt 0.7766 0.4673 0.9704
vt 0.7841 0.0000 0.9377
vt 0.7698 1.0000 1.0000
vt 0.3428 1.0000 0.9005
vt 0.3918 1.2123 0.9282
vt 0.6937 1.0000 0.9390
vt 0.4551 0.5115 0.0383
vt 0.0007 0.4377 0.0030
vt 0.0025 0.7927 0.0110
vt 0.4474 0.8960 0.0487
vt 0.0052 1.0000 0.0225
vt 0.4424 1.0000 0.0554
vt 0.2030 0.8960 0.1977
vt 0.2075 1.0000 0.2080
vt 0.4369 0.8960 0.0270
vt 0.4379 1.0000 0.0399
vt 0.0861 0.8960 0.6878
vt 0.0981 1.0000 0.6849
vt 0.3593 0.8960 0.8883
vt 0.3672 1.0000 0.8825
vt 0.7750 1.0000 0.9775
vt 0.7723 0.7927 0.9890
vt 0.3472 0.5115 0.8972
vt 0.7705 0.4377 0.9970
vt 0.1937 0.0000 0.1761
vt 0.1962 0.5115 0.1819
vt 0.4350 0.0000 0.0000
vt 0.4355 0.5115 0.0072
vt 0.0610 0.0000 0.6937
vt 0.0677 0.5115 0.6921
vt 0.0972 0.0000 0.6852
vt 0.0860 0.0979 0.6878
vt 0.4369 0.0979 0.0268
vt 0.4378 0.0000 0.0389
vt 0.8024 0.0979 0.2030
vt 0.7928 0.0000 0.2071
vt 0.4475 0.0979 0.0486
vt 0.4428 0.0000 0.0549
vt 0.0051 0.0000 0.0220
vt 0.0024 0.2109 0.0105
vt 0.4551 0.4734 0.0382
vt 0.0006 0.5664 0.0027
vt 0.4579 0.9866 0.0345
vt 0.3428 0.9866 0.9005
vt 0.3472 0.4734 0.8972
vt 0.7704 0.5664 0.9973
vt 0.7722 0.2109 0.9895
vt 0.3592 0.0979 0.8884
vt 0.7748 0.0000 0.9780
vt 0.3666 0.0000 0.8829
vt 0.0677 0.4734 0.6921
vt 0.4355 0.4734 0.0072
vt 0.8181 0.4734 0.1962
vt 0.0610 0.9866 0.6937
vt 0.4350 0.9866 0.0000
vt 0.8239 0.9866 0.1937
vt 0.7705 1.0000 0.9970
vt 0.3460 1.0000 0.8981
vt 0.6925 1.0000 0.0659
vt 0.6937 0.0000 0.0610
vt 0.4353 1.0000 0.0053
vt 0.8197 1.0000 0.1955
vt 0.8239 0.0000 0.1937
vt 0.4558 1.0000 0.0372
vt 0.0007 1.0000 0.0030
vt 0.7841 0.0000 0.0623
vt 0.7766 0.4673 0.0296
vt 0.4103 0.0000 0.1494
vt 0.2987 0.4673 0.1604
vt 0.6674 0.4673 0.0993
vt 0.6695 0.0000 0.1637
vt 0.4388 0.4673 0.0523
vt 0.4431 0.0000 0.1103
vt 0.4350 1.0000 0.0000
vt 0.2246 0.4673 0.2012
vt 0.8239 1.0000 0.8063
vt 0.7698 1.0000 0.0000
vt 0.3428 1.0000 0.0995
vt 0.6937 1.0000 0.0610
vt 0.5280 0.4673 0.9131
vt 0.2319 0.0000 0.2645
vt 0.8340 1.2123 0.8107
vt 0.4579 1.0000 0.9655
vt 0.0068 0.4673 0.9704
vt 0.0144 0.0000 0.9377
vt 0.4151 0.0000 0.9075
vt 0.1937 0.9005 0.0000
vt 0.9005 0.8063 0.0000
vt 0.6937 0.9655 0.0000
vt 0.0345 0.6937 0.0000
vt 1.0000 0.5650 0.0000
vt 0.0000 0.4350 0.0000
vt 0.9655 0.3063 0.0000
vt 0.0995 0.1937 0.0000
vt 0.8063 0.0995 0.0000
vt 0.3063 0.0345 0.0000
vt 0.5650 0.0000 0.0000
vt 0.7698 0.0000 0.0000
vt 0.8202 0.2188 0.7500
vt 0.5345 0.2970 0.7500
vt 0.3428 0.0000 0.0995
vt 0.4153 0.3999 0.7500
vt 0.3872 0.5366 0.7500
vt 0.3354 0.7500 0.4762
vt 0.4579 0.0000 0.9655
vt 0.7705 1.0000 0.0030
vt 0.3460 1.0000 0.1019
vt 0.6925 1.0000 0.9341
vt 0.4353 1.0000 0.9947
vt 0.8197 1.0000 0.8045
vt 0.8239 0.0000 0.8063
vt 0.4558 1.0000 0.9628
vt 0.0007 1.0000 0.9970
vt 0.4579 0.9866 0.9655
vt 0.0006 0.5664 0.9973
vt 0.4551 0.4734 0.9618
vt 0.0024 0.2109 0.9895
vt 0.4475 0.0979 0.9514
vt 0.0051 0.0000 0.9780
vt 0.4428 0.0000 0.9451
vt 0.8024 0.0979 0.7970
vt 0.2071 0.0000 0.7928
vt 0.4378 0.0000 0.9611
vt 0.4369 0.0979 0.9732
vt 0.0972 0.0000 0.3148
vt 0.6878 0.0979 0.9140
vt 0.3592 0.0979 0.1116
vt 0.3666 0.0000 0.1171
vt 0.7748 0.0000 0.0220
vt 0.7722 0.2109 0.0105
vt 0.3472 0.4734 0.1028
vt 0.6921 0.4734 0.9323
vt 0.4355 0.4734 0.9928
vt 0.8181 0.4734 0.8038
vt 0.7704 0.5664 0.0027
vt 0.3428 0.9866 0.0995
vt 0.6937 0.9866 0.9390
vt 0.4350 0.9866 1.0000
vt 0.8239 0.9866 0.8063
vt 0.4424 1.0000 0.9446
vt 0.0052 1.0000 0.9775
vt 0.0025 0.7927 0.9890
vt 0.4474 0.8960 0.9513
vt 0.4551 0.5115 0.9617
vt 0.0007 0.4377 0.9970
vt 0.8181 0.5115 0.8038
vt 0.4355 0.5115 0.9928
vt 0.0610 0.0000 0.3063
vt 0.6921 0.5115 0.9323
vt 0.3472 0.5115 0.1028
vt 0.7705 0.4377 0.0030
vt 0.7723 0.7927 0.0110
vt 0.3593 0.8960 0.1117
vt 0.6878 0.8960 0.9139
vt 0.4369 0.8960 0.9730
vt 0.8023 0.8960 0.7970
vt 0.7750 1.0000 0.0225
vt 0.3672 1.0000 0.1175
vt 0.6850 1.0000 0.9019
vt 0.4379 1.0000 0.9601
vt 0.7920 1.0000 0.7925
vt 1.0000 0.0000 0.9907
vt 0.1009 0.7739 0.7500
vt 0.3817 0.7693 0.7500
vt 0.5915 0.0000 1.0000
vt 0.5444 0.7015 0.7500
vt 0.8741 0.0000 0.7693
vt 0.6554 0.5804 0.7500
vt 0.6467 0.0000 0.9858
vt 0.4393 0.7500 0.6665
vt 0.3787 0.0000 1.0000
vt 0.2307 0.4954 1.0000
vt 0.6396 0.7832 0.7500
vt 0.4107 0.6765 0.7500
vt 0.7693 0.5046 1.0000
vt 0.9202 0.7788 0.8498
vt 0.4613 0.0000 0.0000
vt 0.1420 0.0000 0.8080
vt 0.5893 0.3235 0.7500
vt 0.3604 0.2168 0.7500
vt 0.3787 1.0000 1.0000
vt 0.4016 0.4673 0.9597
vt 0.6377 0.4673 0.9412
vt 0.6467 1.0000 0.9858
vt 0.6278 0.0000 0.8917
vt 0.8403 0.4673 0.7555
vt 0.2978 0.0000 0.8268
vt 0.2079 0.4673 0.8306
vt 0.3933 0.0000 0.9041
vt 0.5732 1.2123 0.8148
vt 0.8080 1.0000 0.1420
vt 0.4477 0.4673 0.0293
vt 0.4613 1.0000 0.0000
vt 0.4326 0.0000 0.0618
vt 0.1861 0.0000 0.7360
vt 0.6137 0.0000 0.9371
vt 0.5166 0.4673 0.9536
vt 0.9864 0.4673 0.9614
vt 0.9712 0.0000 0.9289
vt 1.0000 1.0000 0.9907
vt 0.5915 1.0000 1.0000
vt 0.6467 1.2123 0.9978
vt 0.8741 1.0000 0.7693
vt 0.1420 0.0000 0.1920
vt 0.1449 0.5115 0.1967
vt 0.4600 0.4375 0.0029
vt 0.4563 0.7925 0.0109
vt 0.1528 0.8960 0.2096
vt 0.4509 1.0000 0.0223
vt 0.1579 1.0000 0.2180
vt 0.3823 0.8960 0.0235
vt 0.3840 1.0000 0.0347
vt 0.6420 0.8960 0.0372
vt 0.6398 1.0000 0.0482
vt 0.2471 0.8960 0.8625
vt 0.2549 1.0000 0.8570
vt 0.5969 0.8960 0.9846
vt 0.5995 1.0000 0.9773
vt 0.9896 1.0000 0.9684
vt 0.9949 0.7925 0.9799
vt 0.5930 0.5115 0.9959
vt 0.9986 0.4375 0.9878
vt 0.3787 0.0000 0.0000
vt 0.3797 0.5115 0.0063
vt 0.6467 0.0000 0.0142
vt 0.6454 0.5115 0.0203
vt 0.2307 0.0000 0.8741
vt 0.2351 0.5115 0.8710
vt 0.2543 0.0000 0.8574
vt 0.2470 0.0977 0.8626
vt 0.6421 0.0977 0.0371
vt 0.6400 0.0000 0.0473
vt 0.3822 0.0977 0.0233
vt 0.3838 0.0000 0.0338
vt 0.1527 0.0977 0.2095
vt 0.7826 0.0000 0.1575
vt 0.4512 0.0000 0.0218
vt 0.4565 0.2109 0.0104
vt 0.1449 0.4734 0.1967
vt 0.4601 0.5662 0.0026
vt 0.1420 0.9866 0.1920
vt 0.5915 0.9866 1.0000
vt 0.5929 0.4734 0.9959
vt 0.9988 0.5662 0.9881
vt 0.9952 0.2109 0.9804
vt 0.5969 0.0977 0.9847
vt 0.9899 0.0000 0.9690
vt 0.5993 0.0000 0.9778
vt 0.2350 0.4734 0.8710
vt 0.6454 0.4734 0.0203
vt 0.3797 0.4734 0.0063
vt 0.2307 0.9866 0.8741
vt 0.6467 0.9866 0.0142
vt 0.3787 0.9866 0.0000
vt 0.9986 1.0000 0.9878
vt 0.5926 1.0000 0.9970
vt 0.8718 1.0000 0.2339
vt 0.8741 0.0000 0.2307
vt 0.6458 1.0000 0.0187
vt 0.3794 1.0000 0.0046
vt 0.8046 1.0000 0.1441
vt 0.8080 0.0000 0.1420
vt 0.4599 1.0000 0.0030
vt 0.9712 0.0000 0.0711
vt 0.9864 0.4673 0.0386
vt 0.6137 0.0000 0.0629
vt 0.5166 0.4673 0.0464
vt 0.8403 0.4673 0.2445
vt 0.8268 0.0000 0.2978
vt 0.6377 0.4673 0.0588
vt 0.6278 0.0000 0.1083
vt 0.6467 1.0000 0.0142
vt 0.4016 0.4673 0.0403
vt 0.3787 1.0000 0.0000
vt 1.0000 1.0000 0.0093
vt 0.5915 1.0000 0.0000
vt 0.8741 1.0000 0.2307
vt 0.2079 0.4673 0.1694
vt 0.3933 0.0000 0.0959
vt 0.5732 1.2123 0.1852
vt 0.8080 1.0000 0.8580
vt 0.4477 0.4673 0.9707
vt 0.4613 1.0000 1.0000
vt 0.4326 0.0000 0.9382
vt 0.1861 0.0000 0.2640
vt 0.6499 0.9908 0.0000
vt 0.3844 1.0000 0.0000
vt 1.0000 0.6156 0.0000
vt 0.8752 0.8501 0.0000
vt 0.1499 0.8752 0.0000
vt 0.9908 0.3501 0.0000
vt 0.0092 0.6499 0.0000
vt 0.8501 0.1248 0.0000
vt 0.0000 0.3844 0.0000
vt 0.6156 0.0000 0.0000
vt 0.1248 0.1499 0.0000
vt 0.3501 0.0092 0.0000
vt 1.0000 0.0000 0.0093
vt 0.8991 0.2261 0.7500
vt 0.6183 0.2307 0.7500
vt 0.5915 0.0000 0.0000
vt 0.4556 0.2985 0.7500
vt 0.3446 0.4196 0.7500
vt 0.4393 0.7500 0.3335
vt 0.4613 0.0000 1.0000
vt 0.9986 1.0000 0.0122
vt 0.5926 1.0000 0.0030
vt 0.8718 1.0000 0.7661
vt 0.6458 1.0000 0.9813
vt 0.3794 1.0000 0.9954
vt 0.8046 1.0000 0.8559
vt 0.8080 0.0000 0.8580
vt 0.4599 1.0000 0.9970
vt 0.1420 0.9866 0.8080
vt 0.4601 0.5662 0.9974
vt 0.1449 0.4734 0.8033
vt 0.4565 0.2109 0.9896
vt 0.1527 0.0977 0.7905
vt 0.4512 0.0000 0.9782
vt 0.1575 0.0000 0.7826
vt 0.3822 0.0977 0.9767
vt 0.3838 0.0000 0.9662
vt 0.6400 0.0000 0.9527
vt 0.6421 0.0977 0.9629
vt 0.2543 0.0000 0.1426
vt 0.8626 0.0977 0.7530
vt 0.5969 0.0977 0.0153
vt 0.5993 0.0000 0.0222
vt 0.9899 0.0000 0.0310
vt 0.9952 0.2109 0.0197
vt 0.5929 0.4734 0.0041
vt 0.8710 0.4734 0.7650
vt 0.6454 0.4734 0.9797
vt 0.3797 0.4734 0.9937
vt 0.9988 0.5662 0.0119
vt 0.5915 0.9866 0.0000
vt 0.8741 0.9866 0.7693
vt 0.6467 0.9866 0.9858
vt 0.3787 0.9866 1.0000
vt 0.1579 1.0000 0.7820
vt 0.4509 1.0000 0.9777
vt 0.1528 0.8960 0.7904
vt 0.4563 0.7925 0.9891
vt 0.1449 0.5115 0.8033
vt 0.4600 0.4375 0.9971
vt 0.3797 0.5115 0.9937
vt 0.6454 0.5115 0.9797
vt 0.2307 0.0000 0.1259
vt 0.8710 0.5115 0.7649
vt 0.5930 0.5115 0.0041
vt 0.9986 0.4375 0.0122
vt 0.9949 0.7925 0.0201
vt 0.5969 0.8960 0.0154
vt 0.8625 0.8960 0.7529
vt 0.6420 0.8960 0.9628
vt 0.3823 0.8960 0.9765
vt 0.9896 1.0000 0.0316
vt 0.5995 1.0000 0.0227
vt 0.8570 1.0000 0.7451
vt 0.6398 1.0000 0.9518
vt 0.3840 1.0000 0.9653
vt 1.0000 0.0000 0.9015
vt 0.7043 0.8396 0.7502
vt 0.7608 0.6230 0.7502
vt 0.6909 0.0000 1.0000
vt 0.7277 0.4725 0.7502
vt 0.3665 0.0000 0.9513
vt 0.6295 0.3411 0.7502
vt 0.7685 0.0000 0.1136
vt 0.4891 0.7502 0.2785
vt 0.5006 0.0000 0.0000
vt 0.4508 0.6335 1.0000
vt 0.5466 0.9739 0.8499
vt 0.0000 0.0000 0.2670
vt 0.2193 0.0000 0.0562
vt 0.3552 0.2932 0.7502
vt 0.1973 0.4274 0.7502
vt 0.5006 1.0000 0.0000
vt 0.5150 0.4673 0.0396
vt 0.7497 0.4673 0.1443
vt 0.1136 1.0000 0.7685
vt 0.7289 0.0000 0.1784
vt 0.3642 0.4673 0.9141
vt 0.3998 0.0000 0.8889
vt 0.2909 0.4673 0.0641
vt 0.4944 0.0000 0.0790
vt 0.5013 1.2123 -0.0090
vt 0.2193 1.0000 0.0562
vt 0.0267 0.4673 0.2887
vt 0.0000 1.0000 0.2670
vt 0.0562 0.0000 0.3127
vt 0.2481 0.0000 0.1281
vt 0.6838 0.0000 0.9315
vt 0.6159 0.4673 0.9694
vt 0.9783 0.4673 0.8749
vt 0.9543 0.0000 0.8453
vt 1.0000 1.0000 0.9015
vt 0.6909 1.0000 1.0000
vt 0.6918 1.2123 1.0078
vt 0.3665 1.0000 0.9513
vt 0.2212 0.5115 0.0609
vt 0.0027 0.4377 0.2692
vt 0.0099 0.7927 0.2750
vt 0.2263 0.8960 0.0738
vt 0.2297 1.0000 0.0822
vt 0.0203 1.0000 0.2835
vt 0.4990 0.8960 0.0193
vt 0.4983 1.0000 0.0285
vt 0.1295 0.8960 0.2412
vt 0.1370 1.0000 0.2458
vt 0.3746 0.8960 0.0640
vt 0.3785 1.0000 0.0712
vt 0.6892 0.8960 0.0168
vt 0.6884 1.0000 0.0247
vt 0.9835 1.0000 0.1188
vt 0.9920 0.7927 0.1084
vt 0.6905 0.5115 0.0045
vt 0.9978 0.4377 0.1011
vt 0.6909 0.0000 0.0000
vt 1.0000 0.0000 0.0985
vt 0.5002 0.5115 0.0052
vt 0.1136 0.0000 0.2315
vt 0.1178 0.5115 0.2341
vt 0.3665 0.0000 0.0487
vt 0.3687 0.5115 0.0528
vt 0.3782 0.0000 0.0707
vt 0.3746 0.0979 0.0639
vt 0.7589 0.0979 0.1294
vt 0.7545 0.0000 0.1364
vt 0.4990 0.0979 0.0192
vt 0.4984 0.0000 0.0278
vt 0.2263 0.0979 0.0737
vt 0.2294 0.0000 0.0815
vt 0.0198 0.0000 0.2831
vt 0.0094 0.2109 0.2747
vt 0.2211 0.4734 0.0608
vt 0.0024 0.5664 0.2690
vt 0.2193 0.9866 0.0562
vt 1.0000 1.0000 0.0985
vt 0.6909 0.9866 0.0000
vt 0.6905 0.4734 0.0045
vt 0.9981 0.5664 0.1009
vt 0.9923 0.2109 0.1079
vt 0.6892 0.0979 0.0167
vt 0.9839 0.0000 0.1183
vt 0.6884 0.0000 0.0241
vt 0.3687 0.4734 0.0528
vt 0.7659 0.4734 0.1178
vt 0.5002 0.4734 0.0051
vt 0.3665 0.9866 0.0487
vt 0.7685 0.9866 0.1136
vt 0.5006 0.9866 0.0000
vt 0.9978 1.0000 0.1012
vt 0.6906 1.0000 0.0033
vt 0.3681 1.0000 0.0517
vt 0.7666 1.0000 0.1167
vt 0.5003 1.0000 0.0038
vt 0.2206 1.0000 0.0596
vt 0.0027 1.0000 0.2692
vt 0.9543 0.0000 0.1547
vt 0.9783 0.4673 0.1251
vt 0.6838 0.0000 0.0685
vt 0.6159 0.4673 0.0306
vt 0.3642 0.4673 0.0859
vt 0.3998 0.0000 0.1111
vt 0.1443 0.4673 0.2503
vt 0.7289 0.0000 0.8216
vt 0.1136 1.0000 0.2315
vt 0.5150 0.4673 0.9604
vt 0.5006 1.0000 1.0000
vt 0.6909 1.0000 0.0000
vt 0.3665 1.0000 0.0487
vt 0.2909 0.4673 0.9359
vt 0.4944 0.0000 0.9210
vt 0.5013 1.2123 1.0090
vt 0.2193 1.0000 0.9438
vt 0.0267 0.4673 0.7113
vt 0.0000 1.0000 0.7330
vt 0.0562 0.0000 0.6873
vt 0.2481 0.0000 0.8719
vt 0.0897 0.7893 0.0000
vt 0.0000 0.5453 0.0000
vt 0.5453 1.0000 0.0000
vt 0.2893 0.9557 0.0000
vt 0.0443 0.2893 0.0000
vt 0.7893 0.9103 0.0000
vt 0.2107 0.0897 0.0000
vt 0.9557 0.7107 0.0000
vt 0.4547 0.0000 0.0000
vt 1.0000 0.4547 0.0000
vt 0.7107 0.0443 0.0000
vt 0.9103 0.2107 0.0000
vt 0.2957 0.1604 0.7500
vt 0.2392 0.3770 0.7500
vt 0.2723 0.5275 0.7500
vt 0.3705 0.6589 0.7500
vt 0.7685 0.0000 0.8864
vt 0.4891 0.7500 0.7215
vt 0.5006 0.0000 1.0000
vt 0.5492 0.3665 1.0000
vt 0.0000 0.0000 0.7330
vt 0.2193 0.0000 0.9438
vt 0.6448 0.7068 0.7500
vt 0.8027 0.5726 0.7500
vt 0.9978 1.0000 0.8988
vt 0.6906 1.0000 0.9967
vt 0.3681 1.0000 0.9483
vt 0.7666 1.0000 0.8833
vt 0.5003 1.0000 0.9962
vt 0.2206 1.0000 0.9404
vt 0.0027 1.0000 0.7308
vt 0.2193 0.9866 0.9438
vt 0.0024 0.5662 0.7310
vt 0.2211 0.4734 0.9392
vt 0.0094 0.2109 0.7253
vt 0.2263 0.0977 0.9263
vt 0.0198 0.0000 0.7169
vt 0.2294 0.0000 0.9185
vt 0.4990 0.0977 0.9808
vt 0.4984 0.0000 0.9722
vt 0.1364 0.0000 0.7545
vt 0.7589 0.0977 0.8706
vt 0.3782 0.0000 0.9293
vt 0.3746 0.0977 0.9361
vt 0.6892 0.0977 0.9833
vt 0.6884 0.0000 0.9759
vt 0.9839 0.0000 0.8817
vt 0.9923 0.2109 0.8921
vt 0.6905 0.4734 0.9955
vt 0.3687 0.4734 0.9472
vt 0.7659 0.4734 0.8822
vt 0.5002 0.4734 0.9949
vt 0.9981 0.5662 0.8991
vt 0.6909 0.9866 1.0000
vt 0.3665 0.9866 0.9513
vt 0.7685 0.9866 0.8864
vt 0.5006 0.9866 1.0000
vt 0.2297 1.0000 0.9178
vt 0.0203 1.0000 0.7165
vt 0.2263 0.8960 0.9262
vt 0.0099 0.7927 0.7250
vt 0.2212 0.5115 0.9391
vt 0.0027 0.4377 0.7308
vt 0.5002 0.5115 0.9948
vt 0.1136 0.0000 0.7685
vt 0.7659 0.5115 0.8822
vt 0.3687 0.5115 0.9472
vt 0.6905 0.5115 0.9955
vt 0.9978 0.4377 0.8989
vt 0.9920 0.7927 0.8916
vt 0.6892 0.8960 0.9832
vt 0.3746 0.8960 0.9360
vt 0.7588 0.8960 0.8706
vt 0.4990 0.8960 0.9807
vt 0.9835 1.0000 0.8812
vt 0.6884 1.0000 0.9753
vt 0.3785 1.0000 0.9288
vt 0.7542 1.0000 0.8630
vt 0.4983 1.0000 0.9715
vt 0.9330 1.0000 0.2500
vt 0.9330 0.0000 0.2500
vt 0.0670 0.0000 0.7500
vt 0.0670 1.0000 0.7500
vt 0.2500 0.0000 0.9330
vt 0.2500 1.0000 0.9330
vt 0.7500 0.0000 0.9330
vt 0.7500 1.0000 0.9330
vt 0.2500 0.0000 0.0670
vt 0.2500 1.0000 0.0670
vt 0.0670 0.0000 0.2500
vt 0.0670 1.0000 0.2500
vt 0.7500 0.0000 0.0670
vt 0.7500 1.0000 0.0670
vt 0.8116 0.5000 0.0084
vt 0.8100 1.0000 0.0000
vt 0.3702 1.0000 0.0932
vt 0.3792 0.5000 0.1000
vt 0.7045 1.0000 0.9263
vt 0.0877 0.5000 0.2989
vt 0.4475 1.0000 1.0000
vt 0.4484 0.5000 0.9848
vt 0.8312 1.0000 0.7955
vt 0.2095 0.5000 0.8189
vt 0.4652 1.0000 0.9593
vt 0.4590 0.5000 0.9516
vt 0.0016 0.5000 0.9916
vt 0.0059 0.1340 0.9687
vt 0.4421 0.1340 0.9306
vt 0.2230 0.1340 0.7852
vt 0.4508 0.1340 0.9434
vt 0.1257 0.1340 0.3082
vt 0.4036 0.1340 0.1187
vt 0.8159 0.1340 0.0313
vt 0.4371 0.0000 0.1441
vt 0.8218 0.0000 0.0625
vt 0.0119 0.0000 0.9375
vt 0.4189 0.0000 0.9018
vt 0.2415 0.0000 0.7392
vt 0.4541 0.0000 0.8869
vt 0.1776 0.0000 0.3210
vt 0.4652 0.0000 0.0407
vt 0.4652 1.0000 0.0407
vt 0.2045 0.0000 0.1688
vt 0.2045 1.0000 0.1688
vt 0.0737 0.0000 0.7045
vt 0.0737 1.0000 0.7045
vt 0.3702 0.0000 0.9068
vt 0.3702 1.0000 0.9068
vt 0.8100 0.0000 1.0000
vt 0.8100 1.0000 1.0000
vt 0.8100 0.0000 0.0000
vt 0.3702 0.0000 0.0932
vt 0.7045 0.0000 0.9263
vt 0.4475 0.0000 1.0000
vt 0.8312 0.0000 0.7955
vt 0.4652 0.0000 0.9593
vt 0.0016 0.5000 0.0084
vt 0.4590 0.5000 0.0484
vt 0.2095 0.5000 0.1811
vt 0.4484 0.5000 0.0152
vt 0.0877 0.5000 0.7011
vt 0.3792 0.5000 0.8999
vt 0.8116 0.5000 0.9916
vt 0.4036 0.1340 0.8813
vt 0.8159 0.1340 0.9687
vt 0.4371 0.0000 0.8559
vt 0.8218 0.0000 0.9375
vt 0.0059 0.1340 0.0313
vt 0.4421 0.1340 0.0694
vt 0.2230 0.1340 0.2148
vt 0.4508 0.1340 0.0566
vt 0.1257 0.1340 0.6918
vt 0.0119 0.0000 0.0625
vt 0.4189 0.0000 0.0981
vt 0.2415 0.0000 0.2608
vt 0.4541 0.0000 0.1131
vt 0.1776 0.0000 0.6790
vt 0.8118 0.4990 0.0096
vt 0.3801 0.5066 0.1008
vt 0.0891 0.5066 0.2992
vt 0.4485 0.5066 0.9832
vt 0.2100 0.5066 0.8176
vt 0.4584 0.5066 0.9508
vt 0.0018 0.4990 0.9904
vt 0.0066 0.1335 0.9652
vt 0.4396 0.1358 0.9275
vt 0.2250 0.1358 0.7804
vt 0.4511 0.1358 0.9375
vt 0.1312 0.1358 0.3096
vt 0.4072 0.1358 0.1213
vt 0.8166 0.1335 0.0348
vt 0.4441 0.0000 0.1495
vt 0.8231 0.0000 0.0691
vt 0.0131 0.0000 0.9309
vt 0.4140 0.0000 0.8958
vt 0.2454 0.0000 0.7295
vt 0.4548 0.0000 0.8749
vt 0.1886 0.0000 0.3237
vt 0.8116 1.0000 0.0087
vt 0.3795 1.0000 0.1003
vt 0.8107 0.7429 0.0041
vt 0.3727 0.5760 0.0951
vt 0.8102 0.3955 0.0010
vt 0.7010 1.0000 0.9118
vt 0.0776 0.5760 0.2964
vt 0.4484 1.0000 0.9843
vt 0.4477 0.5760 0.9958
vt 0.8185 1.0000 0.7903
vt 0.2059 0.5760 0.8278
vt 0.4588 1.0000 0.9513
vt 0.4635 0.5760 0.9571
vt 0.0008 0.7429 0.9959
vt 0.0016 1.0000 0.9913
vt 0.0002 0.3955 0.9990
vt 0.2045 0.0000 0.8312
vt 0.0737 0.0000 0.2955
vt 0.0002 0.0000 0.0010
vt 0.4645 0.0000 0.0417
vt 0.2051 0.0000 0.1702
vt 0.4476 0.0000 0.0018
vt 0.0754 0.0000 0.7041
vt 0.3713 0.0000 0.9059
vt 0.8102 0.0000 0.9990
vt 0.0016 1.0000 0.0087
vt 0.0008 0.7429 0.0041
vt 0.4588 1.0000 0.0487
vt 0.4635 0.5760 0.0429
vt 0.2059 0.5760 0.1722
vt 0.2097 1.0000 0.1815
vt 0.4477 0.5760 0.0042
vt 0.4484 1.0000 0.0157
vt 0.0776 0.5760 0.7036
vt 0.0882 1.0000 0.7010
vt 0.3727 0.5760 0.9049
vt 0.3795 1.0000 0.8997
vt 0.8107 0.7429 0.9959
vt 0.8102 0.3955 0.9990
vt 0.0002 0.3955 0.0010
vt 0.8116 1.0000 0.9913
vt 0.0018 0.4990 0.0096
vt 0.4584 0.5066 0.0492
vt 0.0066 0.1335 0.0348
vt 0.4396 0.1358 0.0725
vt 0.0131 0.0000 0.0691
vt 0.4140 0.0000 0.1042
vt 0.2454 0.0000 0.2705
vt 0.7804 0.1358 0.2250
vt 0.4548 0.0000 0.1251
vt 0.4511 0.1358 0.0625
vt 0.1886 0.0000 0.6763
vt 0.6904 0.1358 0.1312
vt 0.4441 0.0000 0.8505
vt 0.4072 0.1358 0.8787
vt 0.8231 0.0000 0.9309
vt 0.8166 0.1335 0.9652
vt 0.8118 0.4990 0.9904
vt 0.3801 0.5066 0.8992
vt 0.7008 0.5066 0.0891
vt 0.4485 0.5066 0.0168
vt 0.8176 0.5066 0.2100
vt 0.7045 1.0000 0.0737
vt 0.8312 1.0000 0.2045
vt 0.8102 0.0000 0.0010
vt 0.3713 0.0000 0.0941
vt 0.7041 0.0000 0.9246
vt 0.4476 0.0000 0.9982
vt 0.8298 0.0000 0.7949
vt 0.4645 0.0000 0.9583
vt 0.0002 0.0000 0.9990
vt 0.8277 0.3628 0.0932
vt 0.6560 0.5115 0.1637
vt 1.0210 0.5727 0.1396
vt 0.8491 0.7088 0.2060
vt 0.8716 1.0000 0.3245
vt 0.7173 1.0000 0.3572
vt 0.4577 0.5115 0.2337
vt 0.5718 1.0000 0.3868
vt 0.2956 0.5115 0.3634
vt 0.4816 1.0000 0.4127
vt 0.4621 0.5115 0.7490
vt 0.3963 1.0000 0.3534
vt 0.2965 0.5115 0.6398
vt 0.4325 0.5115 0.8118
vt 0.2122 0.5115 0.8575
vt 0.0177 0.3628 0.9068
vt 0.0617 1.0000 0.6755
vt 0.0392 0.7088 0.7940
vt 0.2250 1.0000 0.6612
vt 0.8491 0.7088 0.7940
vt 0.8716 1.0000 0.6755
vt 0.7173 1.0000 0.6428
vt 0.6560 0.5115 0.8363
vt 0.4577 0.5115 0.7663
vt 0.5718 1.0000 0.6132
vt 0.2956 0.5115 0.6366
vt 0.4816 1.0000 0.5873
vt 0.4621 0.5115 0.2510
vt 0.3963 1.0000 0.6466
vt 0.2965 0.5115 0.3602
vt 0.8312 0.0000 0.2045
vt 0.4325 0.5115 0.1882
vt 0.2122 0.5115 0.1425
vt 0.0177 0.3628 0.0932
vt 0.0392 0.7088 0.2060
vt 0.2250 1.0000 0.3388
vt 0.0617 1.0000 0.3245
vt 0.8277 0.3628 0.9068
vt 0.6117 1.0000 1.0000
vt 0.6117 0.0000 1.0000
vt 0.1228 0.0000 0.1533
vt 0.1228 1.0000 0.1533
vt 0.3467 0.0000 0.0111
vt 0.3467 1.0000 0.0111
vt 0.1228 0.0000 0.8467
vt 0.1228 1.0000 0.8467
vt 0.3467 0.0000 0.9889
vt 0.3467 1.0000 0.9889
vt 0.2302 0.0000 1.0000
vt 0.6572 0.0000 0.9005
vt 0.5345 0.7030 0.7500
vt 0.8202 0.7812 0.7500
vt 0.4153 0.6001 0.7500
vt 0.3063 0.0000 0.0610
vt 0.3872 0.4634 0.7500
vt 0.4762 0.3354 0.7500
vt 0.1761 0.0000 0.1937
vt 0.5421 0.0000 0.0345
vt 0.6381 0.2531 0.7500
vt 0.9496 0.2188 0.7500
vt 0.1798 0.2188 0.7500
vt 0.4655 0.2970 0.7500
vt -0.1315 0.2529 0.8498
vt 0.5421 1.0000 0.0345
vt 0.9932 0.4673 0.0296
vt 0.4720 0.4673 0.0869
vt 0.5849 0.0000 0.0925
vt 0.7754 0.4673 0.2012
vt 0.7681 0.0000 0.2645
vt 0.5612 0.4673 0.0523
vt 0.5569 0.0000 0.1103
vt 0.5650 1.0000 0.0000
vt 0.3326 0.4673 0.0993
vt 0.9390 1.0000 0.6937
vt 0.5937 1.2121 0.0263
vt 0.8063 1.0000 0.1761
vt 0.7013 0.4673 0.8396
vt 0.3305 0.0000 0.1637
vt 0.9507 1.2122 0.6964
vt 0.6572 1.0000 0.9005
vt 0.2234 0.4673 0.9704
vt 0.2302 1.0000 1.0000
vt 0.2159 0.0000 0.9377
vt 0.5896 0.0000 0.8506
vt 0.9856 0.0000 0.0623
vt 0.2302 0.0000 0.0000
vt 0.6572 0.0000 0.0995
vt 0.6528 0.5115 0.1028
vt 0.2295 0.4377 0.0030
vt 0.2277 0.7927 0.0110
vt 0.6407 0.8960 0.1117
vt 0.2250 1.0000 0.0225
vt 0.6328 1.0000 0.1175
vt 0.3122 0.8960 0.0861
vt 0.3151 1.0000 0.0981
vt 0.5631 0.8960 0.0270
vt 0.5621 1.0000 0.0399
vt 0.1977 0.8960 0.7970
vt 0.2080 1.0000 0.7925
vt 0.5526 0.8960 0.9513
vt 0.5576 1.0000 0.9446
vt 0.9948 1.0000 0.9775
vt 0.9975 0.7927 0.9890
vt 0.5449 0.5115 0.9617
vt 0.9993 0.4377 0.9970
vt 0.5421 0.0000 0.9655
vt 0.3079 0.5115 0.0677
vt 0.5645 0.5115 0.0072
vt 0.1761 0.0000 0.8063
vt 0.1819 0.5115 0.8038
vt 0.2278 0.2109 0.0105
vt 0.2252 0.0000 0.0220
vt 0.6408 0.0979 0.1116
vt 0.6334 0.0000 0.1171
vt 0.9140 0.0979 0.3122
vt 0.3148 0.0000 0.0972
vt 0.5622 0.0000 0.0389
vt 0.5631 0.0979 0.0268
vt 0.2072 0.0000 0.7929
vt 0.7970 0.0979 0.1976
vt 0.5572 0.0000 0.9451
vt 0.5525 0.0979 0.9514
vt 0.9949 0.0000 0.9780
vt 0.9976 0.2109 0.9895
vt 0.5449 0.4734 0.9618
vt 0.1819 0.4734 0.8038
vt 0.5645 0.4734 0.0072
vt 0.3079 0.4734 0.0677
vt 0.6528 0.4734 0.1028
vt 0.2296 0.5664 0.0027
vt 0.6572 0.9866 0.0995
vt 0.2302 1.0000 0.0000
vt 0.5421 0.9866 0.9655
vt 0.9994 0.5664 0.9973
vt 0.3063 0.9866 0.0610
vt 0.5650 0.9866 0.0000
vt 0.1761 0.9866 0.8063
vt 0.9993 1.0000 0.9970
vt 0.5442 1.0000 0.9628
vt 0.8045 1.0000 0.1803
vt 0.8063 0.0000 0.1761
vt 0.5647 1.0000 0.0053
vt 0.9341 1.0000 0.3075
vt 0.9390 0.0000 0.3063
vt 0.6540 1.0000 0.1019
vt 0.2295 1.0000 0.0030
vt 0.2234 0.4673 0.0296
vt 0.6572 1.0000 0.0995
vt 0.7013 0.4673 0.1604
vt 0.3063 1.0000 0.9390
vt 0.3305 0.0000 0.8363
vt 0.3326 0.4673 0.9007
vt 0.5612 0.4673 0.9477
vt 0.5650 1.0000 1.0000
vt 0.5569 0.0000 0.8897
vt 0.7754 0.4673 0.7988
vt 0.2645 0.0000 0.7681
vt 0.2159 0.0000 0.0623
vt 0.5897 0.0000 0.1494
vt 0.5849 0.0000 0.9075
vt 0.4720 0.4673 0.9131
vt 0.9932 0.4673 0.9704
vt 0.9856 0.0000 0.9377
vt 0.5421 1.0000 0.9655
vt 0.5938 1.2123 0.9737
vt 0.8063 1.0000 0.8239
vt 0.6937 0.0345 0.0000
vt 0.0345 0.3063 0.0000
vt 0.1937 0.0995 0.0000
vt 0.9005 0.1937 0.0000
vt 0.0000 0.5650 0.0000
vt 1.0000 0.4350 0.0000
vt 0.0995 0.8063 0.0000
vt 0.9655 0.6937 0.0000
vt 0.3063 0.9655 0.0000
vt 0.8063 0.9005 0.0000
vt 0.3063 0.0000 0.9390
vt 0.5847 0.3999 0.7500
vt 0.6128 0.5366 0.7500
vt 0.5650 0.0000 1.0000
vt 0.5238 0.6646 0.7500
vt 0.3619 0.7469 0.7500
vt 0.0504 0.7812 0.7500
vt 0.2295 1.0000 0.9970
vt 0.6540 1.0000 0.8981
vt 0.3075 1.0000 0.9341
vt 0.5647 1.0000 0.9947
vt 0.1803 1.0000 0.1955
vt 0.5442 1.0000 0.0372
vt 0.9993 1.0000 0.0030
vt 0.5572 0.0000 0.0549
vt 0.9949 0.0000 0.0220
vt 0.5525 0.0979 0.0486
vt 0.9976 0.2109 0.0105
vt 0.5449 0.4734 0.0382
vt 0.9994 0.5664 0.0027
vt 0.5421 0.9866 0.0345
vt 0.2296 0.5664 0.9973
vt 0.6528 0.4734 0.8972
vt 0.6572 0.9866 0.9005
vt 0.3079 0.4734 0.9323
vt 0.3063 0.9866 0.9390
vt 0.5645 0.4734 0.9928
vt 0.5650 0.9866 1.0000
vt 0.1819 0.4734 0.1962
vt 0.1761 0.9866 0.1937
vt 0.2278 0.2109 0.9895
vt 0.6408 0.0979 0.8884
vt 0.3122 0.0979 0.9140
vt 0.5631 0.0979 0.9732
vt 0.1976 0.0979 0.2030
vt 0.2252 0.0000 0.9780
vt 0.6334 0.0000 0.8829
vt 0.3148 0.0000 0.9028
vt 0.5622 0.0000 0.9611
vt 0.2072 0.0000 0.2071
vt 0.9993 0.4377 0.0030
vt 0.5449 0.5115 0.0383
vt 0.8038 0.5115 0.8181
vt 0.8063 0.0000 0.8239
vt 0.5645 0.5115 0.9928
vt 0.9323 0.5115 0.6921
vt 0.9390 0.0000 0.6937
vt 0.6528 0.5115 0.8972
vt 0.2295 0.4377 0.9970
vt 0.2277 0.7927 0.9890
vt 0.6407 0.8960 0.8883
vt 0.2250 1.0000 0.9775
vt 0.6328 1.0000 0.8825
vt 0.9139 0.8960 0.6878
vt 0.3150 1.0000 0.9019
vt 0.5631 0.8960 0.9730
vt 0.5621 1.0000 0.9601
vt 0.7970 0.8960 0.8023
vt 0.2080 1.0000 0.2075
vt 0.5526 0.8960 0.0487
vt 0.5576 1.0000 0.0554
vt 0.9975 0.7927 0.0110
vt 0.9948 1.0000 0.0225
vt 0.9330 1.0000 0.7500
vt 0.9330 0.0000 0.7500
# 1575 texture coords

g Block_Compile_Shelving_System_4___Frame
usemtl wire_088144225
s 1
f 385/481/241 386/482/241 387/483/241 388/484/241 
s 2
f 387/483/242 386/482/242 389/485/242 390/486/242 
s 1
f 390/486/243 389/485/243 391/487/243 392/488/243 
s 2
f 388/488/244 393/489/244 394/490/244 385/487/244 
f 392/489/245 391/490/245 395/491/245 396/492/245 
s 1
f 396/492/246 395/491/246 397/493/246 398/494/246 
s 2
f 398/494/247 397/493/247 399/487/247 400/488/247 
s 4
f 388/488/248 387/495/248 390/496/248 393/487/248 
f 393/487/248 390/496/248 392/497/248 401/490/248 
f 401/490/248 392/497/248 396/498/248 398/499/248 
f 398/499/248 400/489/248 401/490/248 
s 1
f 393/488/249 401/489/249 402/490/249 394/487/249 
s 4
f 399/488/250 397/495/250 395/496/250 402/487/250 
f 402/487/250 395/496/250 391/497/250 394/490/250 
f 394/490/250 391/497/250 389/498/250 386/499/250 
f 386/499/250 385/489/250 394/490/250 
s 8
f 399/500/251 402/487/251 401/488/251 400/501/251 
s 1
f 403/487/252 404/488/252 405/502/252 406/503/252 
s 2
f 406/503/253 405/502/253 407/504/253 408/505/253 
s 1
f 408/505/254 407/504/254 409/506/254 410/507/254 
s 2
f 410/507/255 409/506/255 411/508/255 412/509/255 
s 1
f 412/509/256 411/508/256 413/510/256 414/511/256 
s 2
f 414/511/257 413/510/257 415/512/257 416/513/257 
s 1
f 416/514/258 415/515/258 417/510/258 418/511/258 
s 2
f 418/511/259 417/510/259 419/516/259 420/517/259 
s 1
f 420/517/260 419/516/260 392/518/260 391/519/260 
s 2
f 391/519/261 392/518/261 421/520/261 422/521/261 
s 1
f 422/521/262 421/520/262 423/502/262 424/503/262 
s 2
f 424/503/263 423/502/263 404/489/263 403/490/263 
s 4
f 418/522/250 422/523/250 424/524/250 416/525/250 
f 416/525/250 424/524/250 403/526/250 414/527/250 
f 414/527/250 403/526/250 406/528/250 412/529/250 
f 412/529/250 406/528/250 408/530/250 410/518/250 
f 422/523/250 418/522/250 420/531/250 391/519/250 
f 413/528/248 407/529/248 405/527/248 415/526/248 
f 415/526/248 405/527/248 404/525/248 417/524/248 
f 417/524/248 404/525/248 423/522/248 419/523/248 
f 419/523/248 423/522/248 421/531/248 392/519/248 
f 407/529/248 413/528/248 411/530/248 409/518/248 
s 1
f 425/481/241 426/482/241 427/483/241 428/484/241 
s 2
f 427/483/242 426/482/242 429/485/242 430/486/242 
s 1
f 430/486/243 429/485/243 431/487/243 432/488/243 
s 2
f 428/488/244 433/489/244 434/490/244 425/487/244 
f 432/489/245 431/490/245 435/491/245 436/492/245 
s 1
f 436/492/246 435/491/246 437/493/246 438/494/246 
s 2
f 438/494/247 437/493/247 439/487/247 440/488/247 
s 4
f 428/488/248 427/495/248 430/496/248 433/487/248 
f 433/487/248 430/496/248 432/497/248 441/490/248 
f 441/490/248 432/497/248 436/498/248 438/499/248 
f 438/499/248 440/489/248 441/490/248 
s 1
f 433/488/249 441/489/249 442/490/249 434/487/249 
s 4
f 439/488/250 437/495/250 435/496/250 442/487/250 
f 442/487/250 435/496/250 431/497/250 434/490/250 
f 434/490/250 431/497/250 429/498/250 426/499/250 
f 426/499/250 425/489/250 434/490/250 
s 8
f 439/500/251 442/487/251 441/488/251 440/501/251 
s 1
f 443/487/252 444/488/252 445/502/252 446/503/252 
s 2
f 446/503/253 445/502/253 447/504/253 448/505/253 
s 1
f 448/505/254 447/504/254 449/506/254 450/507/254 
s 2
f 450/507/255 449/506/255 451/508/255 452/509/255 
s 1
f 452/509/256 451/508/256 453/510/256 454/511/256 
s 2
f 454/511/257 453/510/257 455/512/257 456/513/257 
s 1
f 456/514/258 455/515/258 457/510/258 458/511/258 
s 2
f 458/511/259 457/510/259 459/516/259 460/517/259 
s 1
f 460/517/260 459/516/260 432/518/260 431/519/260 
s 2
f 431/519/261 432/518/261 461/520/261 462/521/261 
s 1
f 462/521/262 461/520/262 463/502/262 464/503/262 
s 2
f 464/503/263 463/502/263 444/489/263 443/490/263 
s 4
f 458/522/250 462/523/250 464/524/250 456/525/250 
f 456/525/250 464/524/250 443/526/250 454/527/250 
f 454/527/250 443/526/250 446/528/250 452/529/250 
f 452/529/250 446/528/250 448/530/250 450/518/250 
f 462/523/250 458/522/250 460/531/250 431/519/250 
f 453/528/248 447/529/248 445/527/248 455/526/248 
f 455/526/248 445/527/248 444/525/248 457/524/248 
f 457/524/248 444/525/248 463/522/248 459/523/248 
f 459/523/248 463/522/248 461/531/248 432/519/248 
f 447/529/248 453/528/248 451/530/248 449/518/248 
s 1
f 465/490/264 466/532/264 467/533/264 468/489/264 
s 2
f 467/533/265 466/532/265 469/485/265 470/486/265 
s 1
f 470/486/266 469/485/266 471/487/266 472/488/266 
f 473/490/267 474/487/267 475/488/267 476/489/267 
s 4
f 465/490/250 477/487/250 478/534/250 466/535/250 
f 466/535/250 478/534/250 479/536/250 469/537/250 
f 469/537/250 479/536/250 480/538/250 471/539/250 
f 471/539/250 480/538/250 481/540/250 482/541/250 
f 482/541/250 481/540/250 474/488/250 483/542/250 
f 483/542/250 474/488/250 473/489/250 
s 2
f 472/489/268 471/490/268 482/543/268 484/544/268 
s 1
f 484/544/269 482/543/269 483/545/269 485/546/269 
s 2
f 485/546/270 483/545/270 473/514/270 476/515/270 
s 4
f 468/487/248 467/547/248 486/548/248 487/490/248 
f 486/548/248 467/547/248 470/549/248 488/550/248 
f 488/550/248 470/549/248 472/551/248 489/552/248 
f 489/552/248 472/551/248 484/553/248 490/554/248 
f 490/554/248 484/553/248 485/555/248 475/489/248 
f 475/489/248 485/555/248 476/488/248 
s 2
f 474/513/271 481/556/271 490/557/271 475/512/271 
s 1
f 490/557/272 481/556/272 480/558/272 489/559/272 
s 2
f 489/559/251 480/558/251 479/560/251 488/561/251 
s 1
f 488/561/273 479/560/273 478/562/273 486/563/273 
s 2
f 486/563/274 478/562/274 477/487/274 487/488/274 
s 8
f 465/487/249 468/488/249 487/489/249 477/490/249 
s 1
f 491/487/261 492/488/261 493/502/261 494/503/261 
s 2
f 494/503/262 493/502/262 495/516/262 496/517/262 
s 1
f 496/517/263 495/516/263 472/518/263 471/519/263 
s 2
f 471/519/252 472/518/252 497/508/252 498/509/252 
s 1
f 498/509/253 497/508/253 499/510/253 500/511/253 
s 2
f 500/511/254 499/510/254 501/512/254 502/513/254 
s 1
f 502/514/255 501/515/255 503/510/255 504/511/255 
s 2
f 504/511/256 503/510/256 505/504/256 506/505/256 
s 1
f 506/505/257 505/504/257 507/506/257 508/507/257 
s 2
f 508/507/258 507/506/258 509/520/258 510/521/258 
s 1
f 510/521/259 509/520/259 511/502/259 512/503/259 
s 2
f 512/503/260 511/502/260 492/489/260 491/490/260 
s 4
f 504/529/250 510/522/250 512/531/250 502/518/250 
f 502/518/250 512/531/250 491/519/250 500/530/250 
f 500/530/250 491/519/250 494/523/250 498/528/250 
f 498/528/250 494/523/250 496/524/250 471/526/250 
f 510/522/250 504/529/250 506/527/250 508/525/250 
f 499/529/248 495/522/248 493/531/248 501/518/248 
f 501/518/248 493/531/248 492/519/248 503/530/248 
f 503/530/248 492/519/248 511/523/248 505/528/248 
f 505/528/248 511/523/248 509/524/248 507/526/248 
f 495/522/248 499/529/248 497/527/248 472/525/248 
s 1
f 513/564/275 514/565/276 515/566/277 516/567/278 
s 2
f 516/567/279 515/566/280 517/568/280 518/569/281 
s 1
f 518/569/282 517/568/283 519/570/283 520/571/284 
s 2
f 520/571/285 519/570/286 521/572/286 522/573/287 
s 1
f 522/573/288 521/572/289 523/574/290 524/575/291 
s 2
f 524/575/292 523/574/293 525/576/294 526/577/292 
s 4
f 526/577/295 527/578/295 528/579/295 524/575/295 
s 8
f 524/575/296 528/579/296 529/580/296 522/573/296 
s 4
f 522/573/297 529/580/297 530/581/297 520/571/297 
s 8
f 520/571/298 530/581/298 531/582/299 518/569/299 
s 4
f 518/569/300 531/582/300 532/583/301 516/567/301 
s 8
f 516/567/302 532/583/302 533/584/303 513/564/304 
s 1
f 533/584/305 532/583/306 534/585/307 535/586/308 
f 527/578/309 536/587/310 537/588/311 528/579/312 
f 528/579/312 537/588/311 538/589/313 529/580/314 
f 529/580/314 538/589/313 539/590/315 530/581/316 
f 530/581/316 539/590/315 540/591/317 531/582/318 
f 531/582/318 540/591/317 534/585/307 532/583/306 
s 2
f 541/592/319 514/593/320 542/594/321 543/595/319 
s 1
f 543/595/322 542/594/323 544/596/323 545/597/322 
s 2
f 545/597/324 544/596/325 546/598/325 547/599/324 
s 1
f 547/599/326 546/598/327 548/600/327 549/601/326 
s 2
f 549/601/328 548/600/329 550/602/329 551/603/328 
s 1
f 551/603/330 550/602/331 525/604/331 552/605/330 
s 4
f 543/606/248 549/607/248 551/608/248 541/609/248 
f 541/609/248 551/608/248 552/610/248 553/611/248 
f 553/611/248 552/610/248 554/612/248 555/613/248 
f 555/613/248 554/612/248 556/614/248 557/615/248 
f 549/607/248 543/606/248 545/616/248 547/617/248 
s 2
f 552/576/332 525/618/294 523/619/293 554/620/332 
s 1
f 554/620/333 523/619/290 521/621/289 556/572/333 
s 2
f 556/572/334 521/621/286 519/622/286 557/623/334 
s 1
f 557/623/335 519/622/283 517/624/283 555/568/335 
s 2
f 555/568/336 517/624/280 515/625/280 553/566/336 
s 1
f 553/566/337 515/625/277 514/626/276 541/565/337 
f 536/627/310 527/628/309 558/629/338 559/630/339 
f 559/630/339 558/629/338 560/631/340 561/632/341 
f 561/632/341 560/631/340 562/633/342 563/634/343 
f 563/634/343 562/633/342 564/635/344 565/636/345 
f 565/636/345 564/635/344 566/637/346 567/638/347 
f 567/638/347 566/637/346 533/639/305 535/640/308 
s 4
f 533/639/348 566/637/348 568/641/348 513/642/348 
s 2
f 513/642/349 568/641/349 542/595/321 514/592/320 
s 8
f 527/628/350 526/643/350 569/644/351 558/629/351 
s 4
f 558/629/352 569/644/352 570/645/353 560/631/353 
s 8
f 560/631/354 570/645/354 571/646/355 562/633/355 
s 4
f 562/633/356 571/646/356 572/647/357 564/635/357 
s 8
f 564/635/358 572/647/358 568/641/358 566/637/358 
s 1
f 526/643/359 525/605/331 550/603/331 569/644/359 
s 2
f 569/644/360 550/603/329 548/601/329 570/645/361 
s 1
f 570/645/362 548/601/327 546/648/327 571/646/362 
s 2
f 571/646/363 546/648/325 544/597/325 572/647/364 
s 1
f 572/647/365 544/597/323 542/595/323 568/641/365 
f 559/649/339 565/650/345 567/651/347 536/652/310 
f 536/652/310 567/651/347 535/653/308 537/654/311 
f 537/654/311 535/653/308 534/655/307 538/656/313 
f 538/656/313 534/655/307 540/657/317 539/658/315 
f 565/650/345 559/649/339 561/659/341 563/660/343 
f 573/661/366 574/565/367 575/566/368 576/662/369 
s 2
f 576/662/370 575/566/371 577/568/371 578/663/370 
s 4
f 578/663/372 577/568/373 579/570/373 580/664/372 
s 2
f 580/664/374 579/570/375 581/572/375 582/665/374 
s 4
f 582/665/376 581/572/377 583/574/377 584/666/376 
s 1
f 584/666/378 583/574/379 585/576/380 586/667/381 
s 2
f 584/666/382 586/667/383 587/668/384 588/669/385 
s 8
f 584/666/296 588/669/296 589/670/386 582/665/386 
s 1
f 582/665/297 589/670/297 590/671/297 580/664/297 
s 8
f 580/664/299 590/671/299 591/672/299 578/663/299 
s 16
f 578/663/300 591/672/300 592/673/301 576/662/301 
s 4
f 576/662/387 592/673/388 593/674/389 573/661/390 
s 32
f 593/674/391 592/673/392 594/675/393 595/676/394 
f 588/669/395 587/668/396 596/677/397 597/678/398 
f 588/669/395 597/678/398 598/679/313 589/670/314 
f 589/670/314 598/679/313 599/680/315 590/671/316 
f 590/671/316 599/680/315 600/681/317 591/672/318 
f 591/672/318 600/681/317 594/675/393 592/673/392 
s 1
f 601/682/399 602/683/400 603/684/401 
f 603/684/401 602/683/400 604/685/402 
f 603/684/401 604/685/402 605/686/403 
f 605/686/403 604/685/402 606/625/404 607/626/405 
f 604/685/402 602/683/400 608/687/406 609/688/407 
f 609/688/407 608/687/406 610/689/408 611/690/409 
f 611/690/409 610/689/408 612/691/410 613/692/411 
f 613/692/411 612/691/410 614/693/412 615/694/413 
f 615/694/413 614/693/412 616/695/414 
f 616/695/414 614/693/412 617/696/415 
f 616/695/414 618/697/416 615/694/413 
f 615/694/413 618/697/416 619/618/417 620/698/418 
s 4
f 615/694/419 620/698/420 621/621/421 613/692/419 
s 2
f 613/692/422 621/621/423 622/622/423 611/690/422 
s 4
f 611/690/424 622/622/425 623/624/425 609/688/426 
s 2
f 609/688/427 623/624/428 606/625/429 604/685/430 
s 1
f 607/592/405 574/699/367 624/700/431 625/595/432 
s 2
f 625/595/433 624/700/434 626/701/434 627/597/435 
s 4
f 627/597/436 626/701/437 628/702/437 629/599/438 
s 2
f 629/599/439 628/702/440 630/703/440 631/601/439 
s 4
f 631/601/441 630/703/442 632/704/442 633/603/441 
s 1
f 633/603/443 632/704/444 585/705/380 619/605/417 
f 619/604/417 618/706/416 634/707/445 633/602/443 
s 4
f 633/602/441 634/707/446 635/708/447 631/600/441 
s 2
f 631/600/439 635/708/448 636/709/448 629/710/439 
s 4
f 629/710/438 636/709/449 637/711/450 627/596/436 
s 2
f 627/596/435 637/711/451 638/712/452 625/713/433 
s 1
f 625/713/432 638/712/453 605/714/403 607/593/405 
f 605/714/403 638/712/453 603/715/401 
f 603/715/401 638/712/453 639/716/454 
f 603/715/401 639/716/454 601/717/399 
f 618/706/416 616/718/414 634/707/445 
f 634/707/445 616/718/414 640/719/455 
f 634/707/445 640/719/455 641/720/456 635/708/457 
f 635/708/457 641/720/456 642/721/458 636/709/459 
f 636/709/459 642/721/458 643/722/460 637/711/461 
f 637/711/461 643/722/460 639/716/454 638/712/453 
f 616/718/414 617/723/415 640/719/455 
s 32
f 644/649/462 645/650/345 646/651/463 596/652/397 
f 596/652/397 646/651/463 595/653/394 597/654/398 
f 597/654/398 595/653/394 594/655/393 598/656/313 
f 598/656/313 594/655/393 600/657/317 599/658/315 
f 645/650/345 644/649/462 647/659/341 648/660/343 
f 596/724/397 587/725/396 649/726/464 644/727/462 
f 644/727/462 649/726/464 650/728/340 647/729/341 
f 647/729/341 650/728/340 651/730/465 648/731/343 
f 648/731/343 651/730/465 652/732/344 645/733/345 
f 645/733/345 652/732/344 653/734/466 646/735/463 
f 646/735/463 653/734/466 593/736/391 595/737/394 
s 8
f 593/736/467 653/734/468 654/738/469 573/739/470 
s 1
f 573/739/366 654/738/471 624/595/431 574/592/367 
s 2
f 624/595/434 654/738/472 655/740/472 626/597/434 
s 4
f 626/597/437 655/740/473 656/741/473 628/599/437 
s 2
f 628/599/440 656/741/474 657/742/474 630/601/440 
s 4
f 630/601/442 657/742/475 658/743/475 632/603/442 
s 1
f 632/603/444 658/743/476 586/744/381 585/605/380 
s 8
f 586/744/477 658/743/478 649/726/479 587/725/480 
s 16
f 650/728/353 649/726/352 658/743/352 657/742/353 
s 1
f 651/730/354 650/728/354 657/742/354 656/741/354 
s 8
f 652/732/356 651/730/356 656/741/356 655/740/356 
s 16
f 653/734/358 652/732/358 655/740/358 654/738/358 
s 1
f 619/576/417 585/745/380 583/746/379 620/620/418 
s 4
f 620/620/420 583/746/377 581/747/377 621/572/421 
s 2
f 621/572/423 581/747/375 579/748/375 622/623/423 
s 4
f 622/623/425 579/748/373 577/749/373 623/568/425 
s 2
f 623/568/428 577/749/371 575/750/371 606/566/429 
s 1
f 606/566/404 575/750/368 574/751/367 607/565/405 
f 659/752/481 660/753/482 661/754/483 662/755/484 
f 662/755/484 661/754/483 663/756/485 664/757/486 
f 664/757/486 617/618/415 614/619/412 662/755/484 
f 662/755/484 614/619/412 665/758/487 
f 665/758/487 614/619/412 612/621/410 666/759/488 
f 666/759/488 612/621/410 610/622/408 667/760/489 
f 667/760/489 610/622/408 608/624/406 668/761/490 
f 667/760/489 668/761/490 669/762/491 670/763/492 
f 669/762/491 668/761/490 671/764/493 672/765/494 
f 672/765/494 671/764/493 673/766/495 674/767/496 
f 674/767/496 673/766/495 675/768/497 
f 675/768/497 673/766/495 602/625/400 601/626/399 
f 602/625/400 673/766/495 671/764/493 
f 602/625/400 671/764/493 668/761/490 608/624/406 
f 667/760/489 670/763/492 676/769/498 666/759/488 
f 666/759/488 676/769/498 659/752/481 665/758/487 
f 665/758/487 659/752/481 662/755/484 
f 661/770/483 660/771/482 677/772/499 663/773/485 
f 663/773/485 677/772/499 678/774/500 
f 678/774/500 677/772/499 679/775/501 680/776/502 
f 680/776/502 679/775/501 681/777/503 682/778/504 
f 682/778/504 681/777/503 683/779/505 684/780/506 
f 682/778/504 684/780/506 643/596/460 642/598/458 
f 643/596/460 684/780/506 685/781/507 639/713/454 
f 639/713/454 685/781/507 686/782/508 
f 639/713/454 686/782/508 675/783/497 601/593/399 
f 675/783/497 686/782/508 674/784/496 
f 674/784/496 686/782/508 685/781/507 687/785/509 
f 687/785/509 685/781/507 684/780/506 683/779/505 
f 682/778/504 642/598/458 641/600/456 680/776/502 
f 680/776/502 641/600/456 640/602/455 678/774/500 
f 678/774/500 640/602/455 663/773/485 
f 663/773/485 640/602/455 617/604/415 664/786/486 
f 687/606/509 679/607/501 677/608/499 674/609/496 
f 674/609/496 677/608/499 660/610/482 672/611/494 
f 672/611/494 660/610/482 659/612/481 669/613/491 
f 669/613/491 659/612/481 676/614/498 670/615/492 
f 679/607/501 687/606/509 683/616/505 681/617/503 
f 688/787/510 689/488/511 690/788/511 691/789/512 
s 2
f 691/789/513 690/788/514 692/790/514 693/791/513 
s 1
f 693/791/515 692/790/516 694/792/516 695/793/517 
s 2
f 695/793/518 694/792/519 696/794/520 697/795/521 
s 1
f 697/795/522 696/794/523 698/796/524 699/797/525 
s 2
f 699/797/526 698/796/527 700/798/528 701/799/529 
s 4
f 701/799/530 702/800/530 703/801/530 699/797/530 
s 8
f 699/797/531 703/801/531 704/802/532 697/795/532 
s 4
f 697/795/533 704/802/533 705/803/534 695/793/534 
s 8
f 695/793/535 705/803/535 706/804/535 693/791/535 
s 4
f 693/791/536 706/804/536 707/805/537 691/789/537 
s 8
f 691/789/538 707/805/538 708/806/539 688/787/539 
s 1
f 708/806/540 707/805/541 709/807/542 710/808/543 
f 702/800/544 711/809/545 712/810/546 703/801/547 
f 703/801/547 712/810/546 713/811/548 704/802/549 
f 704/802/549 713/811/548 714/812/550 705/803/551 
f 705/803/551 714/812/550 715/813/552 706/804/553 
f 706/804/553 715/813/552 709/807/542 707/805/541 
s 2
f 716/814/554 689/815/555 717/816/555 718/817/554 
s 1
f 718/817/556 717/816/557 719/818/557 720/819/556 
s 2
f 720/819/558 719/818/559 721/820/559 722/821/558 
s 1
f 722/821/560 721/820/561 723/822/561 724/823/560 
s 2
f 724/823/562 723/822/563 725/824/563 726/825/562 
s 1
f 726/825/564 725/824/565 700/514/566 727/515/564 
s 4
f 718/826/248 724/827/248 726/828/248 716/829/248 
f 716/829/248 726/828/248 727/830/248 728/831/248 
f 728/831/248 727/830/248 729/832/248 730/833/248 
f 730/833/248 729/832/248 731/834/248 732/835/248 
f 724/827/248 718/826/248 720/836/248 722/820/248 
s 2
f 727/798/567 700/837/528 698/838/527 729/796/567 
s 1
f 729/796/568 698/838/524 696/839/523 731/840/568 
s 2
f 731/840/569 696/839/520 694/841/519 732/792/569 
s 1
f 732/792/570 694/841/516 692/842/516 730/843/570 
s 2
f 730/843/571 692/842/514 690/844/514 728/788/571 
s 1
f 728/788/572 690/844/511 689/487/511 716/488/572 
f 711/845/545 702/846/544 733/847/573 734/848/574 
f 734/848/574 733/847/573 735/849/575 736/850/576 
f 736/850/576 735/849/575 737/851/577 738/852/578 
f 738/852/578 737/851/577 739/853/579 740/854/580 
f 740/854/580 739/853/579 741/855/581 742/856/582 
f 742/856/582 741/855/581 708/857/540 710/858/543 
s 4
f 708/857/583 741/855/584 743/859/584 688/860/583 
s 2
f 688/860/585 743/859/586 717/817/555 689/814/555 
s 8
f 702/846/587 701/861/587 744/862/587 733/847/587 
s 4
f 733/847/588 744/862/588 745/863/588 735/849/588 
s 8
f 735/849/589 745/863/589 746/864/589 737/851/589 
s 4
f 737/851/590 746/864/590 747/865/590 739/853/590 
s 8
f 739/853/591 747/865/591 743/859/592 741/855/592 
s 1
f 701/861/593 700/515/566 725/825/565 744/862/594 
s 2
f 744/862/595 725/825/563 723/866/563 745/863/595 
s 1
f 745/863/596 723/866/561 721/821/561 746/864/596 
s 2
f 746/864/597 721/821/559 719/867/559 747/865/598 
s 1
f 747/865/599 719/867/557 717/817/557 743/859/599 
f 734/868/574 740/869/580 742/870/582 711/871/545 
f 711/871/545 742/870/582 710/872/543 712/873/546 
f 712/873/546 710/872/543 709/874/542 713/875/548 
f 713/875/548 709/874/542 715/876/552 714/821/550 
f 740/869/580 734/868/574 736/877/576 738/878/578 
f 748/879/600 749/488/601 750/788/602 751/880/603 
s 2
f 751/880/604 750/788/605 752/790/605 753/881/604 
s 4
f 753/881/606 752/790/607 754/792/607 755/882/606 
s 2
f 755/882/608 754/792/609 756/794/609 757/883/608 
s 4
f 757/883/610 756/794/611 758/796/611 759/884/610 
s 1
f 759/884/612 758/796/613 760/798/614 761/885/615 
s 2
f 759/884/616 761/885/617 762/886/618 763/887/619 
s 8
f 759/884/531 763/887/531 764/888/531 757/883/531 
s 1
f 757/883/533 764/888/533 765/889/533 755/882/533 
s 8
f 755/882/620 765/889/535 766/890/535 753/881/535 
s 16
f 753/881/536 766/890/536 767/891/536 751/880/536 
s 4
f 751/880/621 767/891/622 768/892/623 748/879/624 
s 32
f 768/892/625 767/891/626 769/893/627 770/894/628 
f 763/887/629 762/886/630 771/895/631 772/896/632 
f 763/887/629 772/896/632 773/897/633 764/888/549 
f 764/888/549 773/897/633 774/898/550 765/889/551 
f 765/889/551 774/898/550 775/899/552 766/890/553 
f 766/890/553 775/899/552 769/893/627 767/891/626 
s 1
f 776/900/634 777/901/635 778/902/636 
f 778/902/636 777/901/635 779/903/637 
f 778/902/636 779/903/637 780/904/638 
f 780/904/638 779/903/637 781/844/639 782/487/640 
f 779/903/637 777/901/635 783/905/641 784/906/642 
f 784/906/642 783/905/641 785/907/643 786/908/644 
f 786/908/644 785/907/643 787/909/645 788/910/646 
f 788/910/646 787/909/645 789/911/647 790/912/648 
f 790/912/648 789/911/647 791/913/649 
f 791/913/649 789/911/647 792/914/650 
f 791/913/649 793/915/651 790/912/648 
f 790/912/648 793/915/651 794/837/652 795/838/653 
s 4
f 790/912/654 795/838/655 796/839/656 788/910/654 
s 2
f 788/910/657 796/839/658 797/841/658 786/908/659 
s 4
f 786/908/660 797/841/661 798/842/661 784/906/660 
s 2
f 784/906/662 798/842/663 781/844/664 779/903/665 
s 1
f 782/814/640 749/916/601 799/917/666 800/817/667 
s 2
f 800/817/668 799/917/669 801/918/669 802/819/670 
s 4
f 802/819/671 801/918/672 803/919/672 804/821/671 
s 2
f 804/821/673 803/919/674 805/920/674 806/823/673 
s 4
f 806/823/675 805/920/676 807/921/676 808/825/675 
s 1
f 808/825/677 807/921/678 760/922/614 794/515/652 
f 794/514/652 793/923/651 809/924/679 808/824/677 
s 4
f 808/824/675 809/924/680 810/925/680 806/926/675 
s 2
f 806/926/673 810/925/681 811/927/681 804/820/673 
s 4
f 804/820/671 811/927/682 812/928/682 802/929/671 
s 2
f 802/929/670 812/928/683 813/930/684 800/816/668 
s 1
f 800/816/667 813/930/685 780/931/638 782/815/640 
f 780/931/638 813/930/685 778/932/636 
f 778/932/636 813/930/685 814/933/686 
f 778/932/636 814/933/686 776/934/634 
f 793/923/651 791/935/649 809/924/679 
f 809/924/679 791/935/649 815/936/687 
f 809/924/679 815/936/687 816/937/688 810/925/689 
f 810/925/689 816/937/688 817/938/690 811/927/691 
f 811/927/691 817/938/690 818/939/692 812/928/693 
f 812/928/693 818/939/692 814/933/686 813/930/685 
f 791/935/649 792/940/650 815/936/687 
s 32
f 819/868/694 820/869/580 821/870/695 771/871/631 
f 771/871/631 821/870/695 770/872/628 772/873/632 
f 772/873/632 770/872/628 769/874/627 773/875/633 
f 773/875/633 769/874/627 775/876/552 774/821/550 
f 820/869/580 819/868/694 822/877/576 823/878/578 
f 771/941/631 762/942/630 824/943/696 819/944/694 
f 819/944/694 824/943/696 825/945/575 822/946/576 
f 822/946/576 825/945/575 826/947/577 823/948/578 
f 823/948/578 826/947/577 827/949/579 820/950/580 
f 820/950/580 827/949/579 828/951/697 821/952/695 
f 821/952/695 828/951/697 768/953/625 770/954/628 
s 8
f 768/953/698 828/951/699 829/955/700 748/956/701 
s 1
f 748/956/600 829/955/702 799/817/666 749/814/601 
s 2
f 799/817/669 829/955/703 830/957/703 801/819/669 
s 4
f 801/819/672 830/957/704 831/958/704 803/821/672 
s 2
f 803/821/674 831/958/705 832/959/705 805/823/674 
s 4
f 805/823/676 832/959/706 833/960/706 807/825/676 
s 1
f 807/825/678 833/960/707 761/961/615 760/515/614 
s 8
f 761/961/708 833/960/709 824/943/710 762/942/711 
s 16
f 825/945/588 824/943/588 833/960/588 832/959/588 
s 1
f 826/947/589 825/945/589 832/959/589 831/958/589 
s 8
f 827/949/590 826/947/590 831/958/590 830/957/590 
s 16
f 828/951/592 827/949/592 830/957/592 829/955/592 
s 1
f 794/798/652 760/962/614 758/963/613 795/796/653 
s 4
f 795/796/655 758/963/611 756/964/611 796/840/656 
s 2
f 796/840/658 756/964/609 754/965/609 797/792/658 
s 4
f 797/792/661 754/965/607 752/966/607 798/843/661 
s 2
f 798/843/663 752/966/605 750/967/605 781/788/664 
s 1
f 781/788/639 750/967/602 749/968/601 782/488/640 
f 834/969/712 835/970/713 836/971/714 837/972/715 
f 837/972/715 836/971/714 838/973/716 839/974/717 
f 839/974/717 792/837/650 789/838/647 837/972/715 
f 837/972/715 789/838/647 840/975/718 
f 840/975/718 789/838/647 787/839/645 841/976/719 
f 841/976/719 787/839/645 785/841/643 842/977/720 
f 842/977/720 785/841/643 783/978/641 843/979/721 
f 842/977/720 843/979/721 844/980/722 845/981/723 
f 844/980/722 843/979/721 846/982/724 847/983/725 
f 847/983/725 846/982/724 848/984/726 849/985/727 
f 849/985/727 848/984/726 850/986/728 
f 850/986/728 848/984/726 777/844/635 776/487/634 
f 777/844/635 848/984/726 846/982/724 
f 777/844/635 846/982/724 843/979/721 783/978/641 
f 842/977/720 845/981/723 851/987/729 841/976/719 
f 841/976/719 851/987/729 834/969/712 840/975/718 
f 840/975/718 834/969/712 837/972/715 
f 836/988/714 835/989/713 852/990/730 838/991/716 
f 838/991/716 852/990/730 853/992/731 
f 853/992/731 852/990/730 854/993/732 855/994/733 
f 855/994/733 854/993/732 856/995/734 857/996/735 
f 857/996/735 856/995/734 858/997/736 859/998/737 
f 857/996/735 859/998/737 818/929/692 817/820/690 
f 818/929/692 859/998/737 860/999/738 814/816/686 
f 814/816/686 860/999/738 861/1000/739 
f 814/816/686 861/1000/739 850/1001/728 776/815/634 
f 850/1001/728 861/1000/739 849/1002/727 
f 849/1002/727 861/1000/739 860/999/738 862/1003/740 
f 862/1003/740 860/999/738 859/998/737 858/997/736 
f 857/996/735 817/820/690 816/822/688 855/994/733 
f 855/994/733 816/822/688 815/824/687 853/992/731 
f 853/992/731 815/824/687 838/991/716 
f 838/991/716 815/824/687 792/514/650 839/1004/717 
f 862/826/740 854/827/732 852/828/730 849/829/727 
f 849/829/727 852/828/730 835/830/713 847/831/725 
f 847/831/725 835/830/713 834/832/712 844/833/722 
f 844/833/722 834/832/712 851/834/729 845/835/723 
f 854/827/732 862/826/740 858/836/736 856/820/734 
f 863/787/741 864/488/742 865/788/511 866/789/512 
s 2
f 866/789/513 865/788/514 867/790/514 868/791/743 
s 1
f 868/791/517 867/790/516 869/792/516 870/793/744 
s 2
f 870/793/521 869/792/519 871/794/519 872/795/745 
s 1
f 872/795/525 871/794/524 873/796/523 874/797/525 
s 2
f 874/797/526 873/796/528 875/798/527 876/799/746 
s 4
f 876/799/530 877/800/530 878/801/530 874/797/530 
s 8
f 874/797/531 878/801/531 879/802/531 872/795/531 
s 4
f 872/795/533 879/802/533 880/803/533 870/793/533 
s 8
f 870/793/535 880/803/535 881/804/620 868/791/620 
s 4
f 868/791/536 881/804/536 882/805/536 866/789/536 
s 8
f 866/789/747 882/805/747 883/806/747 863/787/747 
s 1
f 883/806/540 882/805/541 884/1005/542 885/808/748 
f 877/800/544 886/809/545 887/810/546 878/801/547 
f 878/801/547 887/810/546 888/811/633 879/802/549 
f 879/802/549 888/811/633 889/812/550 880/803/551 
f 880/803/551 889/812/550 890/813/552 881/804/553 
f 881/804/553 890/813/552 884/1005/542 882/805/541 
s 2
f 891/814/554 864/815/749 892/816/555 893/817/554 
s 1
f 893/817/556 892/816/557 894/818/557 895/819/556 
s 2
f 895/819/558 894/818/750 896/820/559 897/821/558 
s 1
f 897/821/560 896/820/561 898/822/751 899/823/560 
s 2
f 899/823/562 898/822/563 900/824/752 901/825/562 
s 1
f 901/825/753 900/824/754 875/514/565 902/515/753 
s 4
f 893/826/248 899/827/248 901/828/248 891/829/248 
f 891/829/248 901/828/248 902/830/248 903/831/248 
f 903/831/248 902/830/248 904/832/248 905/833/248 
f 905/833/248 904/832/248 906/834/248 907/835/248 
f 899/827/248 893/826/248 895/836/248 897/820/248 
s 2
f 902/798/567 875/837/527 873/838/528 904/796/567 
s 1
f 904/796/568 873/838/523 871/839/524 906/840/568 
s 2
f 906/840/569 871/839/519 869/841/519 907/792/569 
s 1
f 907/792/570 869/841/516 867/842/516 905/843/570 
s 2
f 905/843/571 867/842/514 865/844/514 903/788/571 
s 1
f 903/788/572 865/844/511 864/487/742 891/488/572 
f 886/845/545 877/846/544 908/847/573 909/848/574 
f 909/848/574 908/847/573 910/849/575 911/850/576 
f 911/850/576 910/849/575 912/851/577 913/852/578 
f 913/852/578 912/851/577 914/853/579 915/854/580 
f 915/854/580 914/853/579 916/855/581 917/856/582 
f 917/856/582 916/855/581 883/857/540 885/858/748 
s 4
f 883/857/584 916/855/584 918/1006/584 863/860/584 
s 2
f 863/860/585 918/1006/585 892/817/555 864/814/749 
s 8
f 877/846/587 876/861/587 919/862/587 908/847/587 
s 4
f 908/847/588 919/862/588 920/863/588 910/849/588 
s 8
f 910/849/755 920/863/755 921/864/589 912/851/589 
s 4
f 912/851/590 921/864/590 922/865/590 914/853/590 
s 8
f 914/853/592 922/865/592 918/1006/592 916/855/592 
s 1
f 876/861/756 875/515/565 900/825/754 919/862/757 
s 2
f 919/862/758 900/825/752 898/866/563 920/863/595 
s 1
f 920/863/596 898/866/751 896/821/561 921/864/596 
s 2
f 921/864/597 896/821/559 894/867/750 922/865/759 
s 1
f 922/865/760 894/867/557 892/817/557 918/1006/599 
f 909/868/574 915/869/580 917/870/582 886/871/545 
f 886/871/545 917/870/582 885/872/748 887/873/546 
f 887/873/546 885/872/748 884/874/542 888/875/633 
f 888/875/633 884/874/542 890/876/552 889/821/550 
f 915/869/580 909/868/574 911/877/576 913/878/578 
f 923/879/761 924/488/601 925/788/602 926/880/762 
s 2
f 926/880/604 925/788/605 927/790/605 928/881/604 
s 4
f 928/881/606 927/790/607 929/792/607 930/882/606 
s 2
f 930/882/608 929/792/609 931/794/609 932/883/608 
s 4
f 932/883/610 931/794/611 933/796/611 934/884/610 
s 1
f 934/884/612 933/796/613 935/798/614 936/885/763 
s 2
f 934/884/616 936/885/617 937/886/618 938/887/619 
s 8
f 934/884/531 938/887/531 939/888/532 932/883/532 
s 1
f 932/883/533 939/888/533 940/889/534 930/882/533 
s 8
f 930/882/535 940/889/535 941/890/535 928/881/535 
s 16
f 928/881/536 941/890/536 942/891/536 926/880/536 
s 4
f 926/880/621 942/891/622 943/892/623 923/879/624 
s 32
f 943/892/625 942/891/626 944/893/627 945/894/628 
f 938/887/629 937/886/630 946/895/631 947/896/632 
f 938/887/629 947/896/632 948/897/633 939/888/549 
f 939/888/549 948/897/633 949/898/550 940/889/551 
f 940/889/551 949/898/550 950/899/552 941/890/553 
f 941/890/553 950/899/552 944/893/627 942/891/626 
s 1
f 951/1007/764 952/901/765 953/902/766 
f 953/902/766 952/901/765 954/903/637 
f 953/902/766 954/903/637 955/904/767 
f 955/904/767 954/903/637 956/844/639 957/487/640 
f 954/903/637 952/901/765 958/905/641 959/906/642 
f 959/906/642 958/905/641 960/907/643 961/908/644 
f 961/908/644 960/907/643 962/909/645 963/910/768 
f 963/910/768 962/909/645 964/911/769 965/912/770 
f 965/912/770 964/911/769 966/913/771 
f 966/913/771 964/911/769 967/914/650 
f 966/913/771 968/915/772 965/912/770 
f 965/912/770 968/915/772 969/837/773 970/838/653 
s 4
f 965/912/654 970/838/655 971/839/656 963/910/774 
s 2
f 963/910/659 971/839/775 972/841/775 961/908/659 
s 4
f 961/908/660 972/841/661 973/842/661 959/906/776 
s 2
f 959/906/777 973/842/664 956/844/664 954/903/777 
s 1
f 957/814/640 924/916/601 974/917/778 975/817/779 
s 2
f 975/817/670 974/917/669 976/918/669 977/819/670 
s 4
f 977/819/671 976/918/672 978/919/672 979/821/671 
s 2
f 979/821/673 978/919/674 980/920/674 981/823/780 
s 4
f 981/823/781 980/920/676 982/921/676 983/825/782 
s 1
f 983/825/783 982/921/678 935/922/614 969/515/773 
f 969/514/773 968/923/772 984/924/784 983/824/783 
s 4
f 983/824/782 984/924/785 985/925/786 981/926/781 
s 2
f 981/926/780 985/925/787 986/927/681 979/820/673 
s 4
f 979/820/671 986/927/788 987/928/682 977/929/671 
s 2
f 977/929/670 987/928/683 988/930/683 975/816/670 
s 1
f 975/816/779 988/930/685 955/931/767 957/815/640 
f 955/931/767 988/930/685 953/932/766 
f 953/932/766 988/930/685 989/933/686 
f 953/932/766 989/933/686 951/934/764 
f 968/923/772 966/935/771 984/924/784 
f 984/924/784 966/935/771 990/936/789 
f 984/924/784 990/936/789 991/937/688 985/925/790 
f 985/925/790 991/937/688 992/938/690 986/927/691 
f 986/927/691 992/938/690 993/939/692 987/928/791 
f 987/928/791 993/939/692 989/933/686 988/930/685 
f 966/935/771 967/1008/650 990/936/789 
s 32
f 994/868/694 995/869/580 996/870/792 946/871/631 
f 946/871/631 996/870/792 945/872/628 947/873/632 
f 947/873/632 945/872/628 944/874/627 948/875/633 
f 948/875/633 944/874/627 950/876/552 949/821/550 
f 995/869/580 994/868/694 997/877/576 998/878/578 
f 946/941/631 937/942/630 999/943/793 994/944/694 
f 994/944/694 999/943/793 1000/945/575 997/946/576 
f 997/946/576 1000/945/575 1001/947/577 998/948/578 
f 998/948/578 1001/947/577 1002/949/579 995/950/580 
f 995/950/580 1002/949/579 1003/951/697 996/952/792 
f 996/952/792 1003/951/697 943/953/625 945/954/628 
s 8
f 943/953/698 1003/951/699 1004/955/700 923/956/701 
s 1
f 923/956/761 1004/955/794 974/817/778 924/814/601 
s 2
f 974/817/669 1004/955/703 1005/957/703 976/819/669 
s 4
f 976/819/672 1005/957/704 1006/958/704 978/821/672 
s 2
f 978/821/674 1006/958/705 1007/959/705 980/823/674 
s 4
f 980/823/676 1007/959/706 1008/960/706 982/825/676 
s 1
f 982/825/678 1008/960/707 936/961/763 935/515/614 
s 8
f 936/961/708 1008/960/709 999/943/710 937/942/711 
s 16
f 1000/945/588 999/943/588 1008/960/588 1007/959/588 
s 1
f 1001/947/589 1000/945/589 1007/959/589 1006/958/589 
s 8
f 1002/949/590 1001/947/795 1006/958/590 1005/957/590 
s 16
f 1003/951/592 1002/949/591 1005/957/591 1004/955/592 
s 1
f 969/798/773 935/962/614 933/963/613 970/796/653 
s 4
f 970/796/655 933/963/611 931/964/611 971/840/656 
s 2
f 971/840/775 931/964/609 929/965/609 972/792/775 
s 4
f 972/792/661 929/965/607 927/966/607 973/843/661 
s 2
f 973/843/664 927/966/605 925/967/605 956/788/664 
s 1
f 956/788/639 925/967/602 924/968/601 957/488/640 
f 1009/969/712 1010/970/713 1011/971/714 1012/1009/715 
f 1012/1009/715 1011/971/714 1013/973/716 1014/974/717 
f 1014/974/717 967/837/650 964/838/769 1012/1009/715 
f 1012/1009/715 964/838/769 1015/975/718 
f 1015/975/718 964/838/769 962/839/645 1016/976/719 
f 1016/976/719 962/839/645 960/841/643 1017/977/720 
f 1017/977/720 960/841/643 958/978/641 1018/979/721 
f 1017/977/720 1018/979/721 1019/980/722 1020/981/723 
f 1019/980/722 1018/979/721 1021/982/724 1022/983/725 
f 1022/983/725 1021/982/724 1023/984/726 1024/985/727 
f 1024/985/727 1023/984/726 1025/986/728 
f 1025/986/728 1023/984/726 952/844/765 951/487/764 
f 952/844/765 1023/984/726 1021/982/724 
f 952/844/765 1021/982/724 1018/979/721 958/978/641 
f 1017/977/720 1020/981/723 1026/987/729 1016/976/719 
f 1016/976/719 1026/987/729 1009/969/712 1015/975/718 
f 1015/975/718 1009/969/712 1012/1009/715 
f 1011/988/714 1010/989/713 1027/990/730 1013/991/716 
f 1013/991/716 1027/990/730 1028/992/731 
f 1028/992/731 1027/990/730 1029/993/732 1030/994/733 
f 1030/994/733 1029/993/732 1031/995/734 1032/996/735 
f 1032/996/735 1031/995/734 1033/997/736 1034/998/737 
f 1032/996/735 1034/998/737 993/929/692 992/820/690 
f 993/929/692 1034/998/737 1035/999/738 989/816/686 
f 989/816/686 1035/999/738 1036/1000/739 
f 989/816/686 1036/1000/739 1025/1001/728 951/815/764 
f 1025/1001/728 1036/1000/739 1024/1002/727 
f 1024/1002/727 1036/1000/739 1035/999/738 1037/1003/740 
f 1037/1003/740 1035/999/738 1034/998/737 1033/997/736 
f 1032/996/735 992/820/690 991/822/688 1030/994/733 
f 1030/994/733 991/822/688 990/824/789 1028/992/731 
f 1028/992/731 990/824/789 1013/991/716 
f 1013/991/716 990/824/789 967/514/650 1014/1004/717 
f 1037/826/740 1029/827/732 1027/828/730 1024/829/727 
f 1024/829/727 1027/828/730 1010/830/713 1022/831/725 
f 1022/831/725 1010/830/713 1009/832/712 1019/833/722 
f 1019/833/722 1009/832/712 1026/834/729 1020/835/723 
f 1029/827/732 1037/826/740 1033/836/736 1031/820/734 
f 1038/481/241 1039/482/241 1040/483/241 1041/484/241 
s 2
f 1040/483/242 1039/482/242 1042/485/242 1043/486/242 
s 1
f 1043/486/243 1042/485/243 1044/487/243 1045/488/243 
s 2
f 1041/488/244 1046/489/244 1047/490/244 1038/487/244 
f 1045/489/245 1044/490/245 1048/491/245 1049/492/245 
s 1
f 1049/492/246 1048/491/246 1050/493/246 1051/494/246 
s 2
f 1051/494/247 1050/493/247 1052/487/247 1053/488/247 
s 4
f 1041/488/248 1040/495/248 1043/496/248 1046/487/248 
f 1046/487/248 1043/496/248 1045/497/248 1054/490/248 
f 1054/490/248 1045/497/248 1049/498/248 1051/499/248 
f 1051/499/248 1053/489/248 1054/490/248 
s 1
f 1046/488/249 1054/489/249 1055/490/249 1047/487/249 
s 4
f 1052/488/250 1050/495/250 1048/496/250 1055/487/250 
f 1055/487/250 1048/496/250 1044/497/250 1047/490/250 
f 1047/490/250 1044/497/250 1042/498/250 1039/499/250 
f 1039/499/250 1038/489/250 1047/490/250 
s 8
f 1052/500/251 1055/487/251 1054/488/251 1053/501/251 
s 1
f 1056/487/252 1057/488/252 1058/502/252 1059/503/252 
s 2
f 1059/503/253 1058/502/253 1060/504/253 1061/505/253 
s 1
f 1061/505/254 1060/504/254 1062/506/254 1063/507/254 
s 2
f 1063/507/255 1062/506/255 1064/508/255 1065/509/255 
s 1
f 1065/509/256 1064/508/256 1066/510/256 1067/511/256 
s 2
f 1067/511/257 1066/510/257 1068/512/257 1069/513/257 
s 1
f 1069/514/258 1068/515/258 1070/510/258 1071/511/258 
s 2
f 1071/511/259 1070/510/259 1072/516/259 1073/517/259 
s 1
f 1073/517/260 1072/516/260 1045/518/260 1044/519/260 
s 2
f 1044/519/261 1045/518/261 1074/520/261 1075/521/261 
s 1
f 1075/521/262 1074/520/262 1076/502/262 1077/503/262 
s 2
f 1077/503/263 1076/502/263 1057/489/263 1056/490/263 
s 4
f 1071/522/250 1075/523/250 1077/524/250 1069/525/250 
f 1069/525/250 1077/524/250 1056/526/250 1067/527/250 
f 1067/527/250 1056/526/250 1059/528/250 1065/529/250 
f 1065/529/250 1059/528/250 1061/530/250 1063/518/250 
f 1075/523/250 1071/522/250 1073/531/250 1044/519/250 
f 1066/528/248 1060/529/248 1058/527/248 1068/526/248 
f 1068/526/248 1058/527/248 1057/525/248 1070/524/248 
f 1070/524/248 1057/525/248 1076/522/248 1072/523/248 
f 1072/523/248 1076/522/248 1074/531/248 1045/519/248 
f 1060/529/248 1066/528/248 1064/530/248 1062/518/248 
s 1
f 1078/481/241 1079/482/241 1080/483/241 1081/484/241 
s 2
f 1080/483/242 1079/482/242 1082/485/242 1083/486/242 
s 1
f 1083/486/243 1082/485/243 1084/487/243 1085/488/243 
s 2
f 1081/488/244 1086/489/244 1087/490/244 1078/487/244 
f 1085/489/245 1084/490/245 1088/491/245 1089/492/245 
s 1
f 1089/492/246 1088/491/246 1090/493/246 1091/494/246 
s 2
f 1091/494/247 1090/493/247 1092/487/247 1093/488/247 
s 4
f 1081/488/248 1080/495/248 1083/496/248 1086/487/248 
f 1086/487/248 1083/496/248 1085/497/248 1094/490/248 
f 1094/490/248 1085/497/248 1089/498/248 1091/499/248 
f 1091/499/248 1093/489/248 1094/490/248 
s 1
f 1086/488/249 1094/489/249 1095/490/249 1087/487/249 
s 4
f 1092/488/250 1090/495/250 1088/496/250 1095/487/250 
f 1095/487/250 1088/496/250 1084/497/250 1087/490/250 
f 1087/490/250 1084/497/250 1082/498/250 1079/499/250 
f 1079/499/250 1078/489/250 1087/490/250 
s 8
f 1092/500/251 1095/487/251 1094/488/251 1093/501/251 
s 1
f 1096/487/252 1097/488/252 1098/502/252 1099/503/252 
s 2
f 1099/503/253 1098/502/253 1100/504/253 1101/505/253 
s 1
f 1101/505/254 1100/504/254 1102/506/254 1103/507/254 
s 2
f 1103/507/255 1102/506/255 1104/508/255 1105/509/255 
s 1
f 1105/509/256 1104/508/256 1106/510/256 1107/511/256 
s 2
f 1107/511/257 1106/510/257 1108/512/257 1109/513/257 
s 1
f 1109/514/258 1108/515/258 1110/510/258 1111/511/258 
s 2
f 1111/511/259 1110/510/259 1112/516/259 1113/517/259 
s 1
f 1113/517/260 1112/516/260 1085/518/260 1084/519/260 
s 2
f 1084/519/261 1085/518/261 1114/520/261 1115/521/261 
s 1
f 1115/521/262 1114/520/262 1116/502/262 1117/503/262 
s 2
f 1117/503/263 1116/502/263 1097/489/263 1096/490/263 
s 4
f 1111/522/250 1115/523/250 1117/524/250 1109/525/250 
f 1109/525/250 1117/524/250 1096/526/250 1107/527/250 
f 1107/527/250 1096/526/250 1099/528/250 1105/529/250 
f 1105/529/250 1099/528/250 1101/530/250 1103/518/250 
f 1115/523/250 1111/522/250 1113/531/250 1084/519/250 
f 1106/528/248 1100/529/248 1098/527/248 1108/526/248 
f 1108/526/248 1098/527/248 1097/525/248 1110/524/248 
f 1110/524/248 1097/525/248 1116/522/248 1112/523/248 
f 1112/523/248 1116/522/248 1114/531/248 1085/519/248 
f 1100/529/248 1106/528/248 1104/530/248 1102/518/248 
s 1
f 1118/490/264 1119/532/264 1120/533/264 1121/489/264 
s 2
f 1120/533/265 1119/532/265 1122/485/265 1123/486/265 
s 1
f 1123/486/266 1122/485/266 1124/487/266 1125/488/266 
f 1126/490/267 1127/487/267 1128/488/267 1129/489/267 
s 4
f 1118/490/250 1130/487/250 1131/534/250 1119/535/250 
f 1119/535/250 1131/534/250 1132/536/250 1122/537/250 
f 1122/537/250 1132/536/250 1133/538/250 1124/539/250 
f 1124/539/250 1133/538/250 1134/540/250 1135/541/250 
f 1135/541/250 1134/540/250 1127/488/250 1136/542/250 
f 1136/542/250 1127/488/250 1126/489/250 
s 2
f 1125/489/268 1124/490/268 1135/543/268 1137/544/268 
s 1
f 1137/544/269 1135/543/269 1136/545/269 1138/546/269 
s 2
f 1138/546/270 1136/545/270 1126/514/270 1129/515/270 
s 4
f 1121/487/248 1120/547/248 1139/548/248 1140/490/248 
f 1139/548/248 1120/547/248 1123/549/248 1141/550/248 
f 1141/550/248 1123/549/248 1125/551/248 1142/552/248 
f 1142/552/248 1125/551/248 1137/553/248 1143/554/248 
f 1143/554/248 1137/553/248 1138/555/248 1128/489/248 
f 1128/489/248 1138/555/248 1129/488/248 
s 2
f 1127/513/271 1134/556/271 1143/557/271 1128/512/271 
s 1
f 1143/557/272 1134/556/272 1133/558/272 1142/559/272 
s 2
f 1142/559/251 1133/558/251 1132/560/251 1141/561/251 
s 1
f 1141/561/273 1132/560/273 1131/562/273 1139/563/273 
s 2
f 1139/563/274 1131/562/274 1130/487/274 1140/488/274 
s 8
f 1118/487/249 1121/488/249 1140/489/249 1130/490/249 
s 1
f 1144/487/261 1145/488/261 1146/502/261 1147/503/261 
s 2
f 1147/503/262 1146/502/262 1148/516/262 1149/517/262 
s 1
f 1149/517/263 1148/516/263 1125/518/263 1124/519/263 
s 2
f 1124/519/252 1125/518/252 1150/508/252 1151/509/252 
s 1
f 1151/509/253 1150/508/253 1152/510/253 1153/511/253 
s 2
f 1153/511/254 1152/510/254 1154/512/254 1155/513/254 
s 1
f 1155/514/255 1154/515/255 1156/510/255 1157/511/255 
s 2
f 1157/511/256 1156/510/256 1158/504/256 1159/505/256 
s 1
f 1159/505/257 1158/504/257 1160/506/257 1161/507/257 
s 2
f 1161/507/258 1160/506/258 1162/520/258 1163/521/258 
s 1
f 1163/521/259 1162/520/259 1164/502/259 1165/503/259 
s 2
f 1165/503/260 1164/502/260 1145/489/260 1144/490/260 
s 4
f 1157/529/250 1163/522/250 1165/531/250 1155/518/250 
f 1155/518/250 1165/531/250 1144/519/250 1153/530/250 
f 1153/530/250 1144/519/250 1147/523/250 1151/528/250 
f 1151/528/250 1147/523/250 1149/524/250 1124/526/250 
f 1163/522/250 1157/529/250 1159/527/250 1161/525/250 
f 1152/529/248 1148/522/248 1146/531/248 1154/518/248 
f 1154/518/248 1146/531/248 1145/519/248 1156/530/248 
f 1156/530/248 1145/519/248 1164/523/248 1158/528/248 
f 1158/528/248 1164/523/248 1162/524/248 1160/526/248 
f 1148/522/248 1152/529/248 1150/527/248 1125/525/248 
s 1
f 1166/489/260 1167/490/260 1168/503/260 1169/502/260 
s 2
f 1169/502/259 1168/503/259 1170/1010/259 1171/1011/259 
s 1
f 1171/1011/258 1170/1010/258 1172/507/258 1173/506/258 
s 2
f 1173/506/257 1172/507/257 1174/1012/257 1175/1013/257 
s 1
f 1175/1013/256 1174/1012/256 1176/511/256 1177/510/256 
s 2
f 1177/510/255 1176/511/255 1178/514/255 1179/515/255 
s 1
f 1179/512/254 1178/513/254 1180/511/254 1181/510/254 
s 2
f 1181/510/253 1180/511/253 1182/1014/253 1183/1015/253 
s 1
f 1183/1015/252 1182/1014/252 1184/519/252 1185/518/252 
s 2
f 1185/518/263 1184/519/263 1186/1016/263 1187/1017/263 
s 1
f 1187/1017/262 1186/1016/262 1188/503/262 1189/502/262 
s 2
f 1189/502/261 1188/503/261 1167/487/261 1166/488/261 
s 4
f 1181/529/248 1187/522/248 1189/531/248 1179/518/248 
f 1179/518/248 1189/531/248 1166/519/248 1177/530/248 
f 1177/530/248 1166/519/248 1169/523/248 1175/528/248 
f 1175/528/248 1169/523/248 1171/524/248 1173/526/248 
f 1187/522/248 1181/529/248 1183/527/248 1185/525/248 
f 1176/529/250 1170/522/250 1168/531/250 1178/518/250 
f 1178/518/250 1168/531/250 1167/519/250 1180/530/250 
f 1180/530/250 1167/519/250 1188/523/250 1182/528/250 
f 1182/528/250 1188/523/250 1186/524/250 1184/526/250 
f 1170/522/250 1176/529/250 1174/527/250 1172/525/250 
s 1
f 1190/481/241 1191/482/241 1192/483/241 1193/484/241 
s 2
f 1192/483/242 1191/482/242 1194/485/242 1195/486/242 
s 1
f 1195/486/243 1194/485/243 1196/487/243 1197/488/243 
s 2
f 1193/488/244 1198/489/244 1199/490/244 1190/487/244 
f 1197/489/245 1196/490/245 1200/491/245 1201/492/245 
s 1
f 1201/492/246 1200/491/246 1202/493/246 1203/494/246 
s 2
f 1203/494/247 1202/493/247 1204/487/247 1205/488/247 
s 4
f 1193/488/248 1192/495/248 1195/496/248 1198/487/248 
f 1198/487/248 1195/496/248 1197/497/248 1206/490/248 
f 1206/490/248 1197/497/248 1201/498/248 1203/499/248 
f 1203/499/248 1205/489/248 1206/490/248 
s 1
f 1198/488/249 1206/489/249 1207/490/249 1199/487/249 
s 4
f 1204/488/250 1202/495/250 1200/496/250 1207/487/250 
f 1207/487/250 1200/496/250 1196/497/250 1199/490/250 
f 1199/490/250 1196/497/250 1194/498/250 1191/499/250 
f 1191/499/250 1190/489/250 1199/490/250 
s 8
f 1204/500/251 1207/487/251 1206/488/251 1205/501/251 
s 1
f 1208/487/252 1209/488/252 1210/502/252 1211/503/252 
s 2
f 1211/503/253 1210/502/253 1212/504/253 1213/505/253 
s 1
f 1213/505/254 1212/504/254 1214/506/254 1215/507/254 
s 2
f 1215/507/255 1214/506/255 1216/508/255 1217/509/255 
s 1
f 1217/509/256 1216/508/256 1218/510/256 1219/511/256 
s 2
f 1219/511/257 1218/510/257 1220/512/257 1221/513/257 
s 1
f 1221/514/258 1220/515/258 1222/510/258 1223/511/258 
s 2
f 1223/511/259 1222/510/259 1224/516/259 1225/517/259 
s 1
f 1225/517/260 1224/516/260 1226/518/260 1227/519/260 
s 2
f 1227/519/261 1226/518/261 1228/520/261 1229/521/261 
s 1
f 1229/521/262 1228/520/262 1230/502/262 1231/503/262 
s 2
f 1231/503/263 1230/502/263 1209/489/263 1208/490/263 
s 4
f 1223/522/250 1229/523/250 1231/524/250 1221/525/250 
f 1221/525/250 1231/524/250 1208/526/250 1219/527/250 
f 1219/527/250 1208/526/250 1211/528/250 1217/529/250 
f 1217/529/250 1211/528/250 1213/530/250 1215/518/250 
f 1229/523/250 1223/522/250 1225/531/250 1227/519/250 
f 1218/528/248 1212/529/248 1210/527/248 1220/526/248 
f 1220/526/248 1210/527/248 1209/525/248 1222/524/248 
f 1222/524/248 1209/525/248 1230/522/248 1224/523/248 
f 1224/523/248 1230/522/248 1228/531/248 1226/519/248 
f 1212/529/248 1218/528/248 1216/530/248 1214/518/248 
s 1
f 1232/487/252 1233/488/252 1234/502/252 1235/503/252 
s 2
f 1235/503/253 1234/502/253 1236/504/253 1237/505/253 
s 1
f 1237/505/254 1236/504/254 1238/506/254 1239/507/254 
s 2
f 1239/507/255 1238/506/255 1240/508/255 1241/509/255 
s 1
f 1241/509/256 1240/508/256 1242/510/256 1243/511/256 
s 2
f 1243/511/257 1242/510/257 1244/512/257 1245/513/257 
s 1
f 1245/514/258 1244/515/258 1246/510/258 1247/511/258 
s 2
f 1247/511/259 1246/510/259 1248/516/259 1249/517/259 
s 1
f 1249/517/260 1248/516/260 1197/518/260 1196/519/260 
s 2
f 1196/519/261 1197/518/261 1250/520/261 1251/521/261 
s 1
f 1251/521/262 1250/520/262 1252/502/262 1253/503/262 
s 2
f 1253/503/263 1252/502/263 1233/489/263 1232/490/263 
s 4
f 1247/522/250 1251/523/250 1253/524/250 1245/525/250 
f 1245/525/250 1253/524/250 1232/526/250 1243/527/250 
f 1243/527/250 1232/526/250 1235/528/250 1241/529/250 
f 1241/529/250 1235/528/250 1237/530/250 1239/518/250 
f 1251/523/250 1247/522/250 1249/531/250 1196/519/250 
f 1242/528/248 1236/529/248 1234/527/248 1244/526/248 
f 1244/526/248 1234/527/248 1233/525/248 1246/524/248 
f 1246/524/248 1233/525/248 1252/522/248 1248/523/248 
f 1248/523/248 1252/522/248 1250/531/248 1197/519/248 
f 1236/529/248 1242/528/248 1240/530/248 1238/518/248 
s 1
f 1254/481/241 1255/482/241 1256/483/241 1257/484/241 
s 2
f 1256/483/242 1255/482/242 1258/485/242 1259/486/242 
s 1
f 1259/486/243 1258/485/243 1227/487/243 1226/488/243 
s 2
f 1257/488/244 1260/489/244 1261/490/244 1254/487/244 
f 1226/489/245 1227/490/245 1262/491/245 1263/492/245 
s 1
f 1263/492/246 1262/491/246 1264/493/246 1265/494/246 
s 2
f 1265/494/247 1264/493/247 1266/487/247 1267/488/247 
s 4
f 1257/488/248 1256/495/248 1259/496/248 1260/487/248 
f 1260/487/248 1259/496/248 1226/497/248 1268/490/248 
f 1268/490/248 1226/497/248 1263/498/248 1265/499/248 
f 1265/499/248 1267/489/248 1268/490/248 
s 1
f 1260/488/249 1268/489/249 1269/490/249 1261/487/249 
s 4
f 1266/488/250 1264/495/250 1262/496/250 1269/487/250 
f 1269/487/250 1262/496/250 1227/497/250 1261/490/250 
f 1261/490/250 1227/497/250 1258/498/250 1255/499/250 
f 1255/499/250 1254/489/250 1261/490/250 
s 8
f 1266/500/251 1269/487/251 1268/488/251 1267/501/251 
s 1
f 1270/490/264 1271/532/264 1272/533/264 1273/489/264 
s 2
f 1272/533/265 1271/532/265 1274/485/265 1275/486/265 
s 1
f 1275/486/266 1274/485/266 1276/487/266 1277/488/266 
f 1278/490/267 1279/487/267 1280/488/267 1281/489/267 
s 4
f 1270/490/250 1282/487/250 1283/534/250 1271/535/250 
f 1271/535/250 1283/534/250 1284/536/250 1274/537/250 
f 1274/537/250 1284/536/250 1285/538/250 1276/539/250 
f 1276/539/250 1285/538/250 1286/540/250 1287/541/250 
f 1287/541/250 1286/540/250 1279/488/250 1288/542/250 
f 1288/542/250 1279/488/250 1278/489/250 
s 2
f 1277/489/268 1276/490/268 1287/543/268 1289/544/268 
s 1
f 1289/544/269 1287/543/269 1288/545/269 1290/546/269 
s 2
f 1290/546/270 1288/545/270 1278/514/270 1281/515/270 
s 4
f 1273/487/248 1272/547/248 1291/548/248 1292/490/248 
f 1291/548/248 1272/547/248 1275/549/248 1293/550/248 
f 1293/550/248 1275/549/248 1277/551/248 1294/552/248 
f 1294/552/248 1277/551/248 1289/553/248 1295/554/248 
f 1295/554/248 1289/553/248 1290/555/248 1280/489/248 
f 1280/489/248 1290/555/248 1281/488/248 
s 2
f 1279/513/271 1286/556/271 1295/557/271 1280/512/271 
s 1
f 1295/557/272 1286/556/272 1285/558/272 1294/559/272 
s 2
f 1294/559/251 1285/558/251 1284/560/251 1293/561/251 
s 1
f 1293/561/273 1284/560/273 1283/562/273 1291/563/273 
s 2
f 1291/563/274 1283/562/274 1282/487/274 1292/488/274 
s 8
f 1270/487/249 1273/488/249 1292/489/249 1282/490/249 
s 1
f 1296/487/261 1297/488/261 1298/502/261 1299/503/261 
s 2
f 1299/503/262 1298/502/262 1300/516/262 1301/517/262 
s 1
f 1301/517/263 1300/516/263 1277/518/263 1276/519/263 
s 2
f 1276/519/252 1277/518/252 1302/508/252 1303/509/252 
s 1
f 1303/509/253 1302/508/253 1304/510/253 1305/511/253 
s 2
f 1305/511/254 1304/510/254 1306/512/254 1307/513/254 
s 1
f 1307/514/255 1306/515/255 1308/510/255 1309/511/255 
s 2
f 1309/511/256 1308/510/256 1310/504/256 1311/505/256 
s 1
f 1311/505/257 1310/504/257 1312/506/257 1313/507/257 
s 2
f 1313/507/258 1312/506/258 1314/520/258 1315/521/258 
s 1
f 1315/521/259 1314/520/259 1316/502/259 1317/503/259 
s 2
f 1317/503/260 1316/502/260 1297/489/260 1296/490/260 
s 4
f 1309/529/250 1315/522/250 1317/531/250 1307/518/250 
f 1307/518/250 1317/531/250 1296/519/250 1305/530/250 
f 1305/530/250 1296/519/250 1299/523/250 1303/528/250 
f 1303/528/250 1299/523/250 1301/524/250 1276/526/250 
f 1315/522/250 1309/529/250 1311/527/250 1313/525/250 
f 1304/529/248 1300/522/248 1298/531/248 1306/518/248 
f 1306/518/248 1298/531/248 1297/519/248 1308/530/248 
f 1308/530/248 1297/519/248 1316/523/248 1310/528/248 
f 1310/528/248 1316/523/248 1314/524/248 1312/526/248 
f 1300/522/248 1304/529/248 1302/527/248 1277/525/248 
s 1
f 1318/489/260 1319/490/260 1320/503/260 1321/502/260 
s 2
f 1321/502/259 1320/503/259 1322/1010/259 1323/1011/259 
s 1
f 1323/1011/258 1322/1010/258 1324/507/258 1325/506/258 
s 2
f 1325/506/257 1324/507/257 1326/1012/257 1327/1013/257 
s 1
f 1327/1013/256 1326/1012/256 1328/511/256 1329/510/256 
s 2
f 1329/510/255 1328/511/255 1330/514/255 1331/515/255 
s 1
f 1331/512/254 1330/513/254 1332/511/254 1333/510/254 
s 2
f 1333/510/253 1332/511/253 1334/1014/253 1335/1015/253 
s 1
f 1335/1015/252 1334/1014/252 1336/519/252 1337/518/252 
s 2
f 1337/518/263 1336/519/263 1338/1016/263 1339/1017/263 
s 1
f 1339/1017/262 1338/1016/262 1340/503/262 1341/502/262 
s 2
f 1341/502/261 1340/503/261 1319/487/261 1318/488/261 
s 4
f 1333/529/248 1339/522/248 1341/531/248 1331/518/248 
f 1331/518/248 1341/531/248 1318/519/248 1329/530/248 
f 1329/530/248 1318/519/248 1321/523/248 1327/528/248 
f 1327/528/248 1321/523/248 1323/524/248 1325/526/248 
f 1339/522/248 1333/529/248 1335/527/248 1337/525/248 
f 1328/529/250 1322/522/250 1320/531/250 1330/518/250 
f 1330/518/250 1320/531/250 1319/519/250 1332/530/250 
f 1332/530/250 1319/519/250 1340/523/250 1334/528/250 
f 1334/528/250 1340/523/250 1338/524/250 1336/526/250 
f 1322/522/250 1328/529/250 1326/527/250 1324/525/250 
s 1
f 1342/1018/796 1343/1019/796 1344/1020/796 1345/1021/796 
s 2
f 1345/1021/797 1344/1020/797 1346/1022/797 1347/1023/797 
s 1
f 1347/1023/798 1346/1022/798 1348/1019/798 1349/1018/798 
s 2
f 1349/1018/799 1348/1019/799 1350/1024/799 1351/1025/799 
s 1
f 1351/1025/800 1350/1024/800 1352/1026/800 1353/1027/800 
s 2
f 1353/1027/801 1352/1026/801 1354/1028/801 1355/1029/801 
s 1
f 1355/1029/802 1354/1028/802 1356/1024/802 1357/1025/802 
s 2
f 1357/1025/803 1356/1024/803 1358/1026/803 1359/1027/803 
s 1
f 1359/1027/804 1358/1026/804 1360/1028/804 1361/1029/804 
s 2
f 1361/1029/805 1360/1028/805 1362/1020/805 1363/1021/805 
s 1
f 1363/1021/806 1362/1020/806 1364/1022/806 1365/1023/806 
s 2
f 1365/1023/807 1364/1022/807 1343/1019/807 1342/1018/807 
s 4
f 1347/1030/248 1353/1031/248 1355/1032/248 1345/1033/248 
f 1345/1033/248 1355/1032/248 1357/1034/248 1342/1035/248 
f 1342/1035/248 1357/1034/248 1359/1026/248 1365/1036/248 
f 1365/1036/248 1359/1026/248 1361/1037/248 1363/1038/248 
f 1353/1031/248 1347/1030/248 1349/1039/248 1351/1040/248 
f 1343/1041/250 1360/1042/250 1358/1043/250 1344/1044/250 
f 1344/1044/250 1358/1043/250 1356/1045/250 1346/1027/250 
f 1346/1027/250 1356/1045/250 1354/1046/250 1348/1047/250 
f 1348/1047/250 1354/1046/250 1352/1048/250 1350/1049/250 
f 1360/1042/250 1343/1041/250 1364/1050/250 1362/1051/250 
s 1
f 1366/1052/808 1367/1053/809 1368/1054/810 1369/1055/811 
f 1369/1055/811 1368/1054/810 1370/1056/812 1371/1057/813 
f 1371/1057/813 1370/1056/812 1372/1058/814 1373/1059/815 
f 1373/1059/815 1372/1058/814 1374/1060/816 1375/1061/817 
f 1374/1060/816 1372/1058/814 1370/1056/812 1376/1062/248 
f 1367/1063/809 1377/1064/818 1376/1065/248 1368/1066/810 
f 1378/490/819 1379/1067/820 1380/1068/821 1381/1069/822 
f 1381/1069/822 1380/1068/821 1374/1060/816 1376/1062/248 
f 1379/1067/820 1375/1061/817 1374/1060/816 1380/1068/821 
f 1368/1054/810 1376/1062/248 1370/1056/812 
f 1382/1070/823 1383/1071/824 1384/1072/825 1385/1073/826 
f 1385/1073/826 1384/1072/825 1386/1074/827 1387/1075/828 
f 1387/1075/828 1386/1074/827 1388/1076/829 
f 1383/1071/824 1382/1070/823 1389/1077/830 1390/1078/831 
f 1389/1077/830 1382/1070/823 1391/1079/832 1392/1080/833 
f 1389/1077/830 1392/1080/833 1393/1081/834 
f 1393/1081/834 1392/1080/833 1394/489/835 
f 1395/1082/836 1396/1083/837 1393/1081/834 
f 1393/1081/834 1396/1083/837 1389/1077/830 
f 1396/1083/837 1390/1078/831 1389/1077/830 
f 1390/1078/831 1386/1074/827 1384/1072/825 1383/1071/824 
f 1387/1075/828 1388/1076/829 1397/1084/838 1398/1085/839 
f 1398/1085/839 1397/1084/838 1399/1086/840 
f 1399/1086/840 1397/1084/838 1400/1087/841 
f 1401/1088/842 1402/1089/843 1399/1086/840 
f 1399/1086/840 1402/1089/843 1398/1085/839 
f 1402/1089/843 1403/1090/844 1404/1091/845 1398/1085/839 
f 1398/1085/839 1404/1091/845 1387/1075/828 
f 1404/1091/845 1385/1073/826 1387/1075/828 
s 2
f 1405/490/846 1406/1067/847 1407/1092/848 1408/1093/849 
s 1
f 1408/1093/850 1407/1092/851 1409/1094/852 
f 1409/1094/852 1407/1092/851 1410/1095/853 
f 1409/1094/852 1410/1095/853 1411/1096/854 
f 1411/1096/854 1410/1095/853 1412/1097/855 
f 1412/1097/855 1410/1095/853 1413/1098/856 1414/1099/857 
f 1414/1099/857 1413/1098/856 1415/1100/858 1378/1101/819 
f 1378/1101/819 1415/1100/858 1416/1102/859 1379/1103/820 
f 1379/1103/820 1416/1102/859 1417/1104/860 1375/1105/817 
f 1375/1105/817 1417/1104/860 1373/1106/815 
f 1373/1106/815 1417/1104/860 1418/1107/861 
f 1418/1107/861 1417/1104/860 1419/1108/862 
f 1418/1107/861 1419/1108/862 1420/1109/863 
s 2
f 1420/1109/864 1419/1108/865 1421/1055/866 1422/1052/867 
s 4
f 1407/1092/868 1406/1067/869 1423/1110/869 1424/1111/870 
s 1
f 1424/1111/871 1423/1110/872 1425/1112/873 1426/1113/871 
s 2
f 1426/1113/874 1425/1112/875 1427/1114/876 1428/1115/877 
s 4
f 1428/1115/878 1427/1114/879 1421/1055/880 1419/1108/881 
s 8
f 1413/1098/882 1410/1095/882 1407/1092/882 1424/1111/882 
s 16
f 1415/1100/883 1413/1098/883 1424/1111/883 1426/1113/883 
s 8
f 1416/1102/884 1415/1100/884 1426/1113/884 1428/1115/884 
s 16
f 1417/1104/885 1416/1102/885 1428/1115/885 1419/1108/885 
s 1
f 1392/1116/833 1429/1117/886 1430/1118/887 1394/1119/835 
f 1394/1119/835 1430/1118/887 1431/1120/888 1432/1121/889 
f 1432/1121/889 1431/1120/888 1433/1122/890 1434/1123/891 
f 1434/1123/891 1433/1122/890 1435/1124/892 
f 1435/1124/892 1433/1122/890 1436/1125/893 
f 1436/1125/893 1433/1122/890 1437/1126/894 
f 1436/1125/893 1437/1126/894 1438/1127/895 
s 2
f 1438/1127/896 1437/1126/897 1439/1128/898 1440/489/899 
f 1441/1088/900 1442/1129/901 1443/1130/902 1444/1131/903 
s 1
f 1444/1131/904 1443/1130/905 1445/1132/906 
f 1445/1132/906 1443/1130/905 1391/1133/832 
f 1445/1132/906 1391/1133/832 1385/1134/826 
f 1385/1134/826 1391/1133/832 1382/1135/823 
f 1392/1116/833 1391/1133/832 1429/1117/886 
s 8
f 1429/1117/907 1446/1136/907 1447/1137/907 1430/1118/907 
s 16
f 1430/1118/908 1447/1137/908 1448/1138/909 1431/1120/909 
s 8
f 1431/1120/910 1448/1138/910 1437/1126/911 1433/1122/911 
s 2
f 1446/1136/912 1449/1139/913 1450/1140/913 1447/1137/912 
s 1
f 1447/1137/914 1450/1140/915 1451/1141/915 1448/1138/916 
s 4
f 1448/1138/917 1451/1141/918 1439/1128/919 1437/1126/920 
s 16
f 1391/1133/921 1443/1130/921 1446/1136/922 1429/1117/922 
s 4
f 1443/1130/923 1442/1129/924 1449/1139/924 1446/1136/925 
s 2
f 1441/1052/900 1422/1142/867 1421/1143/866 1442/1055/901 
s 4
f 1442/1055/924 1421/1143/880 1427/1144/879 1449/1145/924 
s 2
f 1449/1145/913 1427/1144/876 1425/1146/875 1450/1112/913 
s 1
f 1450/1112/915 1425/1146/873 1423/1147/872 1451/1148/915 
s 4
f 1451/1148/918 1423/1147/869 1406/1149/869 1439/1067/919 
s 2
f 1439/1067/898 1406/1149/847 1405/1150/846 1440/490/899 
s 1
f 1395/1151/836 1393/1152/834 1452/1153/926 
f 1452/1153/926 1393/1152/834 1453/1154/927 
f 1452/1153/926 1453/1154/927 1454/1155/928 1455/1156/929 
f 1455/1156/929 1454/1155/928 1456/1157/930 1457/1158/931 
f 1457/1158/931 1456/1157/930 1435/1159/892 1458/1160/932 
f 1458/1160/932 1435/1159/892 1459/1161/933 
f 1394/1162/835 1432/1163/889 1393/1152/834 
f 1393/1152/834 1432/1163/889 1453/1154/927 
f 1432/1163/889 1434/1164/891 1453/1154/927 
f 1453/1154/927 1434/1164/891 1454/1155/928 
f 1434/1164/891 1435/1159/892 1456/1157/930 1454/1155/928 
f 1458/1160/932 1459/1161/933 1460/1165/934 1461/1166/935 
f 1460/1165/934 1459/1161/933 1462/1167/936 1463/1168/937 
f 1460/1165/934 1463/1168/937 1399/1169/840 
f 1399/1169/840 1463/1168/937 1401/512/842 
f 1400/1170/841 1464/1171/938 1399/1169/840 
f 1399/1169/840 1464/1171/938 1460/1165/934 
f 1464/1171/938 1461/1166/935 1460/1165/934 
f 1461/1166/935 1457/1158/931 1458/1160/932 
f 1400/1159/841 1397/1172/838 1461/1173/935 1464/1174/938 
f 1461/1173/935 1397/1172/838 1388/1175/829 1457/1176/931 
f 1457/1176/931 1388/1175/829 1386/1177/827 1455/1178/929 
f 1455/1178/929 1386/1177/827 1390/1179/831 1452/1180/926 
f 1452/1180/926 1390/1179/831 1396/1181/837 1395/1182/836 
f 1378/1183/819 1381/1184/822 1465/1185/939 1414/1186/857 
f 1414/1186/857 1465/1185/939 1466/1187/940 1412/1145/855 
f 1412/1145/855 1466/1187/940 1467/1188/941 1411/1112/854 
f 1411/1112/854 1467/1188/941 1468/1189/942 1469/1110/943 
f 1468/1189/942 1467/1188/941 1466/1187/940 1376/1065/248 
f 1381/1184/822 1376/1065/248 1466/1187/940 1465/1185/939 
f 1366/513/808 1470/1190/944 1377/1064/818 1367/1063/809 
f 1470/1190/944 1469/1110/943 1468/1189/942 1377/1064/818 
f 1377/1064/818 1468/1189/942 1376/1065/248 
s 4
f 1440/1183/945 1405/1191/946 1471/1192/947 1472/1186/948 
s 2
f 1472/1186/949 1471/1192/950 1473/1193/951 1474/1057/952 
s 1
f 1474/1057/953 1473/1193/954 1475/1194/954 1476/1059/953 
s 2
f 1476/1059/955 1475/1194/956 1477/1195/956 1478/1196/957 
s 4
f 1478/1196/958 1477/1195/959 1479/1197/959 1480/1190/960 
s 8
f 1480/1190/961 1479/1197/962 1422/1198/963 1441/513/964 
f 1480/1199/961 1441/512/964 1444/1200/965 1481/1201/966 
s 1
f 1481/1201/967 1444/1200/904 1445/1202/906 
f 1481/1201/967 1445/1202/906 1482/1203/968 
f 1482/1203/968 1445/1202/906 1385/1204/826 
f 1482/1203/968 1385/1204/826 1404/1205/845 
f 1482/1203/968 1404/1205/845 1403/1206/844 
f 1403/1206/844 1402/1207/843 1401/1208/842 1483/1209/969 
f 1483/1209/969 1401/1208/842 1463/1210/937 1484/1211/970 
f 1484/1211/970 1463/1210/937 1462/1212/936 
f 1462/1212/936 1459/1213/933 1435/1214/892 
f 1435/1214/892 1436/1215/893 1462/1212/936 
f 1462/1212/936 1436/1215/893 1485/1216/971 
s 8
f 1462/1212/972 1485/1216/972 1486/1217/973 1484/1211/973 
s 4
f 1484/1211/974 1486/1217/974 1487/1218/974 1483/1209/974 
s 8
f 1483/1209/975 1487/1218/975 1488/1219/976 1403/1206/976 
s 16
f 1403/1206/977 1488/1219/977 1481/1201/978 1482/1203/978 
s 1
f 1436/1215/893 1438/1220/895 1485/1216/971 
s 4
f 1485/1216/979 1438/1220/980 1440/1162/945 1472/1221/948 
s 2
f 1485/1216/981 1472/1221/949 1474/1222/952 1486/1217/982 
s 1
f 1486/1217/983 1474/1222/953 1476/1223/953 1487/1218/983 
s 2
f 1487/1218/984 1476/1223/955 1478/1224/957 1488/1219/985 
s 4
f 1488/1219/986 1478/1224/958 1480/1199/960 1481/1201/987 
s 1
f 1371/1225/813 1373/1226/815 1418/1227/861 1489/1228/988 
f 1489/1228/988 1418/1227/861 1490/1229/989 
f 1490/1229/989 1418/1227/861 1420/1230/863 
s 8
f 1490/1229/990 1420/1230/991 1422/513/963 1479/1190/962 
s 4
f 1490/1229/992 1479/1190/959 1477/1061/959 1491/1231/992 
s 2
f 1491/1231/993 1477/1061/956 1475/1059/956 1492/1232/993 
s 1
f 1492/1232/994 1475/1059/954 1473/1233/954 1493/1234/995 
s 2
f 1493/1234/996 1473/1233/951 1471/1186/950 1494/1235/997 
s 4
f 1494/1235/998 1471/1186/947 1405/1183/946 1408/1236/999 
s 1
f 1408/1236/850 1409/1237/852 1494/1235/1000 
f 1494/1235/1000 1409/1237/852 1495/1238/1001 
s 8
f 1494/1235/1002 1495/1238/1002 1496/1239/1002 1493/1234/1002 
s 4
f 1493/1234/1003 1496/1239/1003 1497/1240/1003 1492/1232/1003 
s 8
f 1492/1232/1004 1497/1240/1004 1498/1241/1004 1491/1231/1004 
s 16
f 1491/1231/1005 1498/1241/1005 1489/1228/1005 1490/1229/1005 
s 1
f 1409/1237/852 1411/1242/854 1495/1238/1001 
f 1495/1238/1001 1411/1242/854 1469/1243/943 
f 1495/1238/1001 1469/1243/943 1470/1244/944 1496/1239/1006 
f 1496/1239/1006 1470/1244/944 1366/1245/808 1497/1240/1007 
f 1497/1240/1007 1366/1245/808 1369/1246/811 1498/1241/1008 
f 1498/1241/1008 1369/1246/811 1371/1225/813 1489/1228/988 
f 1499/1247/1009 1500/1248/1010 1501/1249/1011 1502/1250/1012 
f 1502/1250/1012 1501/1249/1011 1503/1251/1013 1504/1252/1014 
f 1504/1252/1014 1503/1251/1013 1505/1253/1015 1506/1254/1016 
f 1506/1254/1016 1505/1253/1015 1507/1255/1017 1508/1256/1018 
f 1507/1255/1017 1505/1253/1015 1503/1251/1013 1509/1257/248 
f 1500/1258/1010 1510/1259/1019 1509/1260/248 1501/1261/1011 
f 1511/1262/1020 1512/1263/1021 1513/1264/1022 1514/1265/1023 
f 1514/1265/1023 1513/1264/1022 1507/1255/1017 1509/1257/248 
f 1512/1263/1021 1508/1256/1018 1507/1255/1017 1513/1264/1022 
f 1501/1249/1011 1509/1257/248 1503/1251/1013 
f 1515/1266/1024 1516/1267/1025 1517/1268/1026 1518/1269/1027 
f 1518/1269/1027 1517/1268/1026 1519/1270/1028 1520/1271/1029 
f 1520/1271/1029 1519/1270/1028 1521/1272/1030 
f 1516/1267/1025 1515/1266/1024 1522/1273/1031 1523/1274/1032 
f 1522/1273/1031 1515/1266/1024 1524/1275/1033 1525/1276/1034 
f 1522/1273/1031 1525/1276/1034 1526/1277/1035 
f 1526/1277/1035 1525/1276/1034 1527/1278/1036 
f 1528/1279/1037 1529/1280/1038 1526/1277/1035 
f 1526/1277/1035 1529/1280/1038 1522/1273/1031 
f 1529/1280/1038 1523/1274/1032 1522/1273/1031 
f 1523/1274/1032 1519/1270/1028 1517/1268/1026 1516/1267/1025 
f 1520/1271/1029 1521/1272/1030 1530/1281/1039 1531/1282/1040 
f 1531/1282/1040 1530/1281/1039 1532/1283/1041 
f 1532/1283/1041 1530/1281/1039 1533/1284/1042 
f 1534/1285/1043 1535/1286/1044 1532/1283/1041 
f 1532/1283/1041 1535/1286/1044 1531/1282/1040 
f 1535/1286/1044 1536/1287/1045 1537/1288/1046 1531/1282/1040 
f 1531/1282/1040 1537/1288/1046 1520/1271/1029 
f 1537/1288/1046 1518/1269/1027 1520/1271/1029 
s 2
f 1538/1262/1047 1539/1289/1048 1540/1290/1049 1541/1291/1050 
s 1
f 1541/1291/1051 1540/1290/1052 1542/1292/1053 
f 1542/1292/1053 1540/1290/1052 1543/1293/1054 
f 1542/1292/1053 1543/1293/1054 1544/1294/1055 
f 1544/1294/1055 1543/1293/1054 1545/1295/1056 
f 1545/1295/1056 1543/1293/1054 1546/1296/1057 1547/1297/1058 
f 1547/1297/1058 1546/1296/1057 1548/1298/1059 1511/1299/1020 
f 1511/1299/1020 1548/1298/1059 1549/1300/1060 1512/1301/1021 
f 1512/1301/1021 1549/1300/1060 1550/1302/1061 1508/1303/1018 
f 1508/1303/1018 1550/1302/1061 1506/1304/1016 
f 1506/1304/1016 1550/1302/1061 1551/1305/1062 
f 1551/1305/1062 1550/1302/1061 1552/1306/1063 
f 1551/1305/1062 1552/1306/1063 1553/1307/1064 
s 2
f 1553/1307/1065 1552/1306/1066 1554/1250/1067 1555/1247/1068 
s 4
f 1540/1290/1069 1539/1289/1070 1556/1308/1071 1557/1309/1072 
s 1
f 1557/1309/1073 1556/1308/1074 1558/1310/1075 1559/1311/1073 
s 2
f 1559/1311/1076 1558/1310/1077 1560/1312/1077 1561/1313/1076 
s 4
f 1561/1313/1078 1560/1312/1079 1554/1250/1080 1552/1306/1078 
s 8
f 1546/1296/1081 1543/1293/1082 1540/1290/1082 1557/1309/1081 
s 16
f 1548/1298/1083 1546/1296/1083 1557/1309/1083 1559/1311/1083 
s 8
f 1549/1300/1084 1548/1298/1084 1559/1311/1084 1561/1313/1084 
s 16
f 1550/1302/1085 1549/1300/1085 1561/1313/1085 1552/1306/1085 
s 1
f 1525/1314/1034 1562/1315/1086 1563/1316/1087 1527/1317/1036 
f 1527/1317/1036 1563/1316/1087 1564/1318/1088 1565/1319/1089 
f 1565/1319/1089 1564/1318/1088 1566/1320/1090 1567/1321/1091 
f 1567/1321/1091 1566/1320/1090 1568/1322/1092 
f 1568/1322/1092 1566/1320/1090 1569/1323/1093 
f 1569/1323/1093 1566/1320/1090 1570/1324/1094 
f 1569/1323/1093 1570/1324/1094 1571/1325/1095 
s 2
f 1571/1325/1096 1570/1324/1097 1572/1326/1098 1573/1278/1099 
f 1574/1285/1100 1575/1327/1101 1576/1328/1102 1577/1329/1103 
s 1
f 1577/1329/1104 1576/1328/1105 1578/1330/1106 
f 1578/1330/1106 1576/1328/1105 1524/1331/1033 
f 1578/1330/1106 1524/1331/1033 1518/1332/1027 
f 1518/1332/1027 1524/1331/1033 1515/1333/1024 
f 1525/1314/1034 1524/1331/1033 1562/1315/1086 
s 8
f 1562/1315/1107 1579/1334/1107 1580/1335/1108 1563/1316/1108 
s 16
f 1563/1316/1109 1580/1335/1109 1581/1336/1109 1564/1318/1109 
s 8
f 1564/1318/1110 1581/1336/1110 1570/1324/1110 1566/1320/1110 
s 2
f 1579/1334/1111 1582/1337/1112 1583/1338/1112 1580/1335/1113 
s 1
f 1580/1335/1114 1583/1338/1115 1584/1339/1116 1581/1336/1117 
s 4
f 1581/1336/1118 1584/1339/1119 1572/1326/1120 1570/1324/1121 
s 16
f 1524/1331/1122 1576/1328/1122 1579/1334/1123 1562/1315/1123 
s 4
f 1576/1328/1124 1575/1327/1125 1582/1337/1125 1579/1334/1126 
s 2
f 1574/1247/1100 1555/1340/1068 1554/1341/1067 1575/1250/1101 
s 4
f 1575/1250/1125 1554/1341/1080 1560/1342/1079 1582/1343/1125 
s 2
f 1582/1343/1112 1560/1342/1077 1558/1344/1077 1583/1310/1112 
s 1
f 1583/1310/1115 1558/1344/1075 1556/1345/1074 1584/1308/1116 
s 4
f 1584/1308/1119 1556/1345/1071 1539/1346/1070 1572/1347/1120 
s 2
f 1572/1347/1098 1539/1346/1048 1538/1348/1047 1573/1262/1099 
s 1
f 1528/1349/1037 1526/1350/1035 1585/1351/1127 
f 1585/1351/1127 1526/1350/1035 1586/1352/1128 
f 1585/1351/1127 1586/1352/1128 1587/1353/1129 1588/1354/1130 
f 1588/1354/1130 1587/1353/1129 1589/1355/1131 1590/1356/1132 
f 1590/1356/1132 1589/1355/1131 1568/1357/1092 1591/1358/1133 
f 1591/1358/1133 1568/1357/1092 1592/1359/1134 
f 1527/1360/1036 1565/1361/1089 1526/1350/1035 
f 1526/1350/1035 1565/1361/1089 1586/1352/1128 
f 1565/1361/1089 1567/1362/1091 1586/1352/1128 
f 1586/1352/1128 1567/1362/1091 1587/1353/1129 
f 1567/1362/1091 1568/1357/1092 1589/1355/1131 1587/1353/1129 
f 1591/1358/1133 1592/1359/1134 1593/1363/1135 1594/1364/1136 
f 1593/1363/1135 1592/1359/1134 1595/1365/1137 1596/1366/1138 
f 1593/1363/1135 1596/1366/1138 1532/1367/1041 
f 1532/1367/1041 1596/1366/1138 1534/1368/1043 
f 1533/1369/1042 1597/1370/1139 1532/1367/1041 
f 1532/1367/1041 1597/1370/1139 1593/1363/1135 
f 1597/1370/1139 1594/1364/1136 1593/1363/1135 
f 1594/1364/1136 1590/1356/1132 1591/1358/1133 
f 1533/1371/1042 1530/1372/1039 1594/1373/1136 1597/1374/1139 
f 1594/1373/1136 1530/1372/1039 1521/1375/1030 1590/1376/1132 
f 1590/1376/1132 1521/1375/1030 1519/1377/1028 1588/1378/1130 
f 1588/1378/1130 1519/1377/1028 1523/1379/1032 1585/1380/1127 
f 1585/1380/1127 1523/1379/1032 1529/1381/1038 1528/1382/1037 
f 1511/1383/1020 1514/1384/1023 1598/1385/1140 1547/1386/1058 
f 1547/1386/1058 1598/1385/1140 1599/1387/1141 1545/1343/1056 
f 1545/1343/1056 1599/1387/1141 1600/1388/1142 1544/1310/1055 
f 1544/1310/1055 1600/1388/1142 1601/1389/1143 1602/1308/1144 
f 1601/1389/1143 1600/1388/1142 1599/1387/1141 1509/1260/248 
f 1514/1384/1023 1509/1260/248 1599/1387/1141 1598/1385/1140 
f 1499/1390/1009 1603/1289/1145 1510/1259/1019 1500/1258/1010 
f 1603/1289/1145 1602/1308/1144 1601/1389/1143 1510/1259/1019 
f 1510/1259/1019 1601/1389/1143 1509/1260/248 
s 4
f 1573/1383/1146 1538/1391/1147 1604/1392/1148 1605/1386/1149 
s 2
f 1605/1386/1150 1604/1392/1151 1606/1393/1151 1607/1252/1150 
s 1
f 1607/1252/1152 1606/1393/1153 1608/1394/1153 1609/1254/1152 
s 2
f 1609/1254/1154 1608/1394/1155 1610/1395/1155 1611/1256/1154 
s 4
f 1611/1256/1156 1610/1395/1157 1612/1396/1157 1613/1397/1158 
s 8
f 1613/1397/1159 1612/1396/1160 1555/1398/1161 1574/1390/1162 
f 1613/1399/1159 1574/1368/1162 1577/1400/1163 1614/1401/1164 
s 1
f 1614/1401/1165 1577/1400/1104 1578/1402/1106 
f 1614/1401/1165 1578/1402/1106 1615/1403/1166 
f 1615/1403/1166 1578/1402/1106 1518/1404/1027 
f 1615/1403/1166 1518/1404/1027 1537/1405/1046 
f 1615/1403/1166 1537/1405/1046 1536/1406/1045 
f 1536/1406/1045 1535/1407/1044 1534/1408/1043 1616/1409/1167 
f 1616/1409/1167 1534/1408/1043 1596/1410/1138 1617/1411/1168 
f 1617/1411/1168 1596/1410/1138 1595/1412/1137 
f 1595/1412/1137 1592/1413/1134 1568/1414/1092 
f 1568/1414/1092 1569/1415/1093 1595/1412/1137 
f 1595/1412/1137 1569/1415/1093 1618/1416/1169 
s 8
f 1595/1412/1170 1618/1416/1170 1619/1417/1171 1617/1411/1171 
s 4
f 1617/1411/1172 1619/1417/1172 1620/1418/1172 1616/1409/1172 
s 8
f 1616/1409/1173 1620/1418/1173 1621/1419/1173 1536/1406/1173 
s 16
f 1536/1406/1174 1621/1419/1174 1614/1401/1174 1615/1403/1174 
s 1
f 1569/1415/1093 1571/1420/1095 1618/1416/1169 
s 4
f 1618/1416/1175 1571/1420/1176 1573/1360/1146 1605/1421/1149 
s 2
f 1618/1416/1177 1605/1421/1150 1607/1422/1150 1619/1417/1178 
s 1
f 1619/1417/1179 1607/1422/1152 1609/1423/1152 1620/1418/1180 
s 2
f 1620/1418/1181 1609/1423/1154 1611/1424/1154 1621/1419/1181 
s 4
f 1621/1419/1182 1611/1424/1156 1613/1399/1158 1614/1401/1183 
s 1
f 1504/1425/1014 1506/1426/1016 1622/1427/1184 
f 1622/1427/1184 1506/1426/1016 1551/1428/1062 
f 1622/1427/1184 1551/1428/1062 1623/1429/1185 
f 1623/1429/1185 1551/1428/1062 1553/1430/1064 
s 8
f 1623/1429/1186 1553/1430/1187 1555/1390/1161 1612/1263/1160 
s 4
f 1623/1429/1188 1612/1263/1157 1610/1256/1157 1624/1431/1188 
s 2
f 1624/1431/1189 1610/1256/1155 1608/1254/1155 1625/1432/1189 
s 1
f 1625/1432/1190 1608/1254/1153 1606/1433/1153 1626/1434/1190 
s 2
f 1626/1434/1191 1606/1433/1151 1604/1386/1151 1627/1435/1191 
s 4
f 1627/1435/1192 1604/1386/1148 1538/1383/1147 1541/1436/1193 
s 1
f 1541/1436/1051 1542/1437/1053 1627/1435/1194 
f 1627/1435/1194 1542/1437/1053 1628/1438/1195 
s 8
f 1627/1435/1196 1628/1438/1196 1629/1439/1196 1626/1434/1196 
s 4
f 1626/1434/1197 1629/1439/1197 1630/1440/1198 1625/1432/1198 
s 8
f 1625/1432/1199 1630/1440/1199 1631/1441/1199 1624/1431/1199 
s 16
f 1624/1431/1200 1631/1441/1200 1622/1427/1200 1623/1429/1200 
s 1
f 1542/1437/1053 1544/1442/1055 1628/1438/1195 
f 1628/1438/1195 1544/1442/1055 1602/1443/1144 
f 1628/1438/1195 1602/1443/1144 1603/1444/1145 1629/1439/1201 
f 1629/1439/1201 1603/1444/1145 1499/1445/1009 1630/1440/1202 
f 1630/1440/1202 1499/1445/1009 1502/1446/1012 1631/1441/1203 
f 1631/1441/1203 1502/1446/1012 1504/1425/1014 1622/1427/1184 
f 1632/1447/1204 1633/1448/1205 1634/1449/1206 1635/1450/1207 
f 1635/1450/1207 1634/1449/1206 1636/1451/1208 1637/1452/1209 
f 1637/1452/1209 1636/1451/1208 1638/1453/1210 1639/1454/1211 
f 1639/1454/1211 1638/1453/1210 1640/1455/1212 1641/1456/1213 
f 1640/1455/1212 1638/1453/1210 1636/1451/1208 1642/1457/1214 
f 1633/1448/1205 1643/1458/1215 1642/1457/1214 1634/1449/1206 
f 1644/1459/1216 1645/1460/1217 1646/1461/1218 1647/1462/1219 
f 1647/1462/1219 1646/1461/1218 1640/1455/1212 1642/1457/1214 
f 1645/1460/1217 1641/1456/1213 1640/1455/1212 1646/1461/1218 
f 1634/1449/1206 1642/1457/1214 1636/1451/1208 
f 1648/1463/1220 1649/1464/1221 1650/1465/1222 1651/1466/1223 
f 1651/1466/1223 1650/1465/1222 1652/1467/1224 1653/1468/1225 
f 1653/1468/1225 1652/1467/1224 1654/1469/1226 
f 1649/1464/1221 1648/1463/1220 1655/1470/1227 1656/1471/1228 
f 1655/1470/1227 1648/1463/1220 1657/1472/1229 1658/1473/1230 
f 1655/1470/1227 1658/1473/1230 1659/1474/1231 
f 1659/1474/1231 1658/1473/1230 1660/1475/1232 
f 1661/1476/1233 1662/1477/1234 1659/1474/1231 
f 1659/1474/1231 1662/1477/1234 1655/1470/1227 
f 1662/1477/1234 1656/1471/1228 1655/1470/1227 
f 1656/1471/1228 1652/1467/1224 1650/1465/1222 1649/1464/1221 
f 1653/1468/1225 1654/1469/1226 1663/1478/1235 1664/1479/1236 
f 1664/1479/1236 1663/1478/1235 1665/1480/1237 
f 1665/1480/1237 1663/1478/1235 1666/1481/1238 
f 1667/1482/1239 1668/1483/1240 1665/1480/1237 
f 1665/1480/1237 1668/1483/1240 1664/1479/1236 
f 1668/1483/1240 1669/1484/1241 1670/1485/1242 1664/1479/1236 
f 1664/1479/1236 1670/1485/1242 1653/1468/1225 
f 1670/1485/1242 1651/1466/1223 1653/1468/1225 
s 2
f 1671/1459/1243 1672/1460/1244 1673/1486/1245 1674/1487/1246 
s 1
f 1674/1487/1247 1673/1486/1248 1675/1488/1249 
f 1675/1488/1249 1673/1486/1248 1676/1489/1250 
f 1675/1488/1249 1676/1489/1250 1677/1490/1251 1678/1491/1252 
f 1677/1490/1251 1676/1489/1250 1679/1492/1253 1680/1493/1254 
f 1680/1493/1254 1679/1492/1253 1681/1494/1255 1644/1495/1216 
f 1644/1495/1216 1681/1494/1255 1682/1496/1256 1645/1497/1217 
f 1645/1497/1217 1682/1496/1256 1683/1498/1257 1641/1499/1213 
f 1641/1499/1213 1683/1498/1257 1639/1500/1211 
f 1639/1500/1211 1683/1498/1257 1684/1501/1258 
f 1684/1501/1258 1683/1498/1257 1685/1502/1259 
f 1684/1501/1258 1685/1502/1259 1686/1503/1260 
s 2
f 1686/1503/1261 1685/1502/1262 1687/1504/1263 1688/1505/1264 
s 4
f 1673/1486/1265 1672/1460/1266 1689/1456/1266 1690/1506/1265 
s 1
f 1690/1506/1267 1689/1456/1268 1691/1507/1269 1692/1508/1270 
s 2
f 1692/1508/1271 1691/1507/1272 1693/1509/1272 1694/1510/1271 
s 4
f 1694/1510/1273 1693/1509/1274 1687/1504/1274 1685/1502/1273 
s 8
f 1679/1492/1275 1676/1489/1275 1673/1486/1275 1690/1506/1275 
s 16
f 1681/1494/1276 1679/1492/1276 1690/1506/1276 1692/1508/1276 
s 8
f 1682/1496/1277 1681/1494/1278 1692/1508/1278 1694/1510/1277 
s 16
f 1683/1498/1279 1682/1496/1279 1694/1510/1279 1685/1502/1279 
s 1
f 1658/1511/1230 1695/1512/1280 1696/1513/1281 1660/1514/1232 
f 1660/1514/1232 1696/1513/1281 1697/1515/1282 1698/1516/1283 
f 1698/1516/1283 1697/1515/1282 1699/1517/1284 1700/1518/1285 
f 1700/1518/1285 1699/1517/1284 1701/1519/1286 
f 1701/1519/1286 1699/1517/1284 1702/1520/1287 
f 1702/1520/1287 1699/1517/1284 1703/1521/1288 
f 1702/1520/1287 1703/1521/1288 1704/1522/1289 
s 2
f 1704/1522/1290 1703/1521/1291 1705/1523/1292 1706/1475/1293 
f 1707/1524/1294 1708/1525/1295 1709/1526/1296 1710/1527/1297 
s 1
f 1710/1527/1298 1709/1526/1299 1711/1528/1300 
f 1711/1528/1300 1709/1526/1299 1657/1529/1229 
f 1711/1528/1300 1657/1529/1229 1651/1530/1223 
f 1651/1530/1223 1657/1529/1229 1648/1531/1220 
f 1658/1511/1230 1657/1529/1229 1695/1512/1280 
s 8
f 1695/1512/1301 1712/1532/1301 1713/1533/1302 1696/1513/1302 
s 16
f 1696/1513/1303 1713/1533/1303 1714/1534/1304 1697/1515/1304 
s 8
f 1697/1515/1305 1714/1534/1305 1703/1521/1306 1699/1517/1306 
s 2
f 1712/1532/1307 1715/1535/1308 1716/1536/1308 1713/1533/1307 
s 1
f 1713/1533/1309 1716/1536/1310 1717/1537/1310 1714/1534/1311 
s 4
f 1714/1534/1312 1717/1537/1313 1705/1523/1313 1703/1521/1314 
s 16
f 1657/1529/1315 1709/1526/1315 1712/1532/1316 1695/1512/1316 
s 4
f 1709/1526/1317 1708/1525/1318 1715/1535/1318 1712/1532/1317 
s 2
f 1707/1505/1294 1688/1538/1264 1687/1539/1263 1708/1504/1295 
s 4
f 1708/1504/1318 1687/1539/1274 1693/1540/1274 1715/1509/1318 
s 2
f 1715/1509/1308 1693/1540/1272 1691/1541/1272 1716/1454/1308 
s 1
f 1716/1454/1310 1691/1541/1269 1689/1542/1268 1717/1456/1310 
s 4
f 1717/1456/1313 1689/1542/1266 1672/1543/1266 1705/1460/1313 
s 2
f 1705/1460/1292 1672/1543/1244 1671/1544/1243 1706/1459/1293 
s 1
f 1661/1545/1233 1659/1546/1231 1718/1547/1319 
f 1718/1547/1319 1659/1546/1231 1719/1548/1320 
f 1718/1547/1319 1719/1548/1320 1720/1549/1321 1721/1550/1322 
f 1721/1550/1322 1720/1549/1321 1722/1551/1323 1723/1552/1324 
f 1723/1552/1324 1722/1551/1323 1701/1553/1286 1724/1554/1325 
f 1724/1554/1325 1701/1553/1286 1725/1555/1326 
f 1660/1524/1232 1698/1556/1283 1659/1546/1231 
f 1659/1546/1231 1698/1556/1283 1719/1548/1320 
f 1698/1556/1283 1700/1557/1285 1719/1548/1320 
f 1719/1548/1320 1700/1557/1285 1720/1549/1321 
f 1700/1557/1285 1701/1553/1286 1722/1551/1323 1720/1549/1321 
f 1724/1554/1325 1725/1555/1326 1726/1558/1327 1727/1559/1328 
f 1726/1558/1327 1725/1555/1326 1728/1560/1329 1729/1561/1330 
f 1726/1558/1327 1729/1561/1330 1665/1562/1237 
f 1665/1562/1237 1729/1561/1330 1667/1563/1239 
f 1666/1564/1238 1730/1565/1331 1665/1562/1237 
f 1665/1562/1237 1730/1565/1331 1726/1558/1327 
f 1730/1565/1331 1727/1559/1328 1726/1558/1327 
f 1727/1559/1328 1723/1552/1324 1724/1554/1325 
f 1666/1566/1238 1663/1567/1235 1727/1568/1328 1730/1569/1331 
f 1727/1568/1328 1663/1567/1235 1654/1570/1226 1723/1571/1324 
f 1723/1571/1324 1654/1570/1226 1652/1572/1224 1721/1573/1322 
f 1721/1573/1322 1652/1572/1224 1656/1574/1228 1718/1575/1319 
f 1718/1575/1319 1656/1574/1228 1662/1576/1234 1661/1577/1233 
f 1644/1505/1216 1647/1578/1219 1731/1579/1332 1680/1504/1254 
f 1680/1504/1254 1731/1579/1332 1732/1580/1333 1677/1509/1251 
f 1677/1509/1251 1732/1580/1333 1733/1581/1334 1678/1582/1252 
f 1678/1582/1252 1733/1581/1334 1734/1583/1335 1735/1584/1336 
f 1734/1583/1335 1733/1581/1334 1732/1580/1333 1642/1585/1214 
f 1647/1578/1219 1642/1585/1214 1732/1580/1333 1731/1579/1332 
f 1632/1586/1204 1736/1587/1337 1643/1588/1215 1633/1589/1205 
f 1736/1587/1337 1735/1584/1336 1734/1583/1335 1643/1588/1215 
f 1643/1588/1215 1734/1583/1335 1642/1585/1214 
s 4
f 1706/1447/1338 1671/1590/1339 1737/1591/1340 1738/1450/1341 
s 2
f 1738/1450/1342 1737/1591/1343 1739/1592/1343 1740/1452/1342 
s 1
f 1740/1452/1344 1739/1592/1345 1741/1593/1346 1742/1582/1344 
s 2
f 1742/1582/1347 1741/1593/1348 1743/1594/1348 1744/1584/1347 
s 4
f 1744/1584/1349 1743/1594/1350 1745/1595/1351 1746/1587/1352 
s 8
f 1746/1587/1353 1745/1595/1354 1688/1596/1355 1707/1586/1356 
f 1746/1597/1353 1707/1563/1356 1710/1598/1357 1747/1599/1358 
s 1
f 1747/1599/1359 1710/1598/1298 1711/1600/1300 
f 1747/1599/1359 1711/1600/1300 1748/1601/1360 
f 1748/1601/1360 1711/1600/1300 1651/1602/1223 
f 1748/1601/1360 1651/1602/1223 1670/1603/1242 
f 1748/1601/1360 1670/1603/1242 1669/1604/1241 
f 1669/1604/1241 1668/1605/1240 1667/1606/1239 1749/1607/1361 
f 1749/1607/1361 1667/1606/1239 1729/1608/1330 1750/1609/1362 
f 1750/1609/1362 1729/1608/1330 1728/1610/1329 
f 1728/1610/1329 1725/1611/1326 1701/1612/1286 
f 1701/1612/1286 1702/1613/1287 1728/1610/1329 
f 1728/1610/1329 1702/1613/1287 1751/1614/1363 
s 8
f 1728/1610/1364 1751/1614/1364 1752/1615/1365 1750/1609/1365 
s 4
f 1750/1609/1366 1752/1615/1366 1753/1616/1367 1749/1607/1367 
s 8
f 1749/1607/1368 1753/1616/1368 1754/1617/1369 1669/1604/1369 
s 16
f 1669/1604/1370 1754/1617/1370 1747/1599/1371 1748/1601/1371 
s 1
f 1702/1613/1287 1704/1618/1289 1751/1614/1363 
s 4
f 1751/1614/1372 1704/1618/1373 1706/1482/1338 1738/1619/1341 
s 2
f 1751/1614/1374 1738/1619/1342 1740/1620/1342 1752/1615/1375 
s 1
f 1752/1615/1376 1740/1620/1344 1742/1621/1344 1753/1616/1377 
s 2
f 1753/1616/1378 1742/1621/1347 1744/1622/1347 1754/1617/1378 
s 4
f 1754/1617/1379 1744/1622/1349 1746/1597/1352 1747/1599/1380 
s 1
f 1637/1623/1209 1639/1624/1211 1755/1625/1381 
f 1755/1625/1381 1639/1624/1211 1684/1626/1258 
f 1755/1625/1381 1684/1626/1258 1756/1627/1382 
f 1756/1627/1382 1684/1626/1258 1686/1628/1260 
s 8
f 1756/1627/1383 1686/1628/1384 1688/1586/1355 1745/1587/1354 
s 4
f 1756/1627/1385 1745/1587/1351 1743/1584/1350 1757/1629/1386 
s 2
f 1757/1629/1387 1743/1584/1348 1741/1630/1348 1758/1631/1387 
s 1
f 1758/1631/1388 1741/1630/1346 1739/1452/1345 1759/1632/1389 
s 2
f 1759/1632/1390 1739/1452/1343 1737/1450/1343 1760/1633/1390 
s 4
f 1760/1633/1391 1737/1450/1340 1671/1447/1339 1674/1634/1392 
s 1
f 1674/1634/1247 1675/1635/1249 1760/1633/1393 
f 1760/1633/1393 1675/1635/1249 1761/1636/1394 
s 8
f 1760/1633/1395 1761/1636/1395 1762/1637/1395 1759/1632/1395 
s 4
f 1759/1632/1396 1762/1637/1396 1763/1638/1397 1758/1631/1397 
s 8
f 1758/1631/1398 1763/1638/1398 1764/1639/1398 1757/1629/1398 
s 16
f 1757/1629/1399 1764/1639/1399 1755/1625/1399 1756/1627/1399 
s 1
f 1675/1635/1249 1678/1640/1252 1761/1636/1394 
f 1761/1636/1394 1678/1640/1252 1735/1641/1336 
f 1761/1636/1394 1735/1641/1336 1736/1642/1337 1762/1637/1400 
f 1762/1637/1400 1736/1642/1337 1632/1643/1204 1763/1638/1401 
f 1763/1638/1401 1632/1643/1204 1635/1644/1207 1764/1639/1402 
f 1764/1639/1402 1635/1644/1207 1637/1623/1209 1755/1625/1381 
f 1315/1645/258 1162/1646/258 1160/507/258 1313/506/258 
s 2
f 1313/506/257 1160/507/257 1158/1647/257 1311/1648/257 
s 1
f 1311/1648/256 1158/1647/256 1156/1649/256 1309/1650/256 
s 2
f 1309/1650/255 1156/1649/255 1154/507/255 1307/506/255 
s 1
f 1307/506/254 1154/507/254 1152/1651/254 1305/1652/254 
s 2
f 1305/1652/253 1152/1651/253 1150/1653/253 1303/1654/253 
s 1
f 1303/1654/252 1150/1653/252 1125/519/252 1276/518/252 
s 2
f 1276/518/263 1125/519/263 1148/1655/263 1301/1656/263 
s 1
f 1301/1656/262 1148/1655/262 1146/1653/262 1299/1654/262 
s 2
f 1299/1654/261 1146/1653/261 1145/519/261 1296/518/261 
s 1
f 1296/518/260 1145/519/260 1164/1657/260 1317/1658/260 
s 2
f 1317/1658/259 1164/1657/259 1162/1646/259 1315/1645/259 
s 4
f 1311/528/248 1305/529/248 1303/527/248 1313/526/248 
f 1313/526/248 1303/527/248 1276/525/248 1315/524/248 
f 1315/524/248 1276/525/248 1301/522/248 1317/523/248 
f 1317/523/248 1301/522/248 1299/531/248 1296/519/248 
f 1305/529/248 1311/528/248 1309/530/248 1307/518/248 
f 1162/522/250 1146/523/250 1148/524/250 1160/525/250 
f 1160/525/250 1148/524/250 1125/526/250 1158/527/250 
f 1158/527/250 1125/526/250 1150/528/250 1156/529/250 
f 1156/529/250 1150/528/250 1152/530/250 1154/518/250 
f 1146/523/250 1162/522/250 1164/531/250 1145/519/250 
s 1
f 1163/1645/258 509/1646/258 507/507/258 1161/506/258 
s 2
f 1161/506/257 507/507/257 505/1647/257 1159/1648/257 
s 1
f 1159/1648/256 505/1647/256 503/1649/256 1157/1650/256 
s 2
f 1157/1650/255 503/1649/255 501/507/255 1155/506/255 
s 1
f 1155/506/254 501/507/254 499/1651/254 1153/1652/254 
s 2
f 1153/1652/253 499/1651/253 497/1653/253 1151/1654/253 
s 1
f 1151/1654/252 497/1653/252 472/519/252 1124/518/252 
s 2
f 1124/518/263 472/519/263 495/1655/263 1149/1656/263 
s 1
f 1149/1656/262 495/1655/262 493/1653/262 1147/1654/262 
s 2
f 1147/1654/261 493/1653/261 492/519/261 1144/518/261 
s 1
f 1144/518/260 492/519/260 511/1657/260 1165/1658/260 
s 2
f 1165/1658/259 511/1657/259 509/1646/259 1163/1645/259 
s 4
f 1159/528/248 1153/529/248 1151/527/248 1161/526/248 
f 1161/526/248 1151/527/248 1124/525/248 1163/524/248 
f 1163/524/248 1124/525/248 1149/522/248 1165/523/248 
f 1165/523/248 1149/522/248 1147/531/248 1144/519/248 
f 1153/529/248 1159/528/248 1157/530/248 1155/518/248 
f 509/522/250 493/523/250 495/524/250 507/525/250 
f 507/525/250 495/524/250 472/526/250 505/527/250 
f 505/527/250 472/526/250 497/528/250 503/529/250 
f 503/529/250 497/528/250 499/530/250 501/518/250 
f 493/523/250 509/522/250 511/531/250 492/519/250 
s 1
f 510/1645/258 1765/1646/258 1766/507/258 508/506/258 
s 2
f 508/506/257 1766/507/257 1767/1647/257 506/1648/257 
s 1
f 506/1648/256 1767/1647/256 1768/1649/256 504/1650/256 
s 2
f 504/1650/255 1768/1649/255 1769/507/255 502/506/255 
s 1
f 502/506/254 1769/507/254 1770/1651/254 500/1652/254 
s 2
f 500/1652/253 1770/1651/253 1771/1653/253 498/1654/253 
s 1
f 498/1654/252 1771/1653/252 1772/519/252 471/518/252 
s 2
f 471/518/263 1772/519/263 1773/1655/263 496/1656/263 
s 1
f 496/1656/262 1773/1655/262 1774/1653/262 494/1654/262 
s 2
f 494/1654/261 1774/1653/261 1775/519/261 491/518/261 
s 1
f 491/518/260 1775/519/260 1776/1657/260 512/1658/260 
s 2
f 512/1658/259 1776/1657/259 1765/1646/259 510/1645/259 
s 4
f 506/528/248 500/529/248 498/527/248 508/526/248 
f 508/526/248 498/527/248 471/525/248 510/524/248 
f 510/524/248 471/525/248 496/522/248 512/523/248 
f 512/523/248 496/522/248 494/531/248 491/519/248 
f 500/529/248 506/528/248 504/530/248 502/518/248 
f 1765/522/250 1774/523/250 1773/524/250 1766/525/250 
f 1766/525/250 1773/524/250 1772/526/250 1767/527/250 
f 1767/527/250 1772/526/250 1771/528/250 1768/529/250 
f 1768/529/250 1771/528/250 1770/530/250 1769/518/250 
f 1774/523/250 1765/522/250 1776/531/250 1775/519/250 
s 1
f 1777/514/255 1778/515/255 1779/510/255 1780/511/255 
s 2
f 1780/511/256 1779/510/256 1781/504/256 1782/505/256 
s 1
f 1782/505/257 1781/504/257 1783/506/257 1784/507/257 
s 2
f 1784/507/258 1783/506/258 1785/520/258 1786/521/258 
s 1
f 1786/521/259 1785/520/259 1787/502/259 1788/503/259 
s 2
f 1788/503/260 1787/502/260 1789/489/260 1790/490/260 
f 1778/512/254 1777/513/254 1791/511/254 1792/510/254 
s 1
f 1792/510/253 1791/511/253 1793/1014/253 1794/1015/253 
s 2
f 1794/1015/252 1793/1014/252 1795/519/252 1796/518/252 
s 1
f 1796/518/263 1795/519/263 1797/1016/263 1798/1017/263 
s 2
f 1798/1017/262 1797/1016/262 1799/503/262 1800/502/262 
s 1
f 1800/502/261 1799/503/261 1790/487/261 1789/488/261 
s 4
f 1799/523/250 1793/528/250 1791/530/250 1790/519/250 
f 1790/519/250 1791/530/250 1777/518/250 1788/531/250 
f 1788/531/250 1777/518/250 1780/529/250 1786/522/250 
f 1786/522/250 1780/529/250 1782/527/250 1784/525/250 
f 1793/528/250 1799/523/250 1797/524/250 1795/526/250 
f 1787/523/248 1781/528/248 1779/530/248 1789/519/248 
f 1789/519/248 1779/530/248 1778/518/248 1800/531/248 
f 1800/531/248 1778/518/248 1792/529/248 1798/522/248 
f 1798/522/248 1792/529/248 1794/527/248 1796/525/248 
f 1781/528/248 1787/523/248 1785/524/248 1783/526/248 
s 1
f 1801/1659/1403 1802/1660/1404 1803/1661/1405 1804/1662/1406 
s 2
f 1804/1662/1407 1803/1661/1408 1805/1663/1409 1806/1664/1407 
s 1
f 1806/1664/1410 1805/1663/1411 1807/1665/1411 1808/1666/1412 
s 2
f 1808/1666/1413 1807/1665/1414 1809/1667/1414 1810/1668/1415 
s 1
f 1810/1668/1416 1809/1667/1417 1811/1669/1417 1812/1670/1418 
s 2
f 1812/1670/1419 1811/1669/1420 1813/512/1421 1814/1671/1422 
s 4
f 1814/1671/1423 1815/1672/1423 1816/1673/1423 1812/1670/1423 
s 8
f 1812/1670/1424 1816/1673/1424 1817/1674/1424 1810/1668/1424 
s 4
f 1810/1668/1425 1817/1674/1425 1818/1675/1426 1808/1666/1426 
s 8
f 1808/1666/1427 1818/1675/1427 1819/1676/1427 1806/1664/1427 
s 4
f 1806/1664/1428 1819/1676/1428 1820/1677/1428 1804/1662/1428 
s 8
f 1804/1662/1429 1820/1677/1429 1821/1678/1429 1801/1659/1429 
s 1
f 1821/1678/1430 1820/1677/1431 1822/1679/1432 1823/1680/1433 
f 1815/1672/1434 1824/1681/1435 1825/1682/1436 1816/1673/1437 
f 1816/1673/1437 1825/1682/1436 1826/1683/1438 1817/1674/1439 
f 1817/1674/1439 1826/1683/1438 1827/1684/1440 1818/1675/1441 
f 1818/1675/1441 1827/1684/1440 1828/1685/1442 1819/1676/1443 
f 1819/1676/1443 1828/1685/1442 1822/1679/1432 1820/1677/1431 
s 2
f 1829/489/1444 1802/490/1445 1830/1686/1446 1831/1687/1444 
s 1
f 1831/1687/1447 1830/1686/1448 1832/1688/1449 1833/1689/1447 
s 2
f 1833/1689/1450 1832/1688/1451 1834/878/1452 1835/835/1450 
s 1
f 1835/835/1453 1834/878/1454 1836/1690/1455 1837/1691/1453 
s 2
f 1837/1691/1456 1836/1690/1457 1838/1692/1457 1839/1693/1456 
s 1
f 1839/1693/1458 1838/1692/1459 1813/1694/1460 1840/1695/1458 
s 4
f 1831/868/248 1837/869/248 1839/870/248 1829/871/248 
f 1829/871/248 1839/870/248 1840/872/248 1841/873/248 
f 1841/873/248 1840/872/248 1842/874/248 1843/875/248 
f 1843/875/248 1842/874/248 1844/876/248 1845/821/248 
f 1837/869/248 1831/868/248 1833/877/248 1835/878/248 
s 1
f 1802/1696/1404 1829/1660/1461 1841/1661/1461 1803/1697/1405 
s 2
f 1803/1697/1408 1841/1661/1462 1843/1663/1462 1805/1698/1409 
s 1
f 1805/1698/1411 1843/1663/1463 1845/1665/1463 1807/1699/1411 
s 2
f 1807/1699/1414 1845/1665/1464 1844/1667/1464 1809/1700/1414 
s 1
f 1809/1700/1417 1844/1667/1465 1842/1669/1465 1811/1701/1417 
s 2
f 1811/1701/1420 1842/1669/1466 1840/512/1466 1813/513/1421 
f 1802/489/1445 1801/1702/1467 1846/1703/1468 1830/1687/1446 
s 1
f 1830/1687/1448 1846/1703/1469 1847/1704/1469 1832/1689/1449 
s 2
f 1832/1689/1451 1847/1704/1470 1848/1705/1470 1834/835/1452 
s 1
f 1834/835/1454 1848/1705/1471 1849/1706/1472 1836/1691/1455 
s 2
f 1836/1691/1457 1849/1706/1473 1850/1707/1474 1838/1693/1457 
s 1
f 1838/1693/1459 1850/1707/1475 1814/1708/1476 1813/1695/1460 
s 8
f 1814/1708/1477 1850/1707/1477 1851/1709/1477 1815/1710/1477 
s 1
f 1815/1710/1434 1851/1709/1478 1852/1711/1479 1824/1712/1435 
s 4
f 1801/1702/1480 1821/1713/1480 1853/1714/1480 1846/1703/1480 
s 8
f 1846/1703/1481 1853/1714/1481 1854/1715/1481 1847/1704/1481 
s 4
f 1847/1704/1482 1854/1715/1482 1855/1716/1483 1848/1705/1483 
s 8
f 1848/1705/1484 1855/1716/1484 1856/1717/1484 1849/1706/1484 
s 4
f 1849/1706/1485 1856/1717/1485 1851/1709/1485 1850/1707/1485 
s 1
f 1821/1713/1430 1823/1718/1433 1857/1719/1486 1853/1714/1487 
f 1853/1714/1487 1857/1719/1486 1858/1720/1488 1854/1715/1489 
f 1854/1715/1489 1858/1720/1488 1859/1721/1490 1855/1716/1491 
f 1855/1716/1491 1859/1721/1490 1860/1722/1492 1856/1717/1493 
f 1856/1717/1493 1860/1722/1492 1852/1711/1479 1851/1709/1478 
f 1852/826/1479 1858/827/1488 1857/828/1486 1824/829/1435 
f 1824/829/1435 1857/828/1486 1823/830/1433 1825/831/1436 
f 1825/831/1436 1823/830/1433 1822/832/1432 1826/833/1438 
f 1826/833/1438 1822/832/1432 1828/834/1442 1827/835/1440 
f 1858/827/1488 1852/826/1479 1860/836/1492 1859/820/1490 
f 1861/1723/1494 1862/1660/1495 1863/1661/1496 1864/1724/1497 
s 2
f 1864/1724/1498 1863/1661/1499 1865/1663/1499 1866/1725/1498 
s 4
f 1866/1725/1500 1865/1663/1501 1867/1665/1501 1868/1726/1500 
s 2
f 1868/1726/1502 1867/1665/1503 1869/1667/1503 1870/1727/1502 
s 4
f 1870/1727/1504 1869/1667/1505 1871/1669/1505 1872/1728/1504 
s 1
f 1872/1728/1506 1871/1669/1507 1873/512/1508 1874/1729/1509 
s 2
f 1872/1728/1510 1874/1729/1511 1875/1730/1512 1876/1731/1513 
s 8
f 1872/1728/1424 1876/1731/1424 1877/1732/1424 1870/1727/1424 
s 1
f 1870/1727/1426 1877/1732/1426 1878/1733/1426 1868/1726/1426 
s 8
f 1868/1726/1514 1878/1733/1427 1879/1734/1427 1866/1725/1427 
s 16
f 1866/1725/1515 1879/1734/1515 1880/1735/1428 1864/1724/1428 
s 4
f 1864/1724/1516 1880/1735/1517 1881/1736/1518 1861/1723/1519 
s 32
f 1881/1736/1520 1880/1735/1521 1882/1737/1522 1883/1738/1523 
f 1876/1731/1524 1875/1730/1525 1884/1739/1526 1885/1740/1527 
f 1876/1731/1524 1885/1740/1527 1886/1741/1438 1877/1732/1439 
f 1877/1732/1439 1886/1741/1438 1887/1742/1440 1878/1733/1441 
f 1878/1733/1441 1887/1742/1440 1888/1743/1442 1879/1734/1443 
f 1879/1734/1443 1888/1743/1442 1882/1737/1522 1880/1735/1521 
s 1
f 1889/1744/1528 1890/1745/1529 1891/1746/1530 
f 1891/1746/1530 1890/1745/1529 1892/1747/1531 
f 1891/1746/1530 1892/1747/1531 1893/1748/1532 
f 1893/1748/1532 1892/1747/1531 1894/1697/1533 1895/1696/1534 
f 1892/1747/1531 1890/1745/1529 1896/1749/1535 1897/1750/1536 
f 1897/1750/1536 1896/1749/1535 1898/1751/1537 1899/1752/1538 
f 1899/1752/1538 1898/1751/1537 1900/1753/1539 1901/1754/1540 
f 1901/1754/1540 1900/1753/1539 1902/1755/1541 1903/1756/1542 
f 1903/1756/1542 1902/1755/1541 1904/1757/1543 
f 1904/1757/1543 1902/1755/1541 1905/1758/1544 
f 1904/1757/1543 1906/1759/1545 1903/1756/1542 
f 1903/1756/1542 1906/1759/1545 1907/513/1546 1908/1701/1547 
s 4
f 1903/1756/1548 1908/1701/1549 1909/1760/1550 1901/1754/1551 
s 2
f 1901/1754/1552 1909/1760/1553 1910/1699/1554 1899/1752/1552 
s 4
f 1899/1752/1555 1910/1699/1556 1911/1761/1556 1897/1750/1555 
s 2
f 1897/1750/1557 1911/1761/1558 1894/1697/1558 1892/1747/1559 
s 1
f 1895/489/1534 1862/1762/1495 1912/1763/1560 1913/1687/1561 
s 2
f 1913/1687/1562 1912/1763/1563 1914/1764/1563 1915/1689/1564 
s 4
f 1915/1689/1565 1914/1764/1566 1916/1765/1566 1917/835/1567 
s 2
f 1917/835/1568 1916/1765/1569 1918/1766/1569 1919/1691/1568 
s 4
f 1919/1691/1570 1918/1766/1571 1920/1767/1571 1921/1693/1572 
s 1
f 1921/1693/1573 1920/1767/1574 1873/1768/1508 1907/1695/1546 
f 1889/1769/1528 1891/1770/1530 1922/1771/1575 
f 1922/1771/1575 1891/1770/1530 1923/1772/1576 
f 1922/1771/1575 1923/1772/1576 1924/1773/1577 1925/1774/1578 
f 1925/1774/1578 1924/1773/1577 1926/1775/1579 1927/1776/1580 
f 1927/1776/1580 1926/1775/1579 1928/1777/1581 1929/1778/1582 
f 1929/1778/1582 1928/1777/1581 1930/1779/1583 1931/1780/1584 
f 1931/1780/1584 1930/1779/1583 1904/1781/1543 
f 1904/1781/1543 1930/1779/1583 1906/1782/1545 
f 1906/1782/1545 1930/1779/1583 1921/1692/1573 1907/1694/1546 
f 1891/1770/1530 1893/1783/1532 1923/1772/1576 
f 1923/1772/1576 1893/1783/1532 1895/490/1534 1913/1686/1561 
s 2
f 1923/1772/1585 1913/1686/1562 1915/1688/1564 1924/1773/1586 
s 4
f 1924/1773/1587 1915/1688/1565 1917/878/1567 1926/1775/1588 
s 2
f 1926/1775/1589 1917/878/1568 1919/1690/1568 1928/1777/1590 
s 4
f 1928/1777/1591 1919/1690/1570 1921/1692/1572 1930/1779/1592 
s 1
f 1904/1781/1543 1905/1784/1544 1931/1780/1584 
s 32
f 1932/826/1593 1933/827/1488 1934/828/1594 1884/829/1526 
f 1884/829/1526 1934/828/1594 1883/830/1523 1885/831/1527 
f 1885/831/1527 1883/830/1523 1882/832/1522 1886/833/1438 
f 1886/833/1438 1882/832/1522 1888/834/1442 1887/835/1440 
f 1933/827/1488 1932/826/1593 1935/836/1492 1936/820/1490 
s 1
f 1912/1687/1560 1862/489/1495 1861/1785/1494 1937/1786/1595 
s 8
f 1937/1786/1596 1861/1785/1597 1881/1787/1598 1938/1788/1599 
s 32
f 1938/1788/1600 1881/1787/1520 1883/1789/1523 1934/1790/1594 
f 1938/1788/1600 1934/1790/1594 1933/1791/1488 1939/1792/1489 
f 1939/1792/1489 1933/1791/1488 1936/1793/1490 1940/1794/1491 
f 1940/1794/1491 1936/1793/1490 1935/1795/1492 1941/1796/1493 
f 1941/1796/1493 1935/1795/1492 1932/1797/1593 1942/1798/1601 
f 1942/1798/1601 1932/1797/1593 1884/1799/1526 1875/1800/1525 
s 8
f 1875/1800/1602 1874/1801/1603 1943/1802/1604 1942/1798/1605 
s 16
f 1942/1798/1485 1943/1802/1485 1944/1803/1606 1941/1796/1606 
s 1
f 1941/1796/1484 1944/1803/1484 1945/1804/1607 1940/1794/1484 
s 8
f 1940/1794/1483 1945/1804/1483 1946/1805/1483 1939/1792/1483 
s 16
f 1939/1792/1481 1946/1805/1481 1937/1786/1481 1938/1788/1481 
s 1
f 1874/1801/1509 1873/1695/1508 1920/1693/1574 1943/1802/1608 
s 4
f 1943/1802/1609 1920/1693/1571 1918/1806/1571 1944/1803/1609 
s 2
f 1944/1803/1610 1918/1806/1569 1916/835/1569 1945/1804/1610 
s 4
f 1945/1804/1611 1916/835/1566 1914/1807/1566 1946/1805/1611 
s 2
f 1946/1805/1612 1914/1807/1563 1912/1687/1563 1937/1786/1612 
s 1
f 1862/1808/1495 1895/1660/1534 1894/1661/1533 1863/1809/1496 
s 2
f 1863/1809/1499 1894/1661/1558 1911/1663/1558 1865/1810/1499 
s 4
f 1865/1810/1501 1911/1663/1556 1910/1665/1556 1867/1811/1501 
s 2
f 1867/1811/1503 1910/1665/1554 1909/1667/1553 1869/1812/1503 
s 4
f 1869/1812/1505 1909/1667/1550 1908/1669/1549 1871/1813/1505 
s 1
f 1871/1813/1507 1908/1669/1547 1907/512/1546 1873/1814/1508 
f 1890/1697/1529 1889/1696/1528 1947/1815/1613 1948/1816/1614 
f 1948/1816/1614 1947/1815/1613 1949/1817/1615 1950/1818/1616 
f 1950/1818/1616 1951/1819/1617 1952/1820/1618 1948/1816/1614 
f 1948/1816/1614 1952/1820/1618 1953/1821/1619 
f 1953/1821/1619 1952/1820/1618 1954/1822/1620 1955/1823/1621 
f 1955/1823/1621 1954/1822/1620 1956/1824/1622 1957/1825/1623 
f 1957/1825/1623 1956/1824/1622 1958/1826/1624 1959/1827/1625 
f 1957/1825/1623 1959/1827/1625 1900/1700/1539 1898/1699/1537 
f 1900/1700/1539 1959/1827/1625 1960/1828/1626 1902/1701/1541 
f 1902/1701/1541 1960/1828/1626 1961/1829/1627 
f 1902/1701/1541 1961/1829/1627 1962/1830/1628 1905/513/1544 
f 1962/1830/1628 1961/1829/1627 1963/1831/1629 1964/1832/1630 
f 1963/1831/1629 1961/1829/1627 1960/1828/1626 1965/1833/1631 
f 1965/1833/1631 1960/1828/1626 1959/1827/1625 1958/1826/1624 
f 1957/1825/1623 1898/1699/1537 1896/1761/1535 1955/1823/1621 
f 1955/1823/1621 1896/1761/1535 1890/1697/1529 1953/1821/1619 
f 1953/1821/1619 1890/1697/1529 1948/1816/1614 
f 1964/1834/1630 1963/1835/1629 1966/1836/1632 1967/1837/1633 
f 1967/1837/1633 1966/1836/1632 1968/1838/1634 
f 1968/1838/1634 1966/1836/1632 1969/1839/1635 1970/1840/1636 
f 1970/1840/1636 1969/1839/1635 1971/1841/1637 1972/1842/1638 
f 1972/1842/1638 1971/1841/1637 1973/1843/1639 1974/1844/1640 
f 1972/1842/1638 1974/1844/1640 1925/1845/1578 1927/878/1580 
f 1925/1845/1578 1974/1844/1640 1975/1846/1641 1922/1686/1575 
f 1922/1686/1575 1975/1846/1641 1949/1847/1615 
f 1922/1686/1575 1949/1847/1615 1947/1848/1613 1889/490/1528 
f 1950/1849/1616 1949/1847/1615 1976/1850/1642 1951/1851/1617 
f 1976/1850/1642 1949/1847/1615 1975/1846/1641 
f 1976/1850/1642 1975/1846/1641 1974/1844/1640 1973/1843/1639 
f 1972/1842/1638 1927/878/1580 1929/1690/1582 1970/1840/1636 
f 1970/1840/1636 1929/1690/1582 1931/1692/1584 1968/1838/1634 
f 1968/1838/1634 1931/1692/1584 1967/1837/1633 
f 1967/1837/1633 1931/1692/1584 1905/1694/1544 1962/1852/1628 
f 1962/1852/1628 1964/1834/1630 1967/1837/1633 
f 1976/868/1642 1969/869/1635 1966/870/1632 1951/871/1617 
f 1951/871/1617 1966/870/1632 1963/872/1629 1952/873/1618 
f 1952/873/1618 1963/872/1629 1965/874/1631 1954/875/1620 
f 1954/875/1620 1965/874/1631 1958/876/1624 1956/821/1622 
f 1969/869/1635 1976/868/1642 1973/877/1639 1971/878/1637 
f 1977/1853/1643 1978/1854/1643 1979/1855/1643 1980/1856/1643 
s 2
f 1980/1856/1644 1979/1855/1644 1981/1857/1644 1982/1858/1644 
s 1
f 1982/1858/1645 1981/1857/1645 1983/1043/1645 1984/1030/1645 
s 2
f 1984/1030/1646 1983/1043/1646 1985/1855/1646 1986/1856/1646 
s 1
f 1986/1856/1647 1985/1855/1647 1987/1857/1647 1988/1858/1647 
s 2
f 1988/1858/1648 1987/1857/1648 1989/1043/1648 1990/1030/1648 
s 1
f 1990/1030/1649 1989/1043/1649 1991/1859/1649 1992/1860/1649 
s 2
f 1992/1860/1650 1991/1859/1650 1993/1861/1650 1994/1862/1650 
s 1
f 1994/1862/1651 1993/1861/1651 1995/1854/1651 1996/1853/1651 
s 2
f 1996/1853/1652 1995/1854/1652 1997/1859/1652 1998/1860/1652 
s 1
f 1998/1860/1653 1997/1859/1653 1999/1861/1653 2000/1862/1653 
s 2
f 2000/1862/1654 1999/1861/1654 1978/1854/1654 1977/1853/1654 
s 4
f 1982/1041/248 1988/1042/248 1990/1043/248 1980/1044/248 
f 1980/1044/248 1990/1043/248 1992/1045/248 1977/1027/248 
f 1977/1027/248 1992/1045/248 1994/1046/248 2000/1047/248 
f 2000/1047/248 1994/1046/248 1996/1048/248 1998/1049/248 
f 1988/1042/248 1982/1041/248 1984/1050/248 1986/1051/248 
f 1978/1030/250 1995/1031/250 1993/1032/250 1979/1033/250 
f 1979/1033/250 1993/1032/250 1991/1034/250 1981/1035/250 
f 1981/1035/250 1991/1034/250 1989/1026/250 1983/1036/250 
f 1983/1036/250 1989/1026/250 1987/1037/250 1985/1038/250 
f 1995/1031/250 1978/1030/250 1999/1039/250 1997/1040/250 
s 1
f 2001/1863/1655 2002/1864/1656 2003/1865/1657 2004/1866/1658 
f 2004/1866/1658 2003/1865/1657 2005/1867/1659 2006/1065/1214 
f 2002/1864/1656 2007/1868/1660 2005/1867/1659 2003/1865/1657 
f 2007/1868/1660 2008/1182/1661 2009/1869/1662 2005/1867/1659 
f 2005/1867/1659 2009/1869/1662 2010/1870/1663 2006/1065/1214 
f 2009/1869/1662 2008/1182/1661 2011/1871/1664 2010/1870/1663 
f 2010/1870/1663 2011/1871/1664 2012/1872/1665 2013/1873/1666 
f 2013/1873/1666 2012/1872/1665 2014/487/1667 2015/1874/1668 
f 2015/1875/1668 2016/1876/1669 2006/1062/1214 2013/1877/1666 
f 2013/1873/1666 2006/1065/1214 2010/1870/1663 
f 2017/488/1670 2018/1878/1671 2019/1879/1672 
f 2019/1879/1672 2018/1878/1671 2020/1880/1673 
f 2019/1879/1672 2020/1880/1673 2021/1881/1674 
f 2021/1881/1674 2020/1880/1673 2022/1882/1675 2023/1883/1676 
f 2023/1883/1676 2022/1882/1675 2024/1884/1677 2025/1885/1678 
f 2025/1885/1678 2024/1884/1677 2026/1886/1679 2027/1887/1680 
f 2027/1887/1680 2026/1886/1679 2028/1888/1681 
f 2018/1878/1671 2029/1889/1682 2030/1890/1683 2020/1880/1673 
f 2020/1880/1673 2030/1890/1683 2022/1882/1675 
f 2030/1890/1683 2026/1886/1679 2024/1884/1677 2022/1882/1675 
f 2027/1887/1680 2028/1888/1681 2031/1891/1684 2032/1892/1685 
f 2031/1891/1684 2028/1888/1681 2033/1893/1686 2034/1894/1687 
f 2031/1891/1684 2034/1894/1687 2035/1895/1688 
f 2035/1895/1688 2034/1894/1687 2036/1896/1689 
f 2037/1897/1690 2038/1898/1691 2035/1895/1688 
f 2035/1895/1688 2038/1898/1691 2031/1891/1684 
f 2038/1898/1691 2032/1892/1685 2031/1891/1684 
f 2032/1892/1685 2025/1885/1678 2027/1887/1680 
f 2021/1881/1674 2039/1899/1692 2019/1879/1672 
s 2
f 2040/1900/1693 2041/1901/1694 2042/1902/1695 2043/1903/1696 
s 1
f 2043/1903/1697 2042/1902/1698 2044/1904/1699 
f 2044/1904/1699 2042/1902/1698 2045/1905/1700 
f 2044/1904/1699 2045/1905/1700 2008/1906/1661 
f 2008/1906/1661 2045/1905/1700 2011/1907/1664 
f 2011/1907/1664 2045/1905/1700 2046/1908/1701 2012/1909/1665 
f 2012/1909/1665 2046/1908/1701 2047/1910/1702 2014/1911/1667 
f 2014/1911/1667 2047/1910/1702 2048/1912/1703 2049/1913/1704 
f 2049/1913/1704 2048/1912/1703 2050/1914/1705 2051/1915/1706 
f 2051/1915/1706 2050/1914/1705 2052/1916/1707 
f 2052/1916/1707 2050/1914/1705 2053/1917/1708 
f 2053/1917/1708 2050/1914/1705 2054/1918/1709 
f 2053/1917/1708 2054/1918/1709 2055/1919/1710 
s 2
f 2055/1919/1711 2054/1918/1712 2056/1920/1713 2057/514/1714 
s 4
f 2042/1902/1715 2041/1901/1716 2058/1868/1717 2059/1921/1718 
s 1
f 2059/1921/1719 2058/1868/1720 2060/1182/1721 2061/1922/1722 
s 2
f 2061/1922/1723 2060/1182/1724 2062/1923/1725 2063/1924/1723 
s 4
f 2063/1924/1726 2062/1923/1727 2056/1920/1727 2054/1918/1728 
s 8
f 2046/1908/1729 2045/1905/1729 2042/1902/1729 2059/1921/1729 
s 16
f 2047/1910/1730 2046/1908/1730 2059/1921/1730 2061/1922/1730 
s 8
f 2048/1912/1731 2047/1910/1731 2061/1922/1731 2063/1924/1731 
s 16
f 2050/1914/1732 2048/1912/1732 2063/1924/1732 2054/1918/1732 
s 1
f 2064/1925/1733 2026/1926/1679 2065/1927/1734 
f 2065/1927/1734 2026/1926/1679 2030/1928/1683 
f 2065/1927/1734 2030/1928/1683 2029/1929/1682 
f 2029/1929/1682 2018/1930/1671 2017/1931/1670 2066/1932/1735 
f 2066/1932/1735 2017/1931/1670 2067/1933/1736 2068/1934/1737 
f 2068/1934/1737 2067/1933/1736 2069/1935/1738 2070/1936/1739 
f 2070/1936/1739 2069/1935/1738 2071/1937/1740 
f 2071/1937/1740 2072/1938/1741 2070/1936/1739 
f 2070/1936/1739 2072/1938/1741 2073/1939/1742 
s 8
f 2070/1936/1743 2073/1939/1743 2074/1940/1744 2068/1934/1744 
s 16
f 2068/1934/1745 2074/1940/1745 2075/1941/1746 2066/1932/1746 
s 8
f 2066/1932/1747 2075/1941/1747 2076/1942/1747 2029/1929/1747 
s 16
f 2029/1929/1748 2076/1942/1748 2077/1943/1749 2065/1927/1749 
s 1
f 2065/1927/1734 2077/1943/1750 2064/1925/1733 
f 2064/1925/1733 2077/1943/1750 2078/1944/1751 
s 2
f 2078/1944/1752 2077/1943/1753 2079/1945/1754 2080/1946/1755 
f 2081/515/1756 2082/1947/1757 2073/1939/1758 2083/1948/1759 
s 1
f 2083/1948/1760 2073/1939/1742 2072/1938/1741 
s 4
f 2084/1949/1761 2079/1945/1761 2077/1943/1762 2076/1942/1763 
s 1
f 2085/1950/1764 2084/1949/1764 2076/1942/1765 2075/1941/1765 
s 2
f 2086/1951/1766 2085/1950/1767 2075/1941/1768 2074/1940/1769 
s 4
f 2082/1947/1770 2086/1951/1771 2074/1940/1772 2073/1939/1773 
s 2
f 2081/514/1756 2057/1952/1714 2056/1953/1713 2082/1920/1757 
s 4
f 2082/1920/1770 2056/1953/1727 2062/1954/1727 2086/1955/1771 
s 2
f 2086/1955/1766 2062/1954/1725 2060/1956/1724 2085/1182/1767 
s 1
f 2085/1182/1764 2060/1956/1721 2058/1957/1720 2084/1958/1764 
s 4
f 2084/1958/1761 2058/1957/1717 2041/1959/1716 2079/1901/1761 
s 2
f 2079/1901/1754 2041/1959/1694 2040/1960/1693 2080/1900/1755 
s 1
f 2017/1946/1670 2019/1961/1672 2067/1962/1736 
f 2067/1962/1736 2019/1961/1672 2087/1963/1774 
f 2067/1962/1736 2087/1963/1774 2069/1964/1738 
f 2069/1964/1738 2087/1963/1774 2088/1965/1775 2089/1966/1776 
f 2069/1964/1738 2089/1966/1776 2090/1967/1777 2071/1968/1740 
f 2071/1968/1740 2090/1967/1777 2091/1969/1778 2092/1970/1779 
f 2092/1970/1779 2091/1969/1778 2093/1971/1780 
f 2039/1972/1692 2094/1973/1781 2019/1961/1672 
f 2019/1961/1672 2094/1973/1781 2087/1963/1774 
f 2094/1973/1781 2088/1965/1775 2087/1963/1774 
f 2088/1965/1775 2091/1969/1778 2090/1967/1777 2089/1966/1776 
f 2092/1970/1779 2093/1971/1780 2095/1974/1782 2096/1975/1783 
f 2096/1975/1783 2095/1974/1782 2035/1976/1688 
f 2035/1976/1688 2095/1974/1782 2037/1977/1690 
f 2036/515/1689 2097/1978/1784 2035/1976/1688 
f 2035/1976/1688 2097/1978/1784 2096/1975/1783 
f 2097/1978/1784 2098/1979/1785 2099/1980/1786 2096/1975/1783 
f 2096/1975/1783 2099/1980/1786 2092/1970/1779 
f 2099/1980/1786 2071/1968/1740 2092/1970/1779 
f 2039/1112/1692 2021/1981/1674 2088/1982/1775 2094/1983/1781 
f 2088/1982/1775 2021/1981/1674 2023/1984/1676 2091/1985/1778 
f 2091/1985/1778 2023/1984/1676 2025/1986/1678 2093/1987/1780 
f 2093/1987/1780 2025/1986/1678 2032/1988/1685 2095/1989/1782 
f 2095/1989/1782 2032/1988/1685 2038/1990/1691 2037/1886/1690 
f 2014/1900/1667 2049/1901/1704 2016/1876/1669 2015/1875/1668 
f 2049/1901/1704 2051/1991/1706 2100/1992/1787 2016/1876/1669 
f 2016/1876/1669 2100/1992/1787 2101/1993/1788 2006/1062/1214 
f 2051/1991/1706 2052/1994/1707 2101/1993/1788 2100/1992/1787 
f 2101/1993/1788 2052/1994/1707 2102/1923/1789 2103/1995/1790 
f 2103/1995/1790 2102/1923/1789 2104/1920/1791 2105/1996/1792 
f 2105/1996/1792 2104/1920/1791 2001/514/1655 2004/1997/1658 
f 2004/1997/1658 2006/1062/1214 2103/1995/1790 2105/1996/1792 
f 2103/1995/1790 2006/1062/1214 2101/1993/1788 
s 4
f 2057/1998/1793 2081/1863/1794 2106/1864/1795 2107/1999/1796 
s 2
f 2107/1999/1797 2106/1864/1798 2108/1991/1799 2109/2000/1800 
s 1
f 2109/2000/1801 2108/1991/1802 2110/1994/1803 2111/2001/1801 
s 2
f 2111/2001/1804 2110/1994/1805 2112/1871/1805 2113/2002/1804 
s 4
f 2113/2002/1806 2112/1871/1807 2114/1872/1808 2115/2003/1806 
s 8
f 2115/2003/1809 2114/1872/1810 2080/487/1811 2040/2004/1812 
s 1
f 2028/2005/1681 2026/2006/1679 2033/2007/1686 
f 2033/2007/1686 2026/2006/1679 2064/2008/1733 
f 2033/2007/1686 2064/2008/1733 2116/2009/1813 
f 2116/2009/1813 2064/2008/1733 2078/2010/1751 
s 8
f 2116/2009/1814 2078/2010/1815 2080/488/1811 2114/2011/1810 
s 4
f 2081/1896/1794 2083/2012/1816 2117/2013/1817 2106/2014/1795 
s 2
f 2106/2014/1798 2117/2013/1818 2118/2015/1819 2108/2016/1799 
s 1
f 2108/2016/1802 2118/2015/1820 2119/2017/1821 2110/2018/1803 
s 2
f 2110/2018/1805 2119/2017/1822 2120/2019/1823 2112/2020/1805 
s 4
f 2112/2020/1807 2120/2019/1824 2116/2009/1825 2114/2011/1808 
s 1
f 2083/2012/1760 2072/2021/1741 2117/2013/1826 
f 2117/2013/1826 2072/2021/1741 2121/2022/1827 
s 8
f 2117/2013/1828 2121/2022/1828 2098/2023/1829 2118/2015/1829 
s 4
f 2118/2015/1830 2098/2023/1830 2122/2024/1830 2119/2017/1830 
s 8
f 2119/2017/1831 2122/2024/1831 2123/2025/1832 2120/2019/1832 
s 16
f 2120/2019/1833 2123/2025/1833 2033/2007/1834 2116/2009/1834 
s 1
f 2072/2021/1741 2071/2026/1740 2121/2022/1827 
f 2121/2022/1827 2071/2026/1740 2099/2027/1786 
f 2121/2022/1827 2099/2027/1786 2098/2023/1785 
f 2098/2023/1785 2097/2028/1784 2036/2029/1689 2122/2024/1835 
f 2122/2024/1835 2036/2029/1689 2034/2030/1687 2123/2025/1836 
f 2123/2025/1836 2034/2030/1687 2033/2007/1686 
s 8
f 2040/487/1812 2043/2031/1837 2124/2032/1838 2115/1872/1809 
s 4
f 2115/1872/1806 2124/2032/1839 2125/2033/1839 2113/2034/1806 
s 2
f 2113/2034/1804 2125/2033/1840 2126/2035/1840 2111/1994/1804 
s 1
f 2111/1994/1801 2126/2035/1841 2127/2036/1842 2109/2037/1801 
s 2
f 2109/2037/1800 2127/2036/1843 2128/2038/1844 2107/1864/1797 
s 4
f 2107/1864/1796 2128/2038/1845 2055/2039/1846 2057/1863/1793 
s 1
f 2055/2039/1710 2128/2038/1847 2053/2040/1708 
f 2053/2040/1708 2128/2038/1847 2129/2041/1848 
f 2053/2040/1708 2129/2041/1848 2052/2042/1707 
f 2052/2042/1707 2129/2041/1848 2102/2043/1789 
f 2102/2043/1789 2129/2041/1848 2130/2044/1849 2104/2045/1791 
f 2104/2045/1791 2130/2044/1849 2131/2046/1850 2001/2047/1655 
f 2001/2047/1655 2131/2046/1850 2132/2048/1851 2002/2049/1656 
f 2002/2049/1656 2132/2048/1851 2133/2050/1852 2007/2051/1660 
f 2007/2051/1660 2133/2050/1852 2044/2052/1699 2008/2053/1661 
f 2044/2052/1699 2133/2050/1852 2124/2032/1853 
f 2044/2052/1699 2124/2032/1853 2043/2031/1697 
s 16
f 2125/2033/1854 2124/2032/1854 2133/2050/1854 2132/2048/1854 
s 8
f 2126/2035/1855 2125/2033/1855 2132/2048/1855 2131/2046/1855 
s 4
f 2127/2036/1856 2126/2035/1856 2131/2046/1856 2130/2044/1856 
s 8
f 2128/2038/1857 2127/2036/1857 2130/2044/1857 2129/2041/1857 
s 1
f 1334/2054/252 1183/2055/252 2134/519/252 2135/518/252 
s 2
f 2135/518/263 2134/519/263 1187/1655/263 1338/1656/263 
s 1
f 1338/1656/262 1187/1655/262 2136/1653/262 2137/1654/262 
s 2
f 2137/1654/261 2136/1653/261 2138/519/261 2139/518/261 
s 1
f 2139/518/260 2138/519/260 2140/1657/260 2141/1658/260 
s 2
f 2141/1658/259 2140/1657/259 1171/1649/259 1322/1650/259 
s 1
f 1322/1650/258 1171/1649/258 2142/507/258 2143/506/258 
s 2
f 2143/506/257 2142/507/257 1175/1647/257 1326/1648/257 
s 1
f 1326/1648/256 1175/1647/256 2144/1649/256 2145/1650/256 
s 2
f 2145/1650/255 2144/1649/255 2146/507/255 2147/506/255 
s 1
f 2147/506/254 2146/507/254 2148/1651/254 2149/1652/254 
s 2
f 2149/1652/253 2148/1651/253 1183/2055/253 1334/2054/253 
s 4
f 1338/522/248 2141/523/248 1322/524/248 2135/525/248 
f 2135/525/248 1322/524/248 2143/526/248 1334/527/248 
f 1334/527/248 2143/526/248 1326/528/248 2149/529/248 
f 2149/529/248 1326/528/248 2145/530/248 2147/518/248 
f 2141/523/248 1338/522/248 2137/531/248 2139/519/248 
f 1183/528/250 2144/529/250 1175/527/250 2134/526/250 
f 2134/526/250 1175/527/250 2142/525/250 1187/524/250 
f 1187/524/250 2142/525/250 1171/522/250 2136/523/250 
f 2136/523/250 1171/522/250 2140/531/250 2138/519/250 
f 2144/529/250 1183/528/250 2148/530/250 2146/518/250 
s 1
f 1182/2054/252 1794/2055/252 1796/519/252 2150/518/252 
s 2
f 2150/518/263 1796/519/263 1798/1655/263 1186/1656/263 
s 1
f 1186/1656/262 1798/1655/262 1800/1653/262 2151/1654/262 
s 2
f 2151/1654/261 1800/1653/261 1789/519/261 2152/518/261 
s 1
f 2152/518/260 1789/519/260 1787/1657/260 2153/1658/260 
s 2
f 2153/1658/259 1787/1657/259 1785/1649/259 1170/1650/259 
s 1
f 1170/1650/258 1785/1649/258 1783/507/258 2154/506/258 
s 2
f 2154/506/257 1783/507/257 1781/1647/257 1174/1648/257 
s 1
f 1174/1648/256 1781/1647/256 1779/1649/256 2155/1650/256 
s 2
f 2155/1650/255 1779/1649/255 1778/507/255 2156/506/255 
s 1
f 2156/506/254 1778/507/254 1792/1651/254 2157/1652/254 
s 2
f 2157/1652/253 1792/1651/253 1794/2055/253 1182/2054/253 
s 4
f 1186/522/248 2153/523/248 1170/524/248 2150/525/248 
f 2150/525/248 1170/524/248 2154/526/248 1182/527/248 
f 1182/527/248 2154/526/248 1174/528/248 2157/529/248 
f 2157/529/248 1174/528/248 2155/530/248 2156/518/248 
f 2153/523/248 1186/522/248 2151/531/248 2152/519/248 
f 1794/528/250 1779/529/250 1781/527/250 1796/526/250 
f 1796/526/250 1781/527/250 1783/525/250 1798/524/250 
f 1798/524/250 1783/525/250 1785/522/250 1800/523/250 
f 1800/523/250 1785/522/250 1787/531/250 1789/519/250 
f 1779/529/250 1794/528/250 1792/530/250 1778/518/250 
s 1
f 1793/2054/252 2158/2055/252 2159/519/252 1795/518/252 
s 2
f 1795/518/263 2159/519/263 2160/1655/263 1797/1656/263 
s 1
f 1797/1656/262 2160/1655/262 2161/1653/262 1799/1654/262 
s 2
f 1799/1654/261 2161/1653/261 2162/519/261 1790/518/261 
s 1
f 1790/518/260 2162/519/260 2163/1657/260 1788/1658/260 
s 2
f 1788/1658/259 2163/1657/259 2164/1649/259 1786/1650/259 
s 1
f 1786/1650/258 2164/1649/258 2165/507/258 1784/506/258 
s 2
f 1784/506/257 2165/507/257 2166/1647/257 1782/1648/257 
s 1
f 1782/1648/256 2166/1647/256 2167/1649/256 1780/1650/256 
s 2
f 1780/1650/255 2167/1649/255 2168/507/255 1777/506/255 
s 1
f 1777/506/254 2168/507/254 2169/1651/254 1791/1652/254 
s 2
f 1791/1652/253 2169/1651/253 2158/2055/253 1793/2054/253 
s 4
f 1797/522/248 1788/523/248 1786/524/248 1795/525/248 
f 1795/525/248 1786/524/248 1784/526/248 1793/527/248 
f 1793/527/248 1784/526/248 1782/528/248 1791/529/248 
f 1791/529/248 1782/528/248 1780/530/248 1777/518/248 
f 1788/523/248 1797/522/248 1799/531/248 1790/519/248 
f 2158/528/250 2167/529/250 2166/527/250 2159/526/250 
f 2159/526/250 2166/527/250 2165/525/250 2160/524/250 
f 2160/524/250 2165/525/250 2164/522/250 2161/523/250 
f 2161/523/250 2164/522/250 2163/531/250 2162/519/250 
f 2167/529/250 2158/528/250 2169/530/250 2168/518/250 
s 1
f 2170/1853/1643 2171/1854/1643 2172/1855/1643 2173/1856/1643 
s 2
f 2173/1856/1644 2172/1855/1644 2174/1857/1644 2175/1858/1644 
s 1
f 2175/1858/1645 2174/1857/1645 2176/1043/1645 2177/1030/1645 
s 2
f 2177/1030/1646 2176/1043/1646 2178/1855/1646 2179/1856/1646 
s 1
f 2179/1856/1647 2178/1855/1647 2180/1857/1647 2181/1858/1647 
s 2
f 2181/1858/1648 2180/1857/1648 2182/1043/1648 2183/1030/1648 
s 1
f 2183/1030/1649 2182/1043/1649 2184/1859/1649 2185/1860/1649 
s 2
f 2185/1860/1650 2184/1859/1650 2186/1861/1650 2187/1862/1650 
s 1
f 2187/1862/1651 2186/1861/1651 2188/1854/1651 2189/1853/1651 
s 2
f 2189/1853/1652 2188/1854/1652 2190/1859/1652 2191/1860/1652 
s 1
f 2191/1860/1653 2190/1859/1653 2192/1861/1653 2193/1862/1653 
s 2
f 2193/1862/1654 2192/1861/1654 2171/1854/1654 2170/1853/1654 
s 4
f 2175/1041/248 2181/1042/248 2183/1043/248 2173/1044/248 
f 2173/1044/248 2183/1043/248 2185/1045/248 2170/1027/248 
f 2170/1027/248 2185/1045/248 2187/1046/248 2193/1047/248 
f 2193/1047/248 2187/1046/248 2189/1048/248 2191/1049/248 
f 2181/1042/248 2175/1041/248 2177/1050/248 2179/1051/248 
f 2171/1030/250 2188/1031/250 2186/1032/250 2172/1033/250 
f 2172/1033/250 2186/1032/250 2184/1034/250 2174/1035/250 
f 2174/1035/250 2184/1034/250 2182/1026/250 2176/1036/250 
f 2176/1036/250 2182/1026/250 2180/1037/250 2178/1038/250 
f 2188/1031/250 2171/1030/250 2192/1039/250 2190/1040/250 
s 1
f 1235/1654/252 1058/1653/252 1057/519/252 1232/518/252 
s 2
f 1232/518/263 1057/519/263 1076/1657/263 1253/1658/263 
s 1
f 1253/1658/262 1076/1657/262 1074/1653/262 1251/1654/262 
s 2
f 1251/1654/261 1074/1653/261 1045/519/261 1196/518/261 
s 1
f 1196/518/260 1045/519/260 1072/1647/260 1249/1648/260 
s 2
f 1249/1648/259 1072/1647/259 1070/1649/259 1247/1650/259 
s 1
f 1247/1650/258 1070/1649/258 1068/507/258 1245/506/258 
s 2
f 1245/506/257 1068/507/257 1066/1651/257 1243/1652/257 
s 1
f 1243/1652/256 1066/1651/256 1064/1649/256 1241/1650/256 
s 2
f 1241/1650/255 1064/1649/255 1062/507/255 1239/506/255 
s 1
f 1239/506/254 1062/507/254 1060/1655/254 1237/1656/254 
s 2
f 1237/1656/253 1060/1655/253 1058/1653/253 1235/1654/253 
s 4
f 1253/522/248 1249/523/248 1247/524/248 1232/525/248 
f 1232/525/248 1247/524/248 1245/526/248 1235/527/248 
f 1235/527/248 1245/526/248 1243/528/248 1237/529/248 
f 1237/529/248 1243/528/248 1241/530/248 1239/518/248 
f 1249/523/248 1253/522/248 1251/531/248 1196/519/248 
f 1058/528/250 1064/529/250 1066/527/250 1057/526/250 
f 1057/526/250 1066/527/250 1068/525/250 1076/524/250 
f 1076/524/250 1068/525/250 1070/522/250 1074/523/250 
f 1074/523/250 1070/522/250 1072/531/250 1045/519/250 
f 1064/529/250 1058/528/250 1060/530/250 1062/518/250 
s 1
f 1059/1654/252 405/1653/252 404/519/252 1056/518/252 
s 2
f 1056/518/263 404/519/263 423/1657/263 1077/1658/263 
s 1
f 1077/1658/262 423/1657/262 421/1653/262 1075/1654/262 
s 2
f 1075/1654/261 421/1653/261 392/519/261 1044/518/261 
s 1
f 1044/518/260 392/519/260 419/1647/260 1073/1648/260 
s 2
f 1073/1648/259 419/1647/259 417/1649/259 1071/1650/259 
s 1
f 1071/1650/258 417/1649/258 415/507/258 1069/506/258 
s 2
f 1069/506/257 415/507/257 413/1651/257 1067/1652/257 
s 1
f 1067/1652/256 413/1651/256 411/1649/256 1065/1650/256 
s 2
f 1065/1650/255 411/1649/255 409/507/255 1063/506/255 
s 1
f 1063/506/254 409/507/254 407/1655/254 1061/1656/254 
s 2
f 1061/1656/253 407/1655/253 405/1653/253 1059/1654/253 
s 4
f 1077/522/248 1073/523/248 1071/524/248 1056/525/248 
f 1056/525/248 1071/524/248 1069/526/248 1059/527/248 
f 1059/527/248 1069/526/248 1067/528/248 1061/529/248 
f 1061/529/248 1067/528/248 1065/530/248 1063/518/248 
f 1073/523/248 1077/522/248 1075/531/248 1044/519/248 
f 405/528/250 411/529/250 413/527/250 404/526/250 
f 404/526/250 413/527/250 415/525/250 423/524/250 
f 423/524/250 415/525/250 417/522/250 421/523/250 
f 421/523/250 417/522/250 419/531/250 392/519/250 
f 411/529/250 405/528/250 407/530/250 409/518/250 
s 1
f 406/1654/252 2194/1653/252 2195/519/252 403/518/252 
s 2
f 403/518/263 2195/519/263 2196/1657/263 424/1658/263 
s 1
f 424/1658/262 2196/1657/262 2197/1653/262 422/1654/262 
s 2
f 422/1654/261 2197/1653/261 2198/519/261 391/518/261 
s 1
f 391/518/260 2198/519/260 2199/1647/260 420/1648/260 
s 2
f 420/1648/259 2199/1647/259 2200/1649/259 418/1650/259 
s 1
f 418/1650/258 2200/1649/258 2201/507/258 416/506/258 
s 2
f 416/506/257 2201/507/257 2202/1651/257 414/1652/257 
s 1
f 414/1652/256 2202/1651/256 2203/1649/256 412/1650/256 
s 2
f 412/1650/255 2203/1649/255 2204/507/255 410/506/255 
s 1
f 410/506/254 2204/507/254 2205/1655/254 408/1656/254 
s 2
f 408/1656/253 2205/1655/253 2194/1653/253 406/1654/253 
s 4
f 424/522/248 420/523/248 418/524/248 403/525/248 
f 403/525/248 418/524/248 416/526/248 406/527/248 
f 406/527/248 416/526/248 414/528/248 408/529/248 
f 408/529/248 414/528/248 412/530/248 410/518/248 
f 420/523/248 424/522/248 422/531/248 391/519/248 
f 2194/528/250 2203/529/250 2202/527/250 2195/526/250 
f 2195/526/250 2202/527/250 2201/525/250 2196/524/250 
f 2196/524/250 2201/525/250 2200/522/250 2197/523/250 
f 2197/523/250 2200/522/250 2199/531/250 2198/519/250 
f 2203/529/250 2194/528/250 2205/530/250 2204/518/250 
s 1
f 2206/1853/1643 2207/1854/1643 2208/1855/1643 2209/1856/1643 
s 2
f 2209/1856/1644 2208/1855/1644 2210/1857/1644 2211/1858/1644 
s 1
f 2211/1858/1645 2210/1857/1645 2212/1043/1645 2213/1030/1645 
s 2
f 2213/1030/1646 2212/1043/1646 2214/1855/1646 2215/1856/1646 
s 1
f 2215/1856/1647 2214/1855/1647 2216/1857/1647 2217/1858/1647 
s 2
f 2217/1858/1648 2216/1857/1648 2218/1043/1648 2219/1030/1648 
s 1
f 2219/1030/1649 2218/1043/1649 2220/1859/1649 2221/1860/1649 
s 2
f 2221/1860/1650 2220/1859/1650 2222/1861/1650 2223/1862/1650 
s 1
f 2223/1862/1651 2222/1861/1651 2224/1854/1651 2225/1853/1651 
s 2
f 2225/1853/1652 2224/1854/1652 2226/1859/1652 2227/1860/1652 
s 1
f 2227/1860/1653 2226/1859/1653 2228/1861/1653 2229/1862/1653 
s 2
f 2229/1862/1654 2228/1861/1654 2207/1854/1654 2206/1853/1654 
s 4
f 2211/1041/248 2217/1042/248 2219/1043/248 2209/1044/248 
f 2209/1044/248 2219/1043/248 2221/1045/248 2206/1027/248 
f 2206/1027/248 2221/1045/248 2223/1046/248 2229/1047/248 
f 2229/1047/248 2223/1046/248 2225/1048/248 2227/1049/248 
f 2217/1042/248 2211/1041/248 2213/1050/248 2215/1051/248 
f 2207/1030/250 2224/1031/250 2222/1032/250 2208/1033/250 
f 2208/1033/250 2222/1032/250 2220/1034/250 2210/1035/250 
f 2210/1035/250 2220/1034/250 2218/1026/250 2212/1036/250 
f 2212/1036/250 2218/1026/250 2216/1037/250 2214/1038/250 
f 2224/1031/250 2207/1030/250 2228/1039/250 2226/1040/250 
s 1
f 1211/1654/252 1098/1653/252 1097/519/252 1208/518/252 
s 2
f 1208/518/263 1097/519/263 1116/1657/263 1231/1658/263 
s 1
f 1231/1658/262 1116/1657/262 1114/1653/262 1229/1654/262 
s 2
f 1229/1654/261 1114/1653/261 1085/519/261 1227/518/261 
s 1
f 1227/518/260 1085/519/260 1112/1647/260 1225/1648/260 
s 2
f 1225/1648/259 1112/1647/259 1110/1649/259 1223/1650/259 
s 1
f 1223/1650/258 1110/1649/258 1108/507/258 1221/506/258 
s 2
f 1221/506/257 1108/507/257 1106/1651/257 1219/1652/257 
s 1
f 1219/1652/256 1106/1651/256 1104/1649/256 1217/1650/256 
s 2
f 1217/1650/255 1104/1649/255 1102/507/255 1215/506/255 
s 1
f 1215/506/254 1102/507/254 1100/1655/254 1213/1656/254 
s 2
f 1213/1656/253 1100/1655/253 1098/1653/253 1211/1654/253 
s 4
f 1231/522/248 1225/523/248 1223/524/248 1208/525/248 
f 1208/525/248 1223/524/248 1221/526/248 1211/527/248 
f 1211/527/248 1221/526/248 1219/528/248 1213/529/248 
f 1213/529/248 1219/528/248 1217/530/248 1215/518/248 
f 1225/523/248 1231/522/248 1229/531/248 1227/519/248 
f 1098/528/250 1104/529/250 1106/527/250 1097/526/250 
f 1097/526/250 1106/527/250 1108/525/250 1116/524/250 
f 1116/524/250 1108/525/250 1110/522/250 1114/523/250 
f 1114/523/250 1110/522/250 1112/531/250 1085/519/250 
f 1104/529/250 1098/528/250 1100/530/250 1102/518/250 
s 1
f 1099/1654/252 445/1653/252 444/519/252 1096/518/252 
s 2
f 1096/518/263 444/519/263 463/1657/263 1117/1658/263 
s 1
f 1117/1658/262 463/1657/262 461/1653/262 1115/1654/262 
s 2
f 1115/1654/261 461/1653/261 432/519/261 1084/518/261 
s 1
f 1084/518/260 432/519/260 459/1647/260 1113/1648/260 
s 2
f 1113/1648/259 459/1647/259 457/1649/259 1111/1650/259 
s 1
f 1111/1650/258 457/1649/258 455/507/258 1109/506/258 
s 2
f 1109/506/257 455/507/257 453/1651/257 1107/1652/257 
s 1
f 1107/1652/256 453/1651/256 451/1649/256 1105/1650/256 
s 2
f 1105/1650/255 451/1649/255 449/507/255 1103/506/255 
s 1
f 1103/506/254 449/507/254 447/1655/254 1101/1656/254 
s 2
f 1101/1656/253 447/1655/253 445/1653/253 1099/1654/253 
s 4
f 1117/522/248 1113/523/248 1111/524/248 1096/525/248 
f 1096/525/248 1111/524/248 1109/526/248 1099/527/248 
f 1099/527/248 1109/526/248 1107/528/248 1101/529/248 
f 1101/529/248 1107/528/248 1105/530/248 1103/518/248 
f 1113/523/248 1117/522/248 1115/531/248 1084/519/248 
f 445/528/250 451/529/250 453/527/250 444/526/250 
f 444/526/250 453/527/250 455/525/250 463/524/250 
f 463/524/250 455/525/250 457/522/250 461/523/250 
f 461/523/250 457/522/250 459/531/250 432/519/250 
f 451/529/250 445/528/250 447/530/250 449/518/250 
s 1
f 446/1654/252 2230/1653/252 2231/519/252 443/518/252 
s 2
f 443/518/263 2231/519/263 2232/1657/263 464/1658/263 
s 1
f 464/1658/262 2232/1657/262 2233/1653/262 462/1654/262 
s 2
f 462/1654/261 2233/1653/261 2234/519/261 431/518/261 
s 1
f 431/518/260 2234/519/260 2235/1647/260 460/1648/260 
s 2
f 460/1648/259 2235/1647/259 2236/1649/259 458/1650/259 
s 1
f 458/1650/258 2236/1649/258 2237/507/258 456/506/258 
s 2
f 456/506/257 2237/507/257 2238/1651/257 454/1652/257 
s 1
f 454/1652/256 2238/1651/256 2239/1649/256 452/1650/256 
s 2
f 452/1650/255 2239/1649/255 2240/507/255 450/506/255 
s 1
f 450/506/254 2240/507/254 2241/1655/254 448/1656/254 
s 2
f 448/1656/253 2241/1655/253 2230/1653/253 446/1654/253 
s 4
f 464/522/248 460/523/248 458/524/248 443/525/248 
f 443/525/248 458/524/248 456/526/248 446/527/248 
f 446/527/248 456/526/248 454/528/248 448/529/248 
f 448/529/248 454/528/248 452/530/248 450/518/248 
f 460/523/248 464/522/248 462/531/248 431/519/248 
f 2230/528/250 2239/529/250 2238/527/250 2231/526/250 
f 2231/526/250 2238/527/250 2237/525/250 2232/524/250 
f 2232/524/250 2237/525/250 2236/522/250 2233/523/250 
f 2233/523/250 2236/522/250 2235/531/250 2234/519/250 
f 2239/529/250 2230/528/250 2241/530/250 2240/518/250 
s 1
f 2242/1645/258 1314/1646/258 1312/507/258 2243/506/258 
s 2
f 2243/506/257 1312/507/257 1310/1647/257 2244/1648/257 
s 1
f 2244/1648/256 1310/1647/256 1308/1649/256 2245/1650/256 
s 2
f 2245/1650/255 1308/1649/255 1306/507/255 2246/506/255 
s 1
f 2246/506/254 1306/507/254 1304/1651/254 2247/1652/254 
s 2
f 2247/1652/253 1304/1651/253 1302/1653/253 2248/1654/253 
s 1
f 2248/1654/252 1302/1653/252 1277/519/252 2249/518/252 
s 2
f 2249/518/263 1277/519/263 1300/1655/263 2250/1656/263 
s 1
f 2250/1656/262 1300/1655/262 1298/1653/262 2251/1654/262 
s 2
f 2251/1654/261 1298/1653/261 1297/519/261 2252/518/261 
s 1
f 2252/518/260 1297/519/260 1316/1657/260 2253/1658/260 
s 2
f 2253/1658/259 1316/1657/259 1314/1646/259 2242/1645/259 
s 4
f 2244/528/248 2247/529/248 2248/527/248 2243/526/248 
f 2243/526/248 2248/527/248 2249/525/248 2242/524/248 
f 2242/524/248 2249/525/248 2250/522/248 2253/523/248 
f 2253/523/248 2250/522/248 2251/531/248 2252/519/248 
f 2247/529/248 2244/528/248 2245/530/248 2246/518/248 
f 1314/522/250 1298/523/250 1300/524/250 1312/525/250 
f 1312/525/250 1300/524/250 1277/526/250 1310/527/250 
f 1310/527/250 1277/526/250 1302/528/250 1308/529/250 
f 1308/529/250 1302/528/250 1304/530/250 1306/518/250 
f 1298/523/250 1314/522/250 1316/531/250 1297/519/250 
s 1
f 2254/2054/252 1335/2055/252 2255/519/252 2256/518/252 
s 2
f 2256/518/263 2255/519/263 1339/1655/263 2257/1656/263 
s 1
f 2257/1656/262 1339/1655/262 2258/1653/262 2259/1654/262 
s 2
f 2259/1654/261 2258/1653/261 2260/519/261 2261/518/261 
s 1
f 2261/518/260 2260/519/260 2262/1657/260 2263/1658/260 
s 2
f 2263/1658/259 2262/1657/259 1323/1649/259 2264/1650/259 
s 1
f 2264/1650/258 1323/1649/258 2265/507/258 2266/506/258 
s 2
f 2266/506/257 2265/507/257 1327/1647/257 2267/1648/257 
s 1
f 2267/1648/256 1327/1647/256 2268/1649/256 2269/1650/256 
s 2
f 2269/1650/255 2268/1649/255 2270/507/255 2271/506/255 
s 1
f 2271/506/254 2270/507/254 2272/1651/254 2273/1652/254 
s 2
f 2273/1652/253 2272/1651/253 1335/2055/253 2254/2054/253 
s 4
f 2257/522/248 2263/523/248 2264/524/248 2256/525/248 
f 2256/525/248 2264/524/248 2266/526/248 2254/527/248 
f 2254/527/248 2266/526/248 2267/528/248 2273/529/248 
f 2273/529/248 2267/528/248 2269/530/248 2271/518/248 
f 2263/523/248 2257/522/248 2259/531/248 2261/519/248 
f 1335/528/250 2268/529/250 1327/527/250 2255/526/250 
f 2255/526/250 1327/527/250 2265/525/250 1339/524/250 
f 1339/524/250 2265/525/250 1323/522/250 2258/523/250 
f 2258/523/250 1323/522/250 2262/531/250 2260/519/250 
f 2268/529/250 1335/528/250 2272/530/250 2270/518/250 
s 1
f 2274/1654/252 1234/1653/252 1233/519/252 2275/518/252 
s 2
f 2275/518/263 1233/519/263 1252/1657/263 2276/1658/263 
s 1
f 2276/1658/262 1252/1657/262 1250/1653/262 2277/1654/262 
s 2
f 2277/1654/261 1250/1653/261 1197/519/261 2278/518/261 
s 1
f 2278/518/260 1197/519/260 1248/1647/260 2279/1648/260 
s 2
f 2279/1648/259 1248/1647/259 1246/1649/259 2280/1650/259 
s 1
f 2280/1650/258 1246/1649/258 1244/507/258 2281/506/258 
s 2
f 2281/506/257 1244/507/257 1242/1651/257 2282/1652/257 
s 1
f 2282/1652/256 1242/1651/256 1240/1649/256 2283/1650/256 
s 2
f 2283/1650/255 1240/1649/255 1238/507/255 2284/506/255 
s 1
f 2284/506/254 1238/507/254 1236/1655/254 2285/1656/254 
s 2
f 2285/1656/253 1236/1655/253 1234/1653/253 2274/1654/253 
s 4
f 2276/522/248 2279/523/248 2280/524/248 2275/525/248 
f 2275/525/248 2280/524/248 2281/526/248 2274/527/248 
f 2274/527/248 2281/526/248 2282/528/248 2285/529/248 
f 2285/529/248 2282/528/248 2283/530/248 2284/518/248 
f 2279/523/248 2276/522/248 2277/531/248 2278/519/248 
f 1234/528/250 1240/529/250 1242/527/250 1233/526/250 
f 1233/526/250 1242/527/250 1244/525/250 1252/524/250 
f 1252/524/250 1244/525/250 1246/522/250 1250/523/250 
f 1250/523/250 1246/522/250 1248/531/250 1197/519/250 
f 1240/529/250 1234/528/250 1236/530/250 1238/518/250 
s 1
f 2286/1654/252 1210/1653/252 1209/519/252 2287/518/252 
s 2
f 2287/518/263 1209/519/263 1230/1657/263 2288/1658/263 
s 1
f 2288/1658/262 1230/1657/262 1228/1653/262 2289/1654/262 
s 2
f 2289/1654/261 1228/1653/261 1226/519/261 2290/518/261 
s 1
f 2290/518/260 1226/519/260 1224/1647/260 2291/1648/260 
s 2
f 2291/1648/259 1224/1647/259 1222/1649/259 2292/1650/259 
s 1
f 2292/1650/258 1222/1649/258 1220/507/258 2293/506/258 
s 2
f 2293/506/257 1220/507/257 1218/1651/257 2294/1652/257 
s 1
f 2294/1652/256 1218/1651/256 1216/1649/256 2295/1650/256 
s 2
f 2295/1650/255 1216/1649/255 1214/507/255 2296/506/255 
s 1
f 2296/506/254 1214/507/254 1212/1655/254 2297/1656/254 
s 2
f 2297/1656/253 1212/1655/253 1210/1653/253 2286/1654/253 
s 4
f 2288/522/248 2291/523/248 2292/524/248 2287/525/248 
f 2287/525/248 2292/524/248 2293/526/248 2286/527/248 
f 2286/527/248 2293/526/248 2294/528/248 2297/529/248 
f 2297/529/248 2294/528/248 2295/530/248 2296/518/248 
f 2291/523/248 2288/522/248 2289/531/248 2290/519/248 
f 1210/528/250 1216/529/250 1218/527/250 1209/526/250 
f 1209/526/250 1218/527/250 1220/525/250 1230/524/250 
f 1230/524/250 1220/525/250 1222/522/250 1228/523/250 
f 1228/523/250 1222/522/250 1224/531/250 1226/519/250 
f 1216/529/250 1210/528/250 1212/530/250 1214/518/250 
s 1
f 2298/481/241 2299/482/241 2300/483/241 2301/484/241 
s 2
f 2300/483/242 2299/482/242 2302/485/242 2303/486/242 
s 1
f 2303/486/243 2302/485/243 2304/487/243 2305/488/243 
s 2
f 2301/488/244 2306/489/244 2307/490/244 2298/487/244 
f 2305/489/245 2304/490/245 2308/491/245 2309/492/245 
s 1
f 2309/492/246 2308/491/246 2310/493/246 2311/494/246 
s 2
f 2311/494/247 2310/493/247 2312/487/247 2313/488/247 
s 4
f 2301/488/248 2300/495/248 2303/496/248 2306/487/248 
f 2306/487/248 2303/496/248 2305/497/248 2314/490/248 
f 2314/490/248 2305/497/248 2309/498/248 2311/499/248 
f 2311/499/248 2313/489/248 2314/490/248 
s 1
f 2306/488/249 2314/489/249 2315/490/249 2307/487/249 
s 4
f 2312/488/250 2310/495/250 2308/496/250 2315/487/250 
f 2315/487/250 2308/496/250 2304/497/250 2307/490/250 
f 2307/490/250 2304/497/250 2302/498/250 2299/499/250 
f 2299/499/250 2298/489/250 2307/490/250 
s 8
f 2312/500/251 2315/487/251 2314/488/251 2313/501/251 
s 1
f 2316/487/252 2317/488/252 2318/502/252 2319/503/252 
s 2
f 2319/503/253 2318/502/253 2320/504/253 2321/505/253 
s 1
f 2321/505/254 2320/504/254 2322/506/254 2323/507/254 
s 2
f 2323/507/255 2322/506/255 2324/508/255 2325/509/255 
s 1
f 2325/509/256 2324/508/256 2326/510/256 2327/511/256 
s 2
f 2327/511/257 2326/510/257 2328/512/257 2329/513/257 
s 1
f 2329/514/258 2328/515/258 2330/510/258 2331/511/258 
s 2
f 2331/511/259 2330/510/259 2332/516/259 2333/517/259 
s 1
f 2333/517/260 2332/516/260 2305/518/260 2304/519/260 
s 2
f 2304/519/261 2305/518/261 2334/520/261 2335/521/261 
s 1
f 2335/521/262 2334/520/262 2336/502/262 2337/503/262 
s 2
f 2337/503/263 2336/502/263 2317/489/263 2316/490/263 
s 4
f 2331/522/250 2335/523/250 2337/524/250 2329/525/250 
f 2329/525/250 2337/524/250 2316/526/250 2327/527/250 
f 2327/527/250 2316/526/250 2319/528/250 2325/529/250 
f 2325/529/250 2319/528/250 2321/530/250 2323/518/250 
f 2335/523/250 2331/522/250 2333/531/250 2304/519/250 
f 2326/528/248 2320/529/248 2318/527/248 2328/526/248 
f 2328/526/248 2318/527/248 2317/525/248 2330/524/248 
f 2330/524/248 2317/525/248 2336/522/248 2332/523/248 
f 2332/523/248 2336/522/248 2334/531/248 2305/519/248 
f 2320/529/248 2326/528/248 2324/530/248 2322/518/248 
s 1
f 2338/481/241 2339/482/241 2340/483/241 2341/484/241 
s 2
f 2340/483/242 2339/482/242 2342/485/242 2343/486/242 
s 1
f 2343/486/243 2342/485/243 2344/487/243 2345/488/243 
s 2
f 2341/488/244 2346/489/244 2347/490/244 2338/487/244 
f 2345/489/245 2344/490/245 2348/491/245 2349/492/245 
s 1
f 2349/492/246 2348/491/246 2350/493/246 2351/494/246 
s 2
f 2351/494/247 2350/493/247 2352/487/247 2353/488/247 
s 4
f 2341/488/248 2340/495/248 2343/496/248 2346/487/248 
f 2346/487/248 2343/496/248 2345/497/248 2354/490/248 
f 2354/490/248 2345/497/248 2349/498/248 2351/499/248 
f 2351/499/248 2353/489/248 2354/490/248 
s 1
f 2346/488/249 2354/489/249 2355/490/249 2347/487/249 
s 4
f 2352/488/250 2350/495/250 2348/496/250 2355/487/250 
f 2355/487/250 2348/496/250 2344/497/250 2347/490/250 
f 2347/490/250 2344/497/250 2342/498/250 2339/499/250 
f 2339/499/250 2338/489/250 2347/490/250 
s 8
f 2352/500/251 2355/487/251 2354/488/251 2353/501/251 
s 1
f 2356/487/252 2357/488/252 2358/502/252 2359/503/252 
s 2
f 2359/503/253 2358/502/253 2360/504/253 2361/505/253 
s 1
f 2361/505/254 2360/504/254 2362/506/254 2363/507/254 
s 2
f 2363/507/255 2362/506/255 2364/508/255 2365/509/255 
s 1
f 2365/509/256 2364/508/256 2366/510/256 2367/511/256 
s 2
f 2367/511/257 2366/510/257 2368/512/257 2369/513/257 
s 1
f 2369/514/258 2368/515/258 2370/510/258 2371/511/258 
s 2
f 2371/511/259 2370/510/259 2372/516/259 2373/517/259 
s 1
f 2373/517/260 2372/516/260 2345/518/260 2344/519/260 
s 2
f 2344/519/261 2345/518/261 2374/520/261 2375/521/261 
s 1
f 2375/521/262 2374/520/262 2376/502/262 2377/503/262 
s 2
f 2377/503/263 2376/502/263 2357/489/263 2356/490/263 
s 4
f 2371/522/250 2375/523/250 2377/524/250 2369/525/250 
f 2369/525/250 2377/524/250 2356/526/250 2367/527/250 
f 2367/527/250 2356/526/250 2359/528/250 2365/529/250 
f 2365/529/250 2359/528/250 2361/530/250 2363/518/250 
f 2375/523/250 2371/522/250 2373/531/250 2344/519/250 
f 2366/528/248 2360/529/248 2358/527/248 2368/526/248 
f 2368/526/248 2358/527/248 2357/525/248 2370/524/248 
f 2370/524/248 2357/525/248 2376/522/248 2372/523/248 
f 2372/523/248 2376/522/248 2374/531/248 2345/519/248 
f 2360/529/248 2366/528/248 2364/530/248 2362/518/248 
s 1
f 2378/490/264 2379/532/264 2380/533/264 2381/489/264 
s 2
f 2380/533/265 2379/532/265 2382/485/265 2383/486/265 
s 1
f 2383/486/266 2382/485/266 2384/487/266 2385/488/266 
f 2386/490/267 2387/487/267 2388/488/267 2389/489/267 
s 4
f 2378/490/250 2390/487/250 2391/534/250 2379/535/250 
f 2379/535/250 2391/534/250 2392/536/250 2382/537/250 
f 2382/537/250 2392/536/250 2393/538/250 2384/539/250 
f 2384/539/250 2393/538/250 2394/540/250 2395/541/250 
f 2395/541/250 2394/540/250 2387/488/250 2396/542/250 
f 2396/542/250 2387/488/250 2386/489/250 
s 2
f 2385/489/268 2384/490/268 2395/543/268 2397/544/268 
s 1
f 2397/544/269 2395/543/269 2396/545/269 2398/546/269 
s 2
f 2398/546/270 2396/545/270 2386/514/270 2389/515/270 
s 4
f 2381/487/248 2380/547/248 2399/548/248 2400/490/248 
f 2399/548/248 2380/547/248 2383/549/248 2401/550/248 
f 2401/550/248 2383/549/248 2385/551/248 2402/552/248 
f 2402/552/248 2385/551/248 2397/553/248 2403/554/248 
f 2403/554/248 2397/553/248 2398/555/248 2388/489/248 
f 2388/489/248 2398/555/248 2389/488/248 
s 2
f 2387/513/271 2394/556/271 2403/557/271 2388/512/271 
s 1
f 2403/557/272 2394/556/272 2393/558/272 2402/559/272 
s 2
f 2402/559/251 2393/558/251 2392/560/251 2401/561/251 
s 1
f 2401/561/273 2392/560/273 2391/562/273 2399/563/273 
s 2
f 2399/563/274 2391/562/274 2390/487/274 2400/488/274 
s 8
f 2378/487/249 2381/488/249 2400/489/249 2390/490/249 
s 1
f 2404/487/261 2405/488/261 2406/502/261 2407/503/261 
s 2
f 2407/503/262 2406/502/262 2408/516/262 2409/517/262 
s 1
f 2409/517/263 2408/516/263 2385/518/263 2384/519/263 
s 2
f 2384/519/252 2385/518/252 2410/508/252 2411/509/252 
s 1
f 2411/509/253 2410/508/253 2412/510/253 2413/511/253 
s 2
f 2413/511/254 2412/510/254 2414/512/254 2415/513/254 
s 1
f 2415/514/255 2414/515/255 2416/510/255 2417/511/255 
s 2
f 2417/511/256 2416/510/256 2418/504/256 2419/505/256 
s 1
f 2419/505/257 2418/504/257 2420/506/257 2421/507/257 
s 2
f 2421/507/258 2420/506/258 2422/520/258 2423/521/258 
s 1
f 2423/521/259 2422/520/259 2424/502/259 2425/503/259 
s 2
f 2425/503/260 2424/502/260 2405/489/260 2404/490/260 
s 4
f 2417/529/250 2423/522/250 2425/531/250 2415/518/250 
f 2415/518/250 2425/531/250 2404/519/250 2413/530/250 
f 2413/530/250 2404/519/250 2407/523/250 2411/528/250 
f 2411/528/250 2407/523/250 2409/524/250 2384/526/250 
f 2423/522/250 2417/529/250 2419/527/250 2421/525/250 
f 2412/529/248 2408/522/248 2406/531/248 2414/518/248 
f 2414/518/248 2406/531/248 2405/519/248 2416/530/248 
f 2416/530/248 2405/519/248 2424/523/248 2418/528/248 
f 2418/528/248 2424/523/248 2422/524/248 2420/526/248 
f 2408/522/248 2412/529/248 2410/527/248 2385/525/248 
s 1
f 2426/489/260 2427/490/260 2428/503/260 2429/502/260 
s 2
f 2429/502/259 2428/503/259 2430/1010/259 2431/1011/259 
s 1
f 2431/1011/258 2430/1010/258 2432/507/258 2433/506/258 
s 2
f 2433/506/257 2432/507/257 2434/1012/257 2435/1013/257 
s 1
f 2435/1013/256 2434/1012/256 2436/511/256 2437/510/256 
s 2
f 2437/510/255 2436/511/255 2438/514/255 2439/515/255 
s 1
f 2439/512/254 2438/513/254 2440/511/254 2441/510/254 
s 2
f 2441/510/253 2440/511/253 2442/1014/253 2443/1015/253 
s 1
f 2443/1015/252 2442/1014/252 2444/519/252 2445/518/252 
s 2
f 2445/518/263 2444/519/263 2446/1016/263 2447/1017/263 
s 1
f 2447/1017/262 2446/1016/262 2448/503/262 2449/502/262 
s 2
f 2449/502/261 2448/503/261 2427/487/261 2426/488/261 
s 4
f 2441/529/248 2447/522/248 2449/531/248 2439/518/248 
f 2439/518/248 2449/531/248 2426/519/248 2437/530/248 
f 2437/530/248 2426/519/248 2429/523/248 2435/528/248 
f 2435/528/248 2429/523/248 2431/524/248 2433/526/248 
f 2447/522/248 2441/529/248 2443/527/248 2445/525/248 
f 2436/529/250 2430/522/250 2428/531/250 2438/518/250 
f 2438/518/250 2428/531/250 2427/519/250 2440/530/250 
f 2440/530/250 2427/519/250 2448/523/250 2442/528/250 
f 2442/528/250 2448/523/250 2446/524/250 2444/526/250 
f 2430/522/250 2436/529/250 2434/527/250 2432/525/250 
s 1
f 2450/481/241 2451/482/241 2452/483/241 2453/484/241 
s 2
f 2452/483/242 2451/482/242 2454/485/242 2455/486/242 
s 1
f 2455/486/243 2454/485/243 2278/487/243 2456/488/243 
s 2
f 2453/488/244 2457/489/244 2458/490/244 2450/487/244 
f 2456/489/245 2278/490/245 2459/491/245 2460/492/245 
s 1
f 2460/492/246 2459/491/246 2461/493/246 2462/494/246 
s 2
f 2462/494/247 2461/493/247 2463/487/247 2464/488/247 
s 4
f 2453/488/248 2452/495/248 2455/496/248 2457/487/248 
f 2457/487/248 2455/496/248 2456/497/248 2465/490/248 
f 2465/490/248 2456/497/248 2460/498/248 2462/499/248 
f 2462/499/248 2464/489/248 2465/490/248 
s 1
f 2457/488/249 2465/489/249 2466/490/249 2458/487/249 
s 4
f 2463/488/250 2461/495/250 2459/496/250 2466/487/250 
f 2466/487/250 2459/496/250 2278/497/250 2458/490/250 
f 2458/490/250 2278/497/250 2454/498/250 2451/499/250 
f 2451/499/250 2450/489/250 2458/490/250 
s 8
f 2463/500/251 2466/487/251 2465/488/251 2464/501/251 
s 1
f 2287/487/252 2467/488/252 2468/502/252 2286/503/252 
s 2
f 2286/503/253 2468/502/253 2469/504/253 2297/505/253 
s 1
f 2297/505/254 2469/504/254 2470/506/254 2296/507/254 
s 2
f 2296/507/255 2470/506/255 2471/508/255 2295/509/255 
s 1
f 2295/509/256 2471/508/256 2472/510/256 2294/511/256 
s 2
f 2294/511/257 2472/510/257 2473/512/257 2293/513/257 
s 1
f 2293/514/258 2473/515/258 2474/510/258 2292/511/258 
s 2
f 2292/511/259 2474/510/259 2475/516/259 2291/517/259 
s 1
f 2291/517/260 2475/516/260 2476/518/260 2290/519/260 
s 2
f 2290/519/261 2476/518/261 2477/520/261 2289/521/261 
s 1
f 2289/521/262 2477/520/262 2478/502/262 2288/503/262 
s 2
f 2288/503/263 2478/502/263 2467/489/263 2287/490/263 
s 4
f 2292/522/250 2289/523/250 2288/524/250 2293/525/250 
f 2293/525/250 2288/524/250 2287/526/250 2294/527/250 
f 2294/527/250 2287/526/250 2286/528/250 2295/529/250 
f 2295/529/250 2286/528/250 2297/530/250 2296/518/250 
f 2289/523/250 2292/522/250 2291/531/250 2290/519/250 
f 2472/528/248 2469/529/248 2468/527/248 2473/526/248 
f 2473/526/248 2468/527/248 2467/525/248 2474/524/248 
f 2474/524/248 2467/525/248 2478/522/248 2475/523/248 
f 2475/523/248 2478/522/248 2477/531/248 2476/519/248 
f 2469/529/248 2472/528/248 2471/530/248 2470/518/248 
s 1
f 2275/487/252 2479/488/252 2480/502/252 2274/503/252 
s 2
f 2274/503/253 2480/502/253 2481/504/253 2285/505/253 
s 1
f 2285/505/254 2481/504/254 2482/506/254 2284/507/254 
s 2
f 2284/507/255 2482/506/255 2483/508/255 2283/509/255 
s 1
f 2283/509/256 2483/508/256 2484/510/256 2282/511/256 
s 2
f 2282/511/257 2484/510/257 2485/512/257 2281/513/257 
s 1
f 2281/514/258 2485/515/258 2486/510/258 2280/511/258 
s 2
f 2280/511/259 2486/510/259 2487/516/259 2279/517/259 
s 1
f 2279/517/260 2487/516/260 2456/518/260 2278/519/260 
s 2
f 2278/519/261 2456/518/261 2488/520/261 2277/521/261 
s 1
f 2277/521/262 2488/520/262 2489/502/262 2276/503/262 
s 2
f 2276/503/263 2489/502/263 2479/489/263 2275/490/263 
s 4
f 2280/522/250 2277/523/250 2276/524/250 2281/525/250 
f 2281/525/250 2276/524/250 2275/526/250 2282/527/250 
f 2282/527/250 2275/526/250 2274/528/250 2283/529/250 
f 2283/529/250 2274/528/250 2285/530/250 2284/518/250 
f 2277/523/250 2280/522/250 2279/531/250 2278/519/250 
f 2484/528/248 2481/529/248 2480/527/248 2485/526/248 
f 2485/526/248 2480/527/248 2479/525/248 2486/524/248 
f 2486/524/248 2479/525/248 2489/522/248 2487/523/248 
f 2487/523/248 2489/522/248 2488/531/248 2456/519/248 
f 2481/529/248 2484/528/248 2483/530/248 2482/518/248 
s 1
f 2490/481/241 2491/482/241 2492/483/241 2493/484/241 
s 2
f 2492/483/242 2491/482/242 2494/485/242 2495/486/242 
s 1
f 2495/486/243 2494/485/243 2290/487/243 2476/488/243 
s 2
f 2493/488/244 2496/489/244 2497/490/244 2490/487/244 
f 2476/489/245 2290/490/245 2498/491/245 2499/492/245 
s 1
f 2499/492/246 2498/491/246 2500/493/246 2501/494/246 
s 2
f 2501/494/247 2500/493/247 2502/487/247 2503/488/247 
s 4
f 2493/488/248 2492/495/248 2495/496/248 2496/487/248 
f 2496/487/248 2495/496/248 2476/497/248 2504/490/248 
f 2504/490/248 2476/497/248 2499/498/248 2501/499/248 
f 2501/499/248 2503/489/248 2504/490/248 
s 1
f 2496/488/249 2504/489/249 2505/490/249 2497/487/249 
s 4
f 2502/488/250 2500/495/250 2498/496/250 2505/487/250 
f 2505/487/250 2498/496/250 2290/497/250 2497/490/250 
f 2497/490/250 2290/497/250 2494/498/250 2491/499/250 
f 2491/499/250 2490/489/250 2497/490/250 
s 8
f 2502/500/251 2505/487/251 2504/488/251 2503/501/251 
s 1
f 2506/490/264 2507/532/264 2508/533/264 2509/489/264 
s 2
f 2508/533/265 2507/532/265 2510/485/265 2511/486/265 
s 1
f 2511/486/266 2510/485/266 2249/487/266 2512/488/266 
f 2513/490/267 2514/487/267 2515/488/267 2516/489/267 
s 4
f 2506/490/250 2517/487/250 2518/534/250 2507/535/250 
f 2507/535/250 2518/534/250 2519/536/250 2510/537/250 
f 2510/537/250 2519/536/250 2520/538/250 2249/539/250 
f 2249/539/250 2520/538/250 2521/540/250 2522/541/250 
f 2522/541/250 2521/540/250 2514/488/250 2523/542/250 
f 2523/542/250 2514/488/250 2513/489/250 
s 2
f 2512/489/268 2249/490/268 2522/543/268 2524/544/268 
s 1
f 2524/544/269 2522/543/269 2523/545/269 2525/546/269 
s 2
f 2525/546/270 2523/545/270 2513/514/270 2516/515/270 
s 4
f 2509/487/248 2508/547/248 2526/548/248 2527/490/248 
f 2526/548/248 2508/547/248 2511/549/248 2528/550/248 
f 2528/550/248 2511/549/248 2512/551/248 2529/552/248 
f 2529/552/248 2512/551/248 2524/553/248 2530/554/248 
f 2530/554/248 2524/553/248 2525/555/248 2515/489/248 
f 2515/489/248 2525/555/248 2516/488/248 
s 2
f 2514/513/271 2521/556/271 2530/557/271 2515/512/271 
s 1
f 2530/557/272 2521/556/272 2520/558/272 2529/559/272 
s 2
f 2529/559/251 2520/558/251 2519/560/251 2528/561/251 
s 1
f 2528/561/273 2519/560/273 2518/562/273 2526/563/273 
s 2
f 2526/563/274 2518/562/274 2517/487/274 2527/488/274 
s 8
f 2506/487/249 2509/488/249 2527/489/249 2517/490/249 
s 1
f 2252/487/261 2531/488/261 2532/502/261 2251/503/261 
s 2
f 2251/503/262 2532/502/262 2533/516/262 2250/517/262 
s 1
f 2250/517/263 2533/516/263 2512/518/263 2249/519/263 
s 2
f 2249/519/252 2512/518/252 2534/508/252 2248/509/252 
s 1
f 2248/509/253 2534/508/253 2535/510/253 2247/511/253 
s 2
f 2247/511/254 2535/510/254 2536/512/254 2246/513/254 
s 1
f 2246/514/255 2536/515/255 2537/510/255 2245/511/255 
s 2
f 2245/511/256 2537/510/256 2538/504/256 2244/505/256 
s 1
f 2244/505/257 2538/504/257 2539/506/257 2243/507/257 
s 2
f 2243/507/258 2539/506/258 2540/520/258 2242/521/258 
s 1
f 2242/521/259 2540/520/259 2541/502/259 2253/503/259 
s 2
f 2253/503/260 2541/502/260 2531/489/260 2252/490/260 
s 4
f 2245/529/250 2242/522/250 2253/531/250 2246/518/250 
f 2246/518/250 2253/531/250 2252/519/250 2247/530/250 
f 2247/530/250 2252/519/250 2251/523/250 2248/528/250 
f 2248/528/250 2251/523/250 2250/524/250 2249/526/250 
f 2242/522/250 2245/529/250 2244/527/250 2243/525/250 
f 2535/529/248 2533/522/248 2532/531/248 2536/518/248 
f 2536/518/248 2532/531/248 2531/519/248 2537/530/248 
f 2537/530/248 2531/519/248 2541/523/248 2538/528/248 
f 2538/528/248 2541/523/248 2540/524/248 2539/526/248 
f 2533/522/248 2535/529/248 2534/527/248 2512/525/248 
s 1
f 2542/489/260 2543/490/260 2544/503/260 2545/502/260 
s 2
f 2545/502/259 2544/503/259 2264/1010/259 2546/1011/259 
s 1
f 2546/1011/258 2264/1010/258 2547/507/258 2548/506/258 
s 2
f 2548/506/257 2547/507/257 2267/1012/257 2549/1013/257 
s 1
f 2549/1013/256 2267/1012/256 2550/511/256 2551/510/256 
s 2
f 2551/510/255 2550/511/255 2552/514/255 2553/515/255 
s 1
f 2553/512/254 2552/513/254 2554/511/254 2555/510/254 
s 2
f 2555/510/253 2554/511/253 2254/1014/253 2556/1015/253 
s 1
f 2556/1015/252 2254/1014/252 2557/519/252 2558/518/252 
s 2
f 2558/518/263 2557/519/263 2257/1016/263 2559/1017/263 
s 1
f 2559/1017/262 2257/1016/262 2560/503/262 2561/502/262 
s 2
f 2561/502/261 2560/503/261 2543/487/261 2542/488/261 
s 4
f 2555/529/248 2559/522/248 2561/531/248 2553/518/248 
f 2553/518/248 2561/531/248 2542/519/248 2551/530/248 
f 2551/530/248 2542/519/248 2545/523/248 2549/528/248 
f 2549/528/248 2545/523/248 2546/524/248 2548/526/248 
f 2559/522/248 2555/529/248 2556/527/248 2558/525/248 
f 2550/529/250 2264/522/250 2544/531/250 2552/518/250 
f 2552/518/250 2544/531/250 2543/519/250 2554/530/250 
f 2554/530/250 2543/519/250 2560/523/250 2254/528/250 
f 2254/528/250 2560/523/250 2257/524/250 2557/526/250 
f 2264/522/250 2550/529/250 2267/527/250 2547/525/250 
s 1
f 2562/1645/258 2540/1646/258 2539/507/258 2563/506/258 
s 2
f 2563/506/257 2539/507/257 2538/1647/257 2564/1648/257 
s 1
f 2564/1648/256 2538/1647/256 2537/1649/256 2565/1650/256 
s 2
f 2565/1650/255 2537/1649/255 2536/507/255 2566/506/255 
s 1
f 2566/506/254 2536/507/254 2535/1651/254 2567/1652/254 
s 2
f 2567/1652/253 2535/1651/253 2534/1653/253 2568/1654/253 
s 1
f 2568/1654/252 2534/1653/252 2512/519/252 2569/518/252 
s 2
f 2569/518/263 2512/519/263 2533/1655/263 2570/1656/263 
s 1
f 2570/1656/262 2533/1655/262 2532/1653/262 2571/1654/262 
s 2
f 2571/1654/261 2532/1653/261 2531/519/261 2572/518/261 
s 1
f 2572/518/260 2531/519/260 2541/1657/260 2573/1658/260 
s 2
f 2573/1658/259 2541/1657/259 2540/1646/259 2562/1645/259 
s 4
f 2564/528/248 2567/529/248 2568/527/248 2563/526/248 
f 2563/526/248 2568/527/248 2569/525/248 2562/524/248 
f 2562/524/248 2569/525/248 2570/522/248 2573/523/248 
f 2573/523/248 2570/522/248 2571/531/248 2572/519/248 
f 2567/529/248 2564/528/248 2565/530/248 2566/518/248 
f 2540/522/250 2532/523/250 2533/524/250 2539/525/250 
f 2539/525/250 2533/524/250 2512/526/250 2538/527/250 
f 2538/527/250 2512/526/250 2534/528/250 2537/529/250 
f 2537/529/250 2534/528/250 2535/530/250 2536/518/250 
f 2532/523/250 2540/522/250 2541/531/250 2531/519/250 
s 1
f 2574/2054/252 2556/2055/252 2575/519/252 2576/518/252 
s 2
f 2576/518/263 2575/519/263 2559/1655/263 2577/1656/263 
s 1
f 2577/1656/262 2559/1655/262 2578/1653/262 2579/1654/262 
s 2
f 2579/1654/261 2578/1653/261 2580/519/261 2581/518/261 
s 1
f 2581/518/260 2580/519/260 2582/1657/260 2583/1658/260 
s 2
f 2583/1658/259 2582/1657/259 2546/1649/259 2584/1650/259 
s 1
f 2584/1650/258 2546/1649/258 2585/507/258 2586/506/258 
s 2
f 2586/506/257 2585/507/257 2549/1647/257 2587/1648/257 
s 1
f 2587/1648/256 2549/1647/256 2588/1649/256 2589/1650/256 
s 2
f 2589/1650/255 2588/1649/255 2590/507/255 2591/506/255 
s 1
f 2591/506/254 2590/507/254 2592/1651/254 2593/1652/254 
s 2
f 2593/1652/253 2592/1651/253 2556/2055/253 2574/2054/253 
s 4
f 2577/522/248 2583/523/248 2584/524/248 2576/525/248 
f 2576/525/248 2584/524/248 2586/526/248 2574/527/248 
f 2574/527/248 2586/526/248 2587/528/248 2593/529/248 
f 2593/529/248 2587/528/248 2589/530/248 2591/518/248 
f 2583/523/248 2577/522/248 2579/531/248 2581/519/248 
f 2556/528/250 2588/529/250 2549/527/250 2575/526/250 
f 2575/526/250 2549/527/250 2585/525/250 2559/524/250 
f 2559/524/250 2585/525/250 2546/522/250 2578/523/250 
f 2578/523/250 2546/522/250 2582/531/250 2580/519/250 
f 2588/529/250 2556/528/250 2592/530/250 2590/518/250 
s 1
f 2594/1654/252 2480/1653/252 2479/519/252 2595/518/252 
s 2
f 2595/518/263 2479/519/263 2489/1657/263 2596/1658/263 
s 1
f 2596/1658/262 2489/1657/262 2488/1653/262 2597/1654/262 
s 2
f 2597/1654/261 2488/1653/261 2456/519/261 2598/518/261 
s 1
f 2598/518/260 2456/519/260 2487/1647/260 2599/1648/260 
s 2
f 2599/1648/259 2487/1647/259 2486/1649/259 2600/1650/259 
s 1
f 2600/1650/258 2486/1649/258 2485/507/258 2601/506/258 
s 2
f 2601/506/257 2485/507/257 2484/1651/257 2602/1652/257 
s 1
f 2602/1652/256 2484/1651/256 2483/1649/256 2603/1650/256 
s 2
f 2603/1650/255 2483/1649/255 2482/507/255 2604/506/255 
s 1
f 2604/506/254 2482/507/254 2481/1655/254 2605/1656/254 
s 2
f 2605/1656/253 2481/1655/253 2480/1653/253 2594/1654/253 
s 4
f 2596/522/248 2599/523/248 2600/524/248 2595/525/248 
f 2595/525/248 2600/524/248 2601/526/248 2594/527/248 
f 2594/527/248 2601/526/248 2602/528/248 2605/529/248 
f 2605/529/248 2602/528/248 2603/530/248 2604/518/248 
f 2599/523/248 2596/522/248 2597/531/248 2598/519/248 
f 2480/528/250 2483/529/250 2484/527/250 2479/526/250 
f 2479/526/250 2484/527/250 2485/525/250 2489/524/250 
f 2489/524/250 2485/525/250 2486/522/250 2488/523/250 
f 2488/523/250 2486/522/250 2487/531/250 2456/519/250 
f 2483/529/250 2480/528/250 2481/530/250 2482/518/250 
s 1
f 2606/1654/252 2468/1653/252 2467/519/252 2607/518/252 
s 2
f 2607/518/263 2467/519/263 2478/1657/263 2608/1658/263 
s 1
f 2608/1658/262 2478/1657/262 2477/1653/262 2609/1654/262 
s 2
f 2609/1654/261 2477/1653/261 2476/519/261 2610/518/261 
s 1
f 2610/518/260 2476/519/260 2475/1647/260 2611/1648/260 
s 2
f 2611/1648/259 2475/1647/259 2474/1649/259 2612/1650/259 
s 1
f 2612/1650/258 2474/1649/258 2473/507/258 2613/506/258 
s 2
f 2613/506/257 2473/507/257 2472/1651/257 2614/1652/257 
s 1
f 2614/1652/256 2472/1651/256 2471/1649/256 2615/1650/256 
s 2
f 2615/1650/255 2471/1649/255 2470/507/255 2616/506/255 
s 1
f 2616/506/254 2470/507/254 2469/1655/254 2617/1656/254 
s 2
f 2617/1656/253 2469/1655/253 2468/1653/253 2606/1654/253 
s 4
f 2608/522/248 2611/523/248 2612/524/248 2607/525/248 
f 2607/525/248 2612/524/248 2613/526/248 2606/527/248 
f 2606/527/248 2613/526/248 2614/528/248 2617/529/248 
f 2617/529/248 2614/528/248 2615/530/248 2616/518/248 
f 2611/523/248 2608/522/248 2609/531/248 2610/519/248 
f 2468/528/250 2471/529/250 2472/527/250 2467/526/250 
f 2467/526/250 2472/527/250 2473/525/250 2478/524/250 
f 2478/524/250 2473/525/250 2474/522/250 2477/523/250 
f 2477/523/250 2474/522/250 2475/531/250 2476/519/250 
f 2471/529/250 2468/528/250 2469/530/250 2470/518/250 
s 1
f 2618/481/241 2619/482/241 2620/483/241 2621/484/241 
s 2
f 2620/483/242 2619/482/242 2622/485/242 2623/486/242 
s 1
f 2623/486/243 2622/485/243 2598/487/243 2624/488/243 
s 2
f 2621/488/244 2625/489/244 2626/490/244 2618/487/244 
f 2624/489/245 2598/490/245 2627/491/245 2628/492/245 
s 1
f 2628/492/246 2627/491/246 2629/493/246 2630/494/246 
s 2
f 2630/494/247 2629/493/247 2631/487/247 2632/488/247 
s 4
f 2621/488/248 2620/495/248 2623/496/248 2625/487/248 
f 2625/487/248 2623/496/248 2624/497/248 2633/490/248 
f 2633/490/248 2624/497/248 2628/498/248 2630/499/248 
f 2630/499/248 2632/489/248 2633/490/248 
s 1
f 2625/488/249 2633/489/249 2634/490/249 2626/487/249 
s 4
f 2631/488/250 2629/495/250 2627/496/250 2634/487/250 
f 2634/487/250 2627/496/250 2598/497/250 2626/490/250 
f 2626/490/250 2598/497/250 2622/498/250 2619/499/250 
f 2619/499/250 2618/489/250 2626/490/250 
s 8
f 2631/500/251 2634/487/251 2633/488/251 2632/501/251 
s 1
f 2607/487/252 2635/488/252 2636/502/252 2606/503/252 
s 2
f 2606/503/253 2636/502/253 2637/504/253 2617/505/253 
s 1
f 2617/505/254 2637/504/254 2638/506/254 2616/507/254 
s 2
f 2616/507/255 2638/506/255 2639/508/255 2615/509/255 
s 1
f 2615/509/256 2639/508/256 2640/510/256 2614/511/256 
s 2
f 2614/511/257 2640/510/257 2641/512/257 2613/513/257 
s 1
f 2613/514/258 2641/515/258 2642/510/258 2612/511/258 
s 2
f 2612/511/259 2642/510/259 2643/516/259 2611/517/259 
s 1
f 2611/517/260 2643/516/260 2644/518/260 2610/519/260 
s 2
f 2610/519/261 2644/518/261 2645/520/261 2609/521/261 
s 1
f 2609/521/262 2645/520/262 2646/502/262 2608/503/262 
s 2
f 2608/503/263 2646/502/263 2635/489/263 2607/490/263 
s 4
f 2612/522/250 2609/523/250 2608/524/250 2613/525/250 
f 2613/525/250 2608/524/250 2607/526/250 2614/527/250 
f 2614/527/250 2607/526/250 2606/528/250 2615/529/250 
f 2615/529/250 2606/528/250 2617/530/250 2616/518/250 
f 2609/523/250 2612/522/250 2611/531/250 2610/519/250 
f 2640/528/248 2637/529/248 2636/527/248 2641/526/248 
f 2641/526/248 2636/527/248 2635/525/248 2642/524/248 
f 2642/524/248 2635/525/248 2646/522/248 2643/523/248 
f 2643/523/248 2646/522/248 2645/531/248 2644/519/248 
f 2637/529/248 2640/528/248 2639/530/248 2638/518/248 
s 1
f 2595/487/252 2647/488/252 2648/502/252 2594/503/252 
s 2
f 2594/503/253 2648/502/253 2649/504/253 2605/505/253 
s 1
f 2605/505/254 2649/504/254 2650/506/254 2604/507/254 
s 2
f 2604/507/255 2650/506/255 2651/508/255 2603/509/255 
s 1
f 2603/509/256 2651/508/256 2652/510/256 2602/511/256 
s 2
f 2602/511/257 2652/510/257 2653/512/257 2601/513/257 
s 1
f 2601/514/258 2653/515/258 2654/510/258 2600/511/258 
s 2
f 2600/511/259 2654/510/259 2655/516/259 2599/517/259 
s 1
f 2599/517/260 2655/516/260 2624/518/260 2598/519/260 
s 2
f 2598/519/261 2624/518/261 2656/520/261 2597/521/261 
s 1
f 2597/521/262 2656/520/262 2657/502/262 2596/503/262 
s 2
f 2596/503/263 2657/502/263 2647/489/263 2595/490/263 
s 4
f 2600/522/250 2597/523/250 2596/524/250 2601/525/250 
f 2601/525/250 2596/524/250 2595/526/250 2602/527/250 
f 2602/527/250 2595/526/250 2594/528/250 2603/529/250 
f 2603/529/250 2594/528/250 2605/530/250 2604/518/250 
f 2597/523/250 2600/522/250 2599/531/250 2598/519/250 
f 2652/528/248 2649/529/248 2648/527/248 2653/526/248 
f 2653/526/248 2648/527/248 2647/525/248 2654/524/248 
f 2654/524/248 2647/525/248 2657/522/248 2655/523/248 
f 2655/523/248 2657/522/248 2656/531/248 2624/519/248 
f 2649/529/248 2652/528/248 2651/530/248 2650/518/248 
s 1
f 2658/481/241 2659/482/241 2660/483/241 2661/484/241 
s 2
f 2660/483/242 2659/482/242 2662/485/242 2663/486/242 
s 1
f 2663/486/243 2662/485/243 2610/487/243 2644/488/243 
s 2
f 2661/488/244 2664/489/244 2665/490/244 2658/487/244 
f 2644/489/245 2610/490/245 2666/491/245 2667/492/245 
s 1
f 2667/492/246 2666/491/246 2668/493/246 2669/494/246 
s 2
f 2669/494/247 2668/493/247 2670/487/247 2671/488/247 
s 4
f 2661/488/248 2660/495/248 2663/496/248 2664/487/248 
f 2664/487/248 2663/496/248 2644/497/248 2672/490/248 
f 2672/490/248 2644/497/248 2667/498/248 2669/499/248 
f 2669/499/248 2671/489/248 2672/490/248 
s 1
f 2664/488/249 2672/489/249 2673/490/249 2665/487/249 
s 4
f 2670/488/250 2668/495/250 2666/496/250 2673/487/250 
f 2673/487/250 2666/496/250 2610/497/250 2665/490/250 
f 2665/490/250 2610/497/250 2662/498/250 2659/499/250 
f 2659/499/250 2658/489/250 2665/490/250 
s 8
f 2670/500/251 2673/487/251 2672/488/251 2671/501/251 
s 1
f 2674/490/264 2675/532/264 2676/533/264 2677/489/264 
s 2
f 2676/533/265 2675/532/265 2678/485/265 2679/486/265 
s 1
f 2679/486/266 2678/485/266 2569/487/266 2680/488/266 
f 2681/490/267 2682/487/267 2683/488/267 2684/489/267 
s 4
f 2674/490/250 2685/487/250 2686/534/250 2675/535/250 
f 2675/535/250 2686/534/250 2687/536/250 2678/537/250 
f 2678/537/250 2687/536/250 2688/538/250 2569/539/250 
f 2569/539/250 2688/538/250 2689/540/250 2690/541/250 
f 2690/541/250 2689/540/250 2682/488/250 2691/542/250 
f 2691/542/250 2682/488/250 2681/489/250 
s 2
f 2680/489/268 2569/490/268 2690/543/268 2692/544/268 
s 1
f 2692/544/269 2690/543/269 2691/545/269 2693/546/269 
s 2
f 2693/546/270 2691/545/270 2681/514/270 2684/515/270 
s 4
f 2677/487/248 2676/547/248 2694/548/248 2695/490/248 
f 2694/548/248 2676/547/248 2679/549/248 2696/550/248 
f 2696/550/248 2679/549/248 2680/551/248 2697/552/248 
f 2697/552/248 2680/551/248 2692/553/248 2698/554/248 
f 2698/554/248 2692/553/248 2693/555/248 2683/489/248 
f 2683/489/248 2693/555/248 2684/488/248 
s 2
f 2682/513/271 2689/556/271 2698/557/271 2683/512/271 
s 1
f 2698/557/272 2689/556/272 2688/558/272 2697/559/272 
s 2
f 2697/559/251 2688/558/251 2687/560/251 2696/561/251 
s 1
f 2696/561/273 2687/560/273 2686/562/273 2694/563/273 
s 2
f 2694/563/274 2686/562/274 2685/487/274 2695/488/274 
s 8
f 2674/487/249 2677/488/249 2695/489/249 2685/490/249 
s 1
f 2572/487/261 2699/488/261 2700/502/261 2571/503/261 
s 2
f 2571/503/262 2700/502/262 2701/516/262 2570/517/262 
s 1
f 2570/517/263 2701/516/263 2680/518/263 2569/519/263 
s 2
f 2569/519/252 2680/518/252 2702/508/252 2568/509/252 
s 1
f 2568/509/253 2702/508/253 2703/510/253 2567/511/253 
s 2
f 2567/511/254 2703/510/254 2704/512/254 2566/513/254 
s 1
f 2566/514/255 2704/515/255 2705/510/255 2565/511/255 
s 2
f 2565/511/256 2705/510/256 2706/504/256 2564/505/256 
s 1
f 2564/505/257 2706/504/257 2707/506/257 2563/507/257 
s 2
f 2563/507/258 2707/506/258 2708/520/258 2562/521/258 
s 1
f 2562/521/259 2708/520/259 2709/502/259 2573/503/259 
s 2
f 2573/503/260 2709/502/260 2699/489/260 2572/490/260 
s 4
f 2565/529/250 2562/522/250 2573/531/250 2566/518/250 
f 2566/518/250 2573/531/250 2572/519/250 2567/530/250 
f 2567/530/250 2572/519/250 2571/523/250 2568/528/250 
f 2568/528/250 2571/523/250 2570/524/250 2569/526/250 
f 2562/522/250 2565/529/250 2564/527/250 2563/525/250 
f 2703/529/248 2701/522/248 2700/531/248 2704/518/248 
f 2704/518/248 2700/531/248 2699/519/248 2705/530/248 
f 2705/530/248 2699/519/248 2709/523/248 2706/528/248 
f 2706/528/248 2709/523/248 2708/524/248 2707/526/248 
f 2701/522/248 2703/529/248 2702/527/248 2680/525/248 
s 1
f 2710/489/260 2711/490/260 2712/503/260 2713/502/260 
s 2
f 2713/502/259 2712/503/259 2584/1010/259 2714/1011/259 
s 1
f 2714/1011/258 2584/1010/258 2715/507/258 2716/506/258 
s 2
f 2716/506/257 2715/507/257 2587/1012/257 2717/1013/257 
s 1
f 2717/1013/256 2587/1012/256 2718/511/256 2719/510/256 
s 2
f 2719/510/255 2718/511/255 2720/514/255 2721/515/255 
s 1
f 2721/512/254 2720/513/254 2722/511/254 2723/510/254 
s 2
f 2723/510/253 2722/511/253 2574/1014/253 2724/1015/253 
s 1
f 2724/1015/252 2574/1014/252 2725/519/252 2726/518/252 
s 2
f 2726/518/263 2725/519/263 2577/1016/263 2727/1017/263 
s 1
f 2727/1017/262 2577/1016/262 2728/503/262 2729/502/262 
s 2
f 2729/502/261 2728/503/261 2711/487/261 2710/488/261 
s 4
f 2723/529/248 2727/522/248 2729/531/248 2721/518/248 
f 2721/518/248 2729/531/248 2710/519/248 2719/530/248 
f 2719/530/248 2710/519/248 2713/523/248 2717/528/248 
f 2717/528/248 2713/523/248 2714/524/248 2716/526/248 
f 2727/522/248 2723/529/248 2724/527/248 2726/525/248 
f 2718/529/250 2584/522/250 2712/531/250 2720/518/250 
f 2720/518/250 2712/531/250 2711/519/250 2722/530/250 
f 2722/530/250 2711/519/250 2728/523/250 2574/528/250 
f 2574/528/250 2728/523/250 2577/524/250 2725/526/250 
f 2584/522/250 2718/529/250 2587/527/250 2715/525/250 
s 1
f 2423/1645/258 2708/1646/258 2707/507/258 2421/506/258 
s 2
f 2421/506/257 2707/507/257 2706/1647/257 2419/1648/257 
s 1
f 2419/1648/256 2706/1647/256 2705/1649/256 2417/1650/256 
s 2
f 2417/1650/255 2705/1649/255 2704/507/255 2415/506/255 
s 1
f 2415/506/254 2704/507/254 2703/1651/254 2413/1652/254 
s 2
f 2413/1652/253 2703/1651/253 2702/1653/253 2411/1654/253 
s 1
f 2411/1654/252 2702/1653/252 2680/519/252 2384/518/252 
s 2
f 2384/518/263 2680/519/263 2701/1655/263 2409/1656/263 
s 1
f 2409/1656/262 2701/1655/262 2700/1653/262 2407/1654/262 
s 2
f 2407/1654/261 2700/1653/261 2699/519/261 2404/518/261 
s 1
f 2404/518/260 2699/519/260 2709/1657/260 2425/1658/260 
s 2
f 2425/1658/259 2709/1657/259 2708/1646/259 2423/1645/259 
s 4
f 2419/528/248 2413/529/248 2411/527/248 2421/526/248 
f 2421/526/248 2411/527/248 2384/525/248 2423/524/248 
f 2423/524/248 2384/525/248 2409/522/248 2425/523/248 
f 2425/523/248 2409/522/248 2407/531/248 2404/519/248 
f 2413/529/248 2419/528/248 2417/530/248 2415/518/248 
f 2708/522/250 2700/523/250 2701/524/250 2707/525/250 
f 2707/525/250 2701/524/250 2680/526/250 2706/527/250 
f 2706/527/250 2680/526/250 2702/528/250 2705/529/250 
f 2705/529/250 2702/528/250 2703/530/250 2704/518/250 
f 2700/523/250 2708/522/250 2709/531/250 2699/519/250 
s 1
f 2442/2054/252 2724/2055/252 2730/519/252 2731/518/252 
s 2
f 2731/518/263 2730/519/263 2727/1655/263 2446/1656/263 
s 1
f 2446/1656/262 2727/1655/262 2732/1653/262 2733/1654/262 
s 2
f 2733/1654/261 2732/1653/261 2734/519/261 2735/518/261 
s 1
f 2735/518/260 2734/519/260 2736/1657/260 2737/1658/260 
s 2
f 2737/1658/259 2736/1657/259 2714/1649/259 2430/1650/259 
s 1
f 2430/1650/258 2714/1649/258 2738/507/258 2739/506/258 
s 2
f 2739/506/257 2738/507/257 2717/1647/257 2434/1648/257 
s 1
f 2434/1648/256 2717/1647/256 2740/1649/256 2741/1650/256 
s 2
f 2741/1650/255 2740/1649/255 2742/507/255 2743/506/255 
s 1
f 2743/506/254 2742/507/254 2744/1651/254 2745/1652/254 
s 2
f 2745/1652/253 2744/1651/253 2724/2055/253 2442/2054/253 
s 4
f 2446/522/248 2737/523/248 2430/524/248 2731/525/248 
f 2731/525/248 2430/524/248 2739/526/248 2442/527/248 
f 2442/527/248 2739/526/248 2434/528/248 2745/529/248 
f 2745/529/248 2434/528/248 2741/530/248 2743/518/248 
f 2737/523/248 2446/522/248 2733/531/248 2735/519/248 
f 2724/528/250 2740/529/250 2717/527/250 2730/526/250 
f 2730/526/250 2717/527/250 2738/525/250 2727/524/250 
f 2727/524/250 2738/525/250 2714/522/250 2732/523/250 
f 2732/523/250 2714/522/250 2736/531/250 2734/519/250 
f 2740/529/250 2724/528/250 2744/530/250 2742/518/250 
s 1
f 2319/1654/252 2648/1653/252 2647/519/252 2316/518/252 
s 2
f 2316/518/263 2647/519/263 2657/1657/263 2337/1658/263 
s 1
f 2337/1658/262 2657/1657/262 2656/1653/262 2335/1654/262 
s 2
f 2335/1654/261 2656/1653/261 2624/519/261 2304/518/261 
s 1
f 2304/518/260 2624/519/260 2655/1647/260 2333/1648/260 
s 2
f 2333/1648/259 2655/1647/259 2654/1649/259 2331/1650/259 
s 1
f 2331/1650/258 2654/1649/258 2653/507/258 2329/506/258 
s 2
f 2329/506/257 2653/507/257 2652/1651/257 2327/1652/257 
s 1
f 2327/1652/256 2652/1651/256 2651/1649/256 2325/1650/256 
s 2
f 2325/1650/255 2651/1649/255 2650/507/255 2323/506/255 
s 1
f 2323/506/254 2650/507/254 2649/1655/254 2321/1656/254 
s 2
f 2321/1656/253 2649/1655/253 2648/1653/253 2319/1654/253 
s 4
f 2337/522/248 2333/523/248 2331/524/248 2316/525/248 
f 2316/525/248 2331/524/248 2329/526/248 2319/527/248 
f 2319/527/248 2329/526/248 2327/528/248 2321/529/248 
f 2321/529/248 2327/528/248 2325/530/248 2323/518/248 
f 2333/523/248 2337/522/248 2335/531/248 2304/519/248 
f 2648/528/250 2651/529/250 2652/527/250 2647/526/250 
f 2647/526/250 2652/527/250 2653/525/250 2657/524/250 
f 2657/524/250 2653/525/250 2654/522/250 2656/523/250 
f 2656/523/250 2654/522/250 2655/531/250 2624/519/250 
f 2651/529/250 2648/528/250 2649/530/250 2650/518/250 
s 1
f 2359/1654/252 2636/1653/252 2635/519/252 2356/518/252 
s 2
f 2356/518/263 2635/519/263 2646/1657/263 2377/1658/263 
s 1
f 2377/1658/262 2646/1657/262 2645/1653/262 2375/1654/262 
s 2
f 2375/1654/261 2645/1653/261 2644/519/261 2344/518/261 
s 1
f 2344/518/260 2644/519/260 2643/1647/260 2373/1648/260 
s 2
f 2373/1648/259 2643/1647/259 2642/1649/259 2371/1650/259 
s 1
f 2371/1650/258 2642/1649/258 2641/507/258 2369/506/258 
s 2
f 2369/506/257 2641/507/257 2640/1651/257 2367/1652/257 
s 1
f 2367/1652/256 2640/1651/256 2639/1649/256 2365/1650/256 
s 2
f 2365/1650/255 2639/1649/255 2638/507/255 2363/506/255 
s 1
f 2363/506/254 2638/507/254 2637/1655/254 2361/1656/254 
s 2
f 2361/1656/253 2637/1655/253 2636/1653/253 2359/1654/253 
s 4
f 2377/522/248 2373/523/248 2371/524/248 2356/525/248 
f 2356/525/248 2371/524/248 2369/526/248 2359/527/248 
f 2359/527/248 2369/526/248 2367/528/248 2361/529/248 
f 2361/529/248 2367/528/248 2365/530/248 2363/518/248 
f 2373/523/248 2377/522/248 2375/531/248 2344/519/248 
f 2636/528/250 2639/529/250 2640/527/250 2635/526/250 
f 2635/526/250 2640/527/250 2641/525/250 2646/524/250 
f 2646/524/250 2641/525/250 2642/522/250 2645/523/250 
f 2645/523/250 2642/522/250 2643/531/250 2644/519/250 
f 2639/529/250 2636/528/250 2637/530/250 2638/518/250 
# 2510 polygons - 358 triangles

